Location_ID,Store_Latitude,Store_Longitude,Drop_Latitude,Drop_Longitude,Area,Distance_KM,Distance_Category
1,22.745049,75.892471,22.765049,75.912471,Urban ,3.0251492856773803,Short
2,12.913041,77.683237,13.043041,77.813237,Metropolitian ,20.18352972873287,Long
3,12.914264,77.6784,12.924264,77.6884,Urban ,1.5527578022553539,Short
4,11.003669,76.976494,11.053669,77.026494,Metropolitian ,7.790401360105807,Medium
5,12.972793,80.249982,13.012793,80.289982,Metropolitian ,6.210137965623703,Medium
6,17.431668,78.408321,17.461668,78.438321,Urban ,4.610365144356333,Short
7,23.369746,85.33982,23.479746,85.44982,Metropolitian ,16.600361127913082,Long
8,12.352058,76.60665,12.482058,76.73665,Metropolitian ,20.20525323529313,Long
9,17.433809,78.386744,17.563809,78.516744,Metropolitian ,19.97552008622187,Long
10,30.327968,78.046106,30.397968,78.116106,Metropolitian ,10.280582064622465,Medium
11,10.003064,76.307589,10.043064,76.347589,Metropolitian ,6.242318682700942,Medium
12,18.56245,73.916619,18.65245,74.006619,Metropolitian ,13.787860239172238,Medium
13,30.899584,75.809346,30.919584,75.829346,Metropolitian ,2.930257800762021,Short
14,26.463504,80.372929,26.593504,80.502929,Metropolitian ,19.39661829066188,Long
15,19.176269,72.836721,19.266269,72.926721,Metropolitian ,13.763977224427299,Medium
16,12.311072,76.654878,12.351072,76.694878,Metropolitian ,6.218001190187312,Medium
17,18.592718,73.773572,18.702718,73.883572,Metropolitian ,16.849939918016943,Long
18,17.426228,78.407495,17.496228,78.477495,Metropolitian ,10.757108800258175,Medium
19,22.552672,88.352885,22.582672,88.382885,Urban ,4.540574388730574,Short
20,18.563934,73.915367,18.643935,73.995367,Metropolitian ,12.25607644546856,Medium
21,23.357804,85.325146,23.487804,85.455146,Metropolitian ,19.61873934880106,Long
22,11.003669,76.976494,11.013669,76.986494,Metropolitian ,1.5581322655562497,Short
23,12.986047,80.218114,13.116047,80.348114,Metropolitian ,20.18063511411397,Long
24,19.221315,72.862381,19.261315,72.902381,Metropolitian ,6.116971669681921,Medium
25,13.005801,80.250744,13.115801,80.360744,Metropolitian ,17.075594401072465,Long
26,26.849596,75.800512,26.879596,75.830512,Urban ,4.47028648943395,Short
27,21.160522,72.771477,21.250522,72.861477,Metropolitian ,13.682044526080338,Medium
28,12.934179,77.615797,13.024179,77.705797,Metropolitian ,13.97318265391717,Medium
29,18.51421,73.838429,18.62421,73.948429,Urban ,16.85361872985407,Long
30,11.022477,76.995667,11.052477,77.025667,Metropolitian ,4.674172124263596,Short
31,21.160437,72.774209,21.210437,72.824209,Urban ,7.601616771071131,Medium
32,15.51315,73.78346,15.56315,73.83346,Urban ,7.720324413180035,Medium
33,15.561295,73.749478,15.601295,73.789478,Urban ,6.1756362610176,Medium
34,0.0,0.0,0.11,0.11,Urban ,17.29786575291325,Long
35,18.563934,73.915367,18.693935,74.045367,Metropolitian ,19.91468696554527,Long
36,18.55144,73.804855,18.62144,73.874855,Metropolitian ,10.724517748045963,Medium
37,18.593481,73.785901,18.633481,73.825901,Urban ,6.127835452843913,Medium
38,21.173343,72.792731,21.183343,72.802731,Metropolitian ,1.5203573134015245,Short
39,17.451976,78.385883,17.471976,78.405883,Urban ,3.0734537599374083,Short
40,12.972532,77.608179,12.992532,77.628179,Metropolitian ,3.10513147754577,Short
41,12.972532,77.608179,13.042532,77.678179,Metropolitian ,10.86742683448041,Medium
42,13.064181,80.236442,13.134181,80.306442,Metropolitian ,10.865464603780305,Medium
43,21.149569,72.772697,21.239569,72.862697,Metropolitian ,13.682516298591963,Medium
44,19.091458,72.827808,19.201458,72.937808,Metropolitian ,16.826241648658563,Long
45,22.539129,88.365507,22.559129,88.385507,Urban ,3.0272369309751475,Short
46,19.221315,72.862381,19.281315,72.922381,Metropolitian ,9.175193844437283,Medium
47,12.970324,77.645748,13.030324,77.705748,Metropolitian ,9.315069177421467,Medium
48,13.064181,80.236442,13.104181,80.276442,Urban ,6.209021101535329,Medium
49,21.175975,72.795503,21.185975,72.805503,Metropolitian ,1.5203447277394997,Short
50,23.369746,85.33982,23.409746,85.37982,Metropolitian ,6.037225392444489,Medium
51,12.914264,77.6784,13.024264,77.7884,Metropolitian ,17.078665498349924,Long
52,0.0,0.0,0.03,0.03,Metropolitian ,4.717601092054723,Short
53,11.003681,76.975525,11.083681,77.055525,Metropolitian ,12.464329297636855,Medium
54,21.173343,72.792731,21.233343,72.852731,Metropolitian ,9.12142598198074,Medium
55,10.96185,76.971082,11.05185,77.061082,Urban ,14.02323208308413,Medium
56,27.165108,78.015053,27.255108,78.105053,Metropolitian ,13.392612276663753,Medium
57,0.0,0.0,0.08,0.08,Semi-Urban ,12.58026782240096,Medium
58,26.88842,75.800689,26.89842,75.810689,Other,1.4899271643867567,Short
59,0.0,0.0,0.06,0.06,Metropolitian ,9.435201537430713,Medium
60,26.913987,75.752891,26.993987,75.832891,Urban ,11.916582838287255,Medium
61,12.3085,76.665808,12.3385,76.695808,Metropolitian ,4.663566689152346,Short
62,21.183434,72.814492,21.253434,72.884492,Metropolitian ,10.641157729337486,Medium
63,19.254567,72.848923,19.364567,72.958923,Urban ,16.818368923733058,Long
64,18.55144,73.804855,18.59144,73.844855,Metropolitian ,6.128551257918874,Medium
65,25.449659,81.839744,25.469659,81.859744,Metropolitian ,2.9962500366667464,Short
66,30.372202,78.077151,30.422202,78.127151,Metropolitian ,7.342175722857832,Medium
67,0.0,0.0,0.02,0.02,Metropolitian ,3.145067434621583,Short
68,0.0,0.0,0.04,0.04,Urban ,6.290134677634678,Medium
69,12.972793,80.249982,13.062793,80.339982,Metropolitian ,13.972123977178395,Medium
70,21.157735,72.768778,21.197735,72.808778,Urban ,6.0814407970077005,Medium
71,21.186438,72.794115,21.226438,72.834115,Metropolitian ,6.080891507841841,Medium
72,0.0,0.0,0.08,0.08,Urban ,12.58026782240096,Medium
73,17.431477,78.40035,17.491477,78.46035,Metropolitian ,9.220373067021596,Medium
74,0.0,0.0,0.05,0.05,Metropolitian ,7.8626681674103684,Medium
75,13.064181,80.236442,13.154181,80.326442,Metropolitian ,13.969606427684226,Medium
76,12.933298,77.614293,13.023298,77.704293,Metropolitian ,13.97320677313832,Medium
77,22.311358,73.164798,22.351358,73.204798,Metropolitian ,6.058853851668898,Medium
78,12.934365,77.616155,13.044365,77.726155,Metropolitian ,17.07799287216156,Long
79,0.0,0.0,0.11,0.11,Metropolitian ,17.29786575291325,Long
80,13.086438,80.220672,13.196438,80.330672,Metropolitian ,17.07287190639919,Long
81,26.913483,75.803139,26.933483,75.823139,Metropolitian ,2.9795028505763823,Short
82,17.411028,78.329645,17.471028,78.389645,Metropolitian ,9.22086597503729,Medium
83,18.516216,73.842527,18.566216,73.892527,Metropolitian ,7.66133113422064,Medium
84,15.5696,73.742294,15.6096,73.782294,Urban ,6.175516093406556,Medium
85,19.876428,75.364792,19.956428,75.444792,Urban ,12.209856560906877,Medium
86,12.939496,77.625999,12.949496,77.635999,Metropolitian ,1.5526813140975844,Short
87,17.433809,78.386744,17.543809,78.496744,Metropolitian ,16.902806732498597,Long
88,23.374878,85.335739,23.384878,85.345739,Metropolitian ,1.5093577696342253,Short
89,-27.163303,78.057044,27.233303,78.127044,Metropolitian ,6048.631240095336,Very Long
90,22.74806,75.8934,22.76806,75.9134,Urban ,3.0251186390180176,Short
91,26.891191,75.802083,26.981191,75.892083,Metropolitian ,13.407092693002163,Medium
92,21.160437,72.774209,21.270437,72.884209,Metropolitian ,16.721976048741656,Long
93,12.316967,76.603067,12.366967,76.653067,Metropolitian ,7.772343594464188,Medium
94,18.927584,72.832585,19.017584,72.922585,Metropolitian ,13.773737657079213,Medium
95,11.022298,76.998349,11.072298,77.048349,Metropolitian ,7.790158927085036,Medium
96,12.325461,76.632278,12.365461,76.672278,Metropolitian ,6.217834398579603,Medium
97,18.530963,73.828972,18.640963,73.938972,Metropolitian ,16.852834881459735,Long
98,17.458998,78.500366,17.488998,78.530366,Urban ,4.610035602261126,Short
99,19.1813,72.836191,19.3113,72.966191,Metropolitian ,19.87987067737402,Long
100,11.022477,76.995667,11.032477,77.005667,Urban ,1.5580833985943423,Short
101,22.727021,75.884167,22.747021,75.904167,Urban ,3.0253327061731827,Short
102,12.979166,77.640709,13.069166,77.730709,Metropolitian ,13.971948960174704,Medium
103,18.994237,72.825553,19.104237,72.935553,Urban ,16.830905551931515,Long
104,12.284747,76.625861,12.414747,76.755861,Metropolitian ,20.20779793335838,Long
105,21.175975,72.795503,21.195975,72.815503,Urban ,3.040641621538215,Short
106,11.000762,76.981876,11.130762,77.111876,Metropolitian ,20.253785359470154,Long
107,21.173343,72.792731,21.283343,72.902731,Metropolitian ,16.721296009802852,Long
108,26.479108,80.315042,26.499108,80.335042,Metropolitian ,2.984550789786577,Short
109,21.175104,72.804342,21.255104,72.884342,Metropolitian ,12.161450531436996,Medium
110,19.176269,72.836721,19.286269,72.946721,Metropolitian ,16.822155609316784,Long
111,12.975377,77.696664,13.025377,77.746664,Metropolitian ,7.762556904358387,Medium
112,23.359194,85.325447,23.419194,85.385447,Metropolitian ,9.055855161965688,Medium
113,12.297954,76.665169,12.307954,76.675169,Other,1.5545816630915406,Short
114,23.359407,85.325055,23.439407,85.405055,Urban ,12.074047498027545,Medium
115,23.416792,85.316842,23.506792,85.406842,Metropolitian ,13.58037387628081,Medium
116,26.892312,75.806896,26.922313,75.836896,Metropolitian ,4.469620875558469,Short
117,22.761593,75.886362,22.871593,75.996362,Metropolitian ,16.634870118211385,Long
118,11.026117,76.944652,11.066117,76.984652,Metropolitian ,6.232139486668676,Medium
119,13.064181,80.236442,13.104181,80.276442,Metropolitian ,6.209021101535329,Medium
120,26.483042,80.317833,26.533042,80.367833,Metropolitian ,7.460830127736771,Medium
121,23.359033,85.325347,23.469033,85.435347,Metropolitian ,16.60097570059501,Long
122,22.569358,88.433452,22.599358,88.463452,Metropolitian ,4.5403213728916425,Short
123,12.914264,77.6784,12.994264,77.7584,Metropolitian ,12.421212735966272,Medium
124,19.121999,72.908493,19.161999,72.948493,Metropolitian ,6.118711846690412,Medium
125,21.157729,72.768726,21.167729,72.778726,Urban ,1.5204319479995732,Short
126,22.311603,73.165012,22.371603,73.225012,Metropolitian ,9.087972744660556,Medium
127,18.536562,73.896485,18.556562,73.916485,Metropolitian ,3.064487105761538,Short
128,22.745536,75.893106,22.765536,75.913106,Metropolitian ,3.025144329113472,Short
129,12.939496,77.625999,12.989496,77.675999,Metropolitian ,7.7631027847272,Medium
130,17.426228,78.407495,17.436228,78.417495,Metropolitian ,1.5368503798527686,Short
131,12.934365,77.616155,13.024365,77.706155,Metropolitian ,13.973177561576211,Medium
132,11.003669,76.976494,11.063669,77.036494,Metropolitian ,9.34840352266177,Medium
133,22.311358,73.164798,22.381358,73.234798,Metropolitian ,10.602467987619454,Medium
134,12.986047,80.218114,13.096047,80.328114,Metropolitian ,17.076258901182708,Long
135,17.41233,78.449654,17.47233,78.509654,Metropolitian ,9.22083460710919,Medium
136,21.17106,72.789292,21.25106,72.869292,Metropolitian ,12.161605446009546,Medium
137,21.186884,72.793616,21.226884,72.833616,Urban ,6.08088296759392,Medium
138,11.026117,76.944652,11.056117,76.974652,Metropolitian ,4.674143698976654,Short
139,19.065838,72.832658,19.135838,72.902658,Metropolitian ,10.709003371535461,Medium
140,12.98041,77.640489,13.04041,77.700489,Other,9.314884732862103,Medium
141,11.022477,76.995667,11.132477,77.105667,Metropolitian ,17.137482577838096,Long
142,0.0,0.0,0.01,0.01,Metropolitian ,1.5725337292863206,Short
143,12.310972,76.659264,12.350972,76.699264,Metropolitian ,6.218002348694166,Medium
144,11.025083,77.015393,11.105083,77.095393,Metropolitian ,12.463883024166929,Medium
145,12.316967,76.603067,12.446967,76.733067,Urban ,20.2065815105083,Long
146,22.538731,88.364878,22.598731,88.424878,Metropolitian ,9.081116432460675,Medium
147,11.001753,76.986241,11.111753,77.096241,Urban ,17.138077427627362,Long
148,22.310237,73.158921,22.400237,73.248921,Metropolitian ,13.631343698143361,Medium
149,23.359033,85.325347,23.439033,85.405347,Metropolitian ,12.074063090453254,Medium
150,18.593481,73.785901,18.663481,73.855901,Metropolitian ,10.72326417216742,Medium
151,21.186438,72.794115,21.236438,72.844115,Metropolitian ,7.600994631258499,Medium
152,22.725748,75.898497,22.775748,75.948497,Metropolitian ,7.562982485199944,Medium
153,0.0,0.0,0.07,0.07,Metropolitian ,11.007734763744619,Medium
154,17.450851,78.379347,17.540851,78.469347,Metropolitian ,13.829314445199007,Medium
155,13.081878,80.248519,13.171878,80.338519,Metropolitian ,13.969116967729818,Medium
156,10.035573,76.336958,10.105573,76.406958,Urban ,10.923267458246297,Medium
157,22.308096,73.167753,22.388096,73.247753,Metropolitian ,12.117036432265767,Medium
158,12.975996,80.221898,12.985996,80.231898,Metropolitian ,1.5525704156530522,Short
159,19.178321,72.834715,19.188321,72.844715,Metropolitian ,1.5294972211336797,Short
160,0.0,0.0,0.06,0.06,Urban ,9.435201537430713,Medium
161,26.910262,75.783013,26.990262,75.863013,Metropolitian ,11.916757259074872,Medium
162,25.443994,81.860187,25.513994,81.930187,Metropolitian ,10.486117701549048,Medium
163,23.359194,85.325447,23.449194,85.415447,Metropolitian ,13.583078662316938,Medium
164,17.458998,78.500366,17.508998,78.550366,Metropolitian ,7.6831914051315415,Medium
165,18.530963,73.828972,18.590963,73.888972,Urban ,9.193093962702367,Medium
166,12.321214,76.621094,12.361214,76.661094,Metropolitian ,6.217883647558787,Medium
167,12.3085,76.665808,12.3685,76.725808,Metropolitian ,9.3268725291157,Medium
168,19.055831,72.833984,19.115831,72.893984,Metropolitian ,9.179538450825504,Medium
169,12.337928,76.617889,12.407928,76.687889,Metropolitian ,10.880651848535361,Medium
170,23.351489,85.324253,23.421489,85.394253,Metropolitian ,10.565262855251573,Medium
171,22.728163,75.884212,22.808163,75.964212,Metropolitian ,12.100062421151955,Medium
172,13.026286,80.275235,13.056286,80.305235,Metropolitian ,4.657159718108008,Short
173,26.766536,75.837333,26.786536,75.857333,Metropolitian ,2.9812178551917157,Short
174,21.149834,72.778666,21.179834,72.808666,Metropolitian ,4.561265632840908,Short
175,12.3085,76.665808,12.3985,76.755808,Semi-Urban ,13.989916877276224,Medium
176,21.149669,72.772629,21.219669,72.842629,Metropolitian ,10.64228895373847,Medium
177,17.411028,78.329645,17.451028,78.369645,Metropolitian ,6.1474046526362285,Medium
178,26.482581,80.315628,26.572581,80.405628,Metropolitian ,13.428477357470477,Medium
179,12.284747,76.625861,12.344747,76.685861,Metropolitian ,9.327285157960466,Medium
180,26.911378,75.789034,26.921378,75.799034,Metropolitian ,1.489792976782923,Short
181,13.02978,80.208812,13.10978,80.288812,Metropolitian ,12.418394742110715,Medium
182,12.323194,76.630583,12.363194,76.670583,Metropolitian ,6.21786068914486,Medium
183,18.563934,73.915367,18.653934,74.005367,Metropolitian ,13.787803344502166,Medium
184,22.569367,88.433187,22.629367,88.493187,Metropolitian ,9.080187058762698,Medium
185,12.949934,77.699386,13.009934,77.759386,Metropolitian ,9.315441635500324,Medium
186,21.175975,72.795503,21.255975,72.875503,Urban ,12.161417162420864,Medium
187,22.725835,75.887648,22.835835,75.997648,Metropolitian ,16.6368750388607,Long
188,18.536562,73.896485,18.596562,73.956485,Metropolitian ,9.192951167083816,Medium
189,23.416792,85.316842,23.436792,85.336842,Metropolitian ,3.018226484999582,Short
190,30.89286,75.822199,30.92286,75.852199,Metropolitian ,4.395420246829279,Short
191,12.310972,76.659264,12.330972,76.679264,Metropolitian ,3.109059104393339,Short
192,26.913987,75.752891,26.993987,75.832891,Metropolitian ,11.916582838287255,Medium
193,11.001753,76.986241,11.021753,77.006241,Other,3.1162485097897914,Short
194,22.310237,73.158921,22.390237,73.238921,Metropolitian ,12.116950608888649,Medium
195,12.933284,77.615428,13.003284,77.685428,Metropolitian ,10.868263117988304,Medium
196,12.297954,76.665169,12.337954,76.705169,Metropolitian ,6.218153086065569,Medium
197,12.352058,76.60665,12.362058,76.61665,Metropolitian ,1.5544249758899429,Short
198,13.086438,80.220672,13.146439,80.280672,Metropolitian ,9.313017158715258,Medium
199,17.429585,78.392621,17.469585,78.432621,Metropolitian ,6.147106622705237,Medium
200,12.978453,77.643685,13.048453,77.713685,Metropolitian ,10.867300462045637,Medium
201,13.044694,80.26147,13.084694,80.30147,Urban ,6.2092598820424385,Medium
202,12.98041,77.640489,13.11041,77.770489,Metropolitian ,20.18085916835192,Long
203,26.846156,75.8023,26.926156,75.8823,Other,11.919755989352518,Medium
204,25.449659,81.839744,25.479659,81.869744,Metropolitian ,4.494291162003691,Short
205,26.911927,75.797282,27.051927,75.937282,Metropolitian ,20.851726357533593,Long
206,10.020683,76.310631,10.030683,76.320631,Metropolitian ,1.5605734793802433,Short
207,12.935662,77.61413,12.975662,77.65413,Metropolitian ,6.210589610313767,Medium
208,15.585658,73.743606,15.625658,73.783606,Metropolitian ,6.175283575307921,Medium
209,0.0,0.0,0.13,0.13,Metropolitian ,20.44292976252901,Long
210,17.429585,78.392621,17.519585,78.482621,Metropolitian ,13.830084721845129,Medium
211,26.766536,75.837333,26.896536,75.967333,Metropolitian ,19.373745834955248,Long
212,26.846156,75.8023,26.986156,75.9423,Metropolitian ,20.857115324129346,Long
213,26.913987,75.752891,27.053987,75.892891,Metropolitian ,20.85155740266031,Long
214,22.310526,73.170937,22.420526,73.280937,Other,16.659963190056956,Long
215,12.972532,77.608179,13.022532,77.658179,Urban ,7.76260023979046,Medium
216,19.103249,72.846749,19.193249,72.936749,Metropolitian ,13.766855008587,Medium
217,17.426228,78.407495,17.506228,78.487495,Metropolitian ,12.29367767357356,Medium
218,26.471617,80.313564,26.491617,80.333564,Metropolitian ,2.984637269285578,Short
219,19.866969,75.318894,19.976969,75.428894,Metropolitian ,16.788275862514016,Long
220,18.593481,73.785901,18.603481,73.795901,Metropolitian ,1.5320227740635555,Short
221,12.906229,77.596791,12.986229,77.676791,Metropolitian ,12.421407858788074,Medium
222,26.482581,80.315628,26.552581,80.385628,Metropolitian ,10.444776155165613,Medium
223,12.933298,77.614293,13.013298,77.694293,Metropolitian ,12.42075005031394,Medium
224,22.751857,75.866699,22.881857,75.996699,Urban ,19.65937352744409,Long
225,11.010375,76.95295,11.090375,77.03295,Urban ,12.46418980459395,Medium
226,17.483216,78.552111,17.523216,78.592111,Metropolitian ,6.146243658393976,Medium
227,27.160934,78.044095,27.220934,78.104095,Metropolitian ,8.929086888936338,Medium
228,11.006686,76.951736,11.056686,77.001736,Metropolitian ,7.790362124533636,Medium
229,0.0,0.0,0.08,0.08,Metropolitian ,12.58026782240096,Medium
230,25.457687,81.835585,25.497687,81.875585,Urban ,5.992096714696384,Medium
231,19.12663,72.829976,19.13663,72.839976,Metropolitian ,1.5297232853102503,Short
232,19.875016,75.322405,19.965016,75.412405,Urban ,13.73594217639658,Medium
233,19.178321,72.834715,19.248321,72.904715,Metropolitian ,10.705559922396493,Medium
234,13.026279,80.174568,13.046279,80.194568,Metropolitian ,3.1048037532854202,Short
235,17.455894,78.375467,17.485894,78.405467,Metropolitian ,4.610073053799367,Short
236,21.149834,72.778666,21.209834,72.838666,Metropolitian ,9.122100805601539,Medium
237,11.022477,76.995667,11.092477,77.065667,Urban ,10.906036622245397,Medium
238,22.310237,73.158921,22.370237,73.218921,Urban ,9.088013799330726,Medium
239,11.010375,76.95295,11.050375,76.99295,Metropolitian ,6.232303380307374,Medium
240,22.745049,75.892471,22.835049,75.982471,Metropolitian ,13.611566722125016,Medium
241,22.74806,75.8934,22.83806,75.9834,Metropolitian ,13.611428630407518,Medium
242,19.178321,72.834715,19.268321,72.924715,Metropolitian ,13.763896210757894,Medium
243,12.979096,77.640625,13.009096,77.670625,Metropolitian ,4.657591594951663,Short
244,27.163303,78.057044,27.293303,78.187044,Metropolitian ,19.343487217443105,Long
245,26.482419,80.320939,26.502419,80.340939,Metropolitian ,2.9845125598688216,Short
246,22.310237,73.158921,22.350237,73.198921,Metropolitian ,6.058876303739538,Medium
247,22.307898,73.167788,22.367898,73.227788,Metropolitian ,9.08808409216373,Medium
248,27.160832,78.011608,27.230832,78.081608,Metropolitian ,10.417065790358764,Medium
249,10.027014,76.308053,10.137014,76.418053,Metropolitian ,17.16483390268399,Long
250,30.890184,75.829615,31.000184,75.939615,Metropolitian ,16.113872411826254,Long
251,11.003681,76.975525,11.133681,77.105525,Metropolitian ,20.253686339517657,Long
252,12.986047,80.218114,13.096047,80.328114,Urban ,17.076258901182708,Long
253,21.15276,72.778059,21.28276,72.908059,Metropolitian ,19.76218981785956,Long
254,22.753839,75.897429,22.773839,75.917429,Other,3.0250598092769923,Short
255,19.876106,75.340775,20.006106,75.470775,Metropolitian ,19.83956144193532,Long
256,13.005801,80.250744,13.115801,80.360744,Urban ,17.075594401072465,Long
257,12.933298,77.614293,12.943298,77.624293,Metropolitian ,1.5527001159062177,Short
258,30.328174,78.049117,30.398174,78.119117,Metropolitian ,10.280572823486368,Medium
259,13.058616,80.264151,13.138616,80.344151,Metropolitian ,12.41768756419937,Medium
260,26.911927,75.797282,26.971927,75.857282,Other,8.937860881830986,Medium
261,-27.165108,78.015053,27.225108,78.075053,Metropolitian ,6047.919477618645,Very Long
262,22.307898,73.167788,22.417898,73.277788,Urban ,16.660108123692734,Long
263,21.170096,72.789122,21.220096,72.839122,Urban ,7.601385733165002,Medium
264,30.905562,75.832841,30.995562,75.922841,Metropolitian ,13.183763612802506,Medium
265,26.849596,75.800512,26.989596,75.940512,Metropolitian ,20.856833724898244,Long
266,11.003681,76.975525,11.043681,77.015525,Metropolitian ,6.232373004508207,Medium
267,27.163303,78.057044,27.243303,78.137044,Metropolitian ,11.904865487130733,Medium
268,21.157729,72.768726,21.247729,72.858726,Other,13.682164847733418,Medium
269,26.902328,75.794257,26.932328,75.824257,Metropolitian ,4.469362226704669,Short
270,26.90519,75.810753,26.99519,75.900753,Urban ,13.406355455305173,Medium
271,17.428294,78.404423,17.448294,78.424423,Metropolitian ,3.0736440277233705,Short
272,12.316967,76.603067,12.446967,76.733067,Metropolitian ,20.2065815105083,Long
273,12.975377,77.696664,13.055377,77.776664,Urban ,12.419724873245672,Medium
274,13.026286,80.275235,13.046286,80.295235,Metropolitian ,3.10480371051839,Short
275,12.323978,76.627961,12.453978,76.757961,Urban ,20.206316416481208,Long
276,11.025083,77.015393,11.055083,77.045393,Urban ,4.674151774555243,Short
277,12.933284,77.615428,12.953284,77.635428,Metropolitian ,3.1053699758611257,Short
278,26.492106,80.327797,26.562106,80.397797,Metropolitian ,10.44439086222839,Medium
279,19.003517,72.82765,19.073517,72.89765,Urban ,10.710903359654141,Medium
280,10.994136,76.963303,11.024136,76.993303,Metropolitian ,4.674393132741266,Short
281,17.440827,78.393391,17.510827,78.463391,Metropolitian ,10.756697879102664,Medium
282,19.12663,72.829976,19.20663,72.909976,Metropolitian ,12.236561539555195,Medium
283,12.297954,76.665169,12.327954,76.695169,Metropolitian ,4.66365822992199,Short
284,22.308096,73.167753,22.318096,73.177753,Urban ,1.514804895193716,Short
285,12.323194,76.630583,12.343194,76.650583,Urban ,3.1089883297664818,Short
286,17.450851,78.379347,17.510851,78.439347,Metropolitian ,9.219905581617374,Medium
287,18.543626,73.905101,18.623626,73.985101,Urban ,12.256687342592544,Medium
288,0.0,0.0,0.03,0.03,Urban ,4.717601092054723,Short
289,12.304569,76.643622,12.364569,76.703622,Urban ,9.326940869812669,Medium
290,12.299524,76.64262,12.369524,76.71262,Metropolitian ,10.881431823102693,Medium
291,26.849596,75.800512,26.869596,75.820512,Metropolitian ,2.980249384918674,Short
292,19.003517,72.82765,19.013517,72.83765,Urban ,1.530259489433465,Short
293,21.160522,72.771477,21.210522,72.821477,Metropolitian ,7.601614738321658,Medium
294,22.728163,75.884212,22.858163,76.014212,Metropolitian ,19.660943947619387,Long
295,22.31279,73.170283,22.38279,73.240283,Metropolitian ,10.60241776436213,Medium
296,12.98041,77.640489,13.06041,77.720489,Urban ,12.419602041029952,Medium
297,19.131141,72.813074,19.16114,72.843074,Metropolitian ,4.588898780684235,Short
298,17.433809,78.386744,17.523809,78.476744,Metropolitian ,13.829931792650669,Medium
299,17.428294,78.404423,17.558294,78.534423,Metropolitian ,19.975808791438837,Long
300,19.879631,75.323403,19.899631,75.343403,Metropolitian ,3.052706857073804,Short
301,19.091458,72.827808,19.151458,72.887808,Urban ,9.178605957041263,Medium
302,26.849596,75.800512,26.859596,75.810512,Urban ,1.4901538808202175,Short
303,12.934179,77.615797,12.954179,77.635797,Urban ,3.1053645449071565,Short
304,18.520016,73.830547,18.570016,73.880547,Metropolitian ,7.661250453808475,Medium
305,21.170798,72.790489,21.280798,72.900489,Metropolitian ,16.721430138856057,Long
306,18.563934,73.915367,18.603935,73.955367,Metropolitian ,6.128419378458112,Medium
307,22.760072,75.892574,22.850072,75.982574,Metropolitian ,13.61087757567187,Medium
308,19.12663,72.829976,19.16663,72.869976,Other,6.118630884411828,Medium
309,22.761226,75.887522,22.821226,75.947522,Metropolitian ,9.074342229264849,Medium
310,19.178321,72.834715,19.198321,72.854715,Urban ,3.0589506421329244,Short
311,21.149834,72.778666,21.199834,72.828666,Metropolitian ,7.60187028254755,Medium
312,26.88842,75.800689,26.89842,75.810689,Metropolitian ,1.4899271643867567,Short
313,12.297954,76.665169,12.307954,76.675169,Metropolitian ,1.5545816630915406,Short
314,17.458998,78.500366,17.518998,78.560366,Urban ,9.219708856173831,Medium
315,23.354422,85.3329,23.484422,85.4629,Metropolitian ,19.618968653878404,Long
316,13.044694,80.26147,13.084694,80.30147,Metropolitian ,6.2092598820424385,Medium
317,23.416792,85.316842,23.456792,85.356842,Metropolitian ,6.036244196933848,Medium
318,18.520016,73.830547,18.630016,73.940547,Metropolitian ,16.853347148215562,Long
319,22.722634,75.886959,22.812634,75.976959,Metropolitian ,13.612594236926364,Medium
320,12.304569,76.643622,12.354569,76.693622,Metropolitian ,7.772523200443598,Medium
321,21.175104,72.804342,21.245104,72.874342,Metropolitian ,10.64143695507064,Medium
322,12.935662,77.61413,13.015662,77.69413,Metropolitian ,12.4206925399653,Medium
323,21.17106,72.789292,21.21106,72.829292,Metropolitian ,6.081185877714354,Medium
324,17.450851,78.379347,17.500851,78.429347,Urban ,7.6833552999308585,Medium
325,22.526461,88.364453,22.576461,88.414453,Metropolitian ,7.568033295671713,Medium
326,23.371292,85.327872,23.441292,85.397872,Metropolitian ,10.564540523828766,Medium
327,18.520016,73.830547,18.530016,73.840547,Metropolitian ,1.5323350156093773,Short
328,13.029198,77.570997,13.059198,77.600997,Metropolitian ,4.657133018843544,Short
329,23.416792,85.316842,23.476792,85.376842,Metropolitian ,9.054052950169236,Medium
330,18.546258,73.904337,18.656258,74.014337,Metropolitian ,16.852118690780152,Long
331,13.026286,80.275235,13.136286,80.385235,Metropolitian ,17.07490429604153,Long
332,26.921411,75.793604,26.981411,75.853604,Urban ,8.937527873529593,Medium
333,22.552672,88.352885,22.642672,88.442885,Metropolitian ,13.620357163029286,Medium
334,12.352058,76.60665,12.432058,76.68665,Metropolitian ,12.434585525065135,Medium
335,11.022298,76.998349,11.132298,77.108349,Metropolitian ,17.137487720369034,Long
336,11.008638,76.984311,11.068638,77.044311,Metropolitian ,9.348325936764757,Medium
337,21.149669,72.772629,21.199669,72.822629,Metropolitian ,7.601874226721306,Medium
338,12.972161,77.596014,13.002161,77.626014,Metropolitian ,4.657654937060371,Short
339,13.049645,80.242268,13.139645,80.332268,Metropolitian ,13.970007989573654,Medium
340,17.430448,78.418213,17.520448,78.508213,Urban ,13.830053479838757,Medium
341,30.372202,78.077151,30.442202,78.147151,Metropolitian ,10.278596687704232,Medium
342,19.176269,72.836721,19.216269,72.876721,Metropolitian ,6.117761953594076,Medium
343,23.351489,85.324253,23.411489,85.384253,Metropolitian ,9.056095962461821,Medium
344,0.0,0.0,0.04,0.04,Metropolitian ,6.290134677634678,Medium
345,18.530963,73.828972,18.590963,73.888972,Metropolitian ,9.193093962702367,Medium
346,26.766536,75.837333,26.826536,75.897333,Metropolitian ,8.942954308598857,Medium
347,22.722634,75.886959,22.762634,75.926959,Metropolitian ,6.050551152463514,Medium
348,12.98041,77.640489,13.01041,77.670489,Metropolitian ,4.657579589646416,Short
349,22.307898,73.167788,22.417898,73.277788,Metropolitian ,16.660108123692734,Long
350,19.874733,75.353942,19.984733,75.463942,Metropolitian ,16.78788895084062,Long
351,13.045479,80.23311,13.155479,80.34311,Urban ,17.07425677879506,Long
352,26.956431,75.776649,27.046431,75.866649,Metropolitian ,13.403654333870259,Medium
353,10.027014,76.308053,10.157014,76.438053,Metropolitian ,20.285402098848916,Long
354,11.008638,76.984311,11.138638,77.114311,Metropolitian ,20.253518127453454,Long
355,13.022394,80.242439,13.112394,80.332439,Urban ,13.970759660747298,Medium
356,19.065838,72.832658,19.175838,72.942658,Urban ,16.827472773146546,Long
357,22.75004,75.902847,22.78004,75.932847,Metropolitian ,4.537571350180904,Short
358,21.173493,72.801953,21.203493,72.831953,Metropolitian ,4.56092627806632,Short
359,13.029198,77.570997,13.039198,77.580997,Urban ,1.5524082366564882,Short
360,13.026279,80.174568,13.036279,80.184568,Urban ,1.5524171512663978,Short
361,13.091809,80.219104,13.131809,80.259104,Metropolitian ,6.208681984040334,Medium
362,0.0,0.0,0.13,0.13,Urban ,20.44292976252901,Long
363,22.308096,73.167753,22.348096,73.207753,Metropolitian ,6.058919182290554,Medium
364,21.183434,72.814492,21.203434,72.834492,Metropolitian ,3.040570257157571,Short
365,18.533811,73.899315,18.623811,73.989315,Metropolitian ,13.788957415778432,Medium
366,11.003681,76.975525,11.053681,77.025525,Metropolitian ,7.790401204068435,Medium
367,21.149669,72.772629,21.279669,72.902629,Urban ,19.762382255532415,Long
368,12.975377,77.696664,13.045377,77.766664,Urban ,10.86736612025195,Medium
369,22.311358,73.164798,22.421358,73.274798,Metropolitian ,16.659917302375856,Long
370,12.986047,80.218114,13.056047,80.288114,Urban ,10.867138302160235,Medium
371,21.175975,72.795503,21.285975,72.905503,Metropolitian ,16.721157280760078,Long
372,15.496162,73.825364,15.536162,73.865364,Urban ,6.1765766119532595,Medium
373,26.913726,75.75282,26.933726,75.77282,Metropolitian ,2.9795000083815664,Short
374,22.569367,88.433187,22.639367,88.503187,Metropolitian ,10.593374354489539,Medium
375,21.170798,72.790489,21.300798,72.920489,Urban ,19.761066328271667,Long
376,22.74806,75.8934,22.75806,75.9034,Metropolitian ,1.512584768578813,Short
377,30.895817,75.813112,30.905817,75.823112,Metropolitian ,1.465185811092148,Short
378,23.357804,85.325146,23.417804,85.385146,Metropolitian ,9.055898607911567,Medium
379,11.010375,76.95295,11.090375,77.03295,Metropolitian ,12.46418980459395,Medium
380,19.120083,72.907385,19.190083,72.977385,Metropolitian ,10.707345040407779,Medium
381,12.906229,77.596791,13.016229,77.706791,Urban ,17.078934089495423,Long
382,27.161661,78.011544,27.241661,78.091544,Metropolitian ,11.904942936168032,Medium
383,12.337928,76.617889,12.347928,76.627889,Metropolitian ,1.5544659606027853,Short
384,13.066762,80.251865,13.076762,80.261865,Urban ,1.5522933461656467,Short
385,10.994136,76.963303,11.074136,77.043303,Metropolitian ,12.464528059716645,Medium
386,17.440827,78.393391,17.550827,78.503391,Metropolitian ,16.902495928547932,Long
387,11.003681,76.975525,11.033681,77.005525,Metropolitian ,4.674318760489688,Short
388,13.066762,80.251865,13.116762,80.301865,Metropolitian ,7.761160094159413,Medium
389,21.160437,72.774209,21.200437,72.814209,Urban ,6.08138911667686,Medium
390,19.091458,72.827808,19.111458,72.847808,Metropolitian ,3.059709961318304,Short
391,0.0,0.0,0.07,0.07,Urban ,11.007734763744619,Medium
392,30.362686,78.06889,30.492686,78.19889,Metropolitian ,19.087110814122113,Long
393,22.725748,75.898497,22.755747,75.928497,Other,4.537860442229112,Short
394,17.410371,78.437225,17.520371,78.547225,Metropolitian ,16.903843893840016,Long
395,12.972161,77.596014,12.992161,77.616014,Metropolitian ,3.1051337352345962,Short
396,23.416792,85.316842,23.446792,85.346842,Urban ,4.527261449200269,Short
397,12.906229,77.596791,13.036229,77.726791,Metropolitian ,20.18379902594911,Long
398,9.979186,76.317361,10.049186,76.387361,Metropolitian ,10.924204662087165,Medium
399,13.049645,80.242268,13.079645,80.272268,Metropolitian ,4.656945385949658,Short
400,17.411028,78.329645,17.541028,78.459645,Metropolitian ,19.976712110349872,Long
401,11.000762,76.981876,11.020762,77.001876,Urban ,3.11625365633879,Short
402,18.539299,73.897902,18.609299,73.967902,Urban ,10.72487928947891,Medium
403,11.022298,76.998349,11.042298,77.018349,Metropolitian ,3.1161417126178717,Short
404,22.310329,73.169083,22.360329,73.219083,Urban ,7.573467821949986,Medium
405,12.949934,77.699386,12.999934,77.749386,Urban ,7.762944133594471,Medium
406,11.022169,76.999594,11.082169,77.059594,Urban ,9.348114492435203,Medium
407,19.875908,75.358888,19.925908,75.408888,Urban ,7.6315119039786525,Medium
408,10.006881,76.345397,10.076881,76.415397,Other,10.92374498616851,Medium
409,12.326356,76.619103,12.366356,76.659103,Metropolitian ,6.217824017921914,Medium
410,17.431477,78.40035,17.451477,78.42035,Urban ,3.073618468414652,Short
411,26.88842,75.800689,27.02842,75.940689,Other,20.853653606522226,Long
412,11.003669,76.976494,11.073669,77.046494,Metropolitian ,10.906379593113522,Medium
413,13.022394,80.242439,13.072394,80.292439,Metropolitian ,7.7618394221539715,Medium
414,18.51421,73.838429,18.62421,73.948429,Metropolitian ,16.85361872985407,Long
415,12.352058,76.60665,12.462058,76.71665,Metropolitian ,17.097073943177282,Long
416,21.186884,72.793616,21.196884,72.803616,Metropolitian ,1.5202925485979668,Short
417,19.875522,75.367127,19.925522,75.417127,Metropolitian ,7.6315206377383635,Medium
418,26.892312,75.806896,26.972313,75.886896,Metropolitian ,11.917680464391392,Medium
419,22.310237,73.158921,22.420237,73.268921,Metropolitian ,16.65997912906346,Long
420,23.359033,85.325347,23.449033,85.415347,Urban ,13.583086214934681,Medium
421,22.552996,88.35231,22.572996,88.37231,Urban ,3.027096857241899,Short
422,22.311603,73.165012,22.351603,73.205012,Metropolitian ,6.058848944529893,Medium
423,30.895204,75.822103,30.945204,75.872103,Metropolitian ,7.325299567376928,Medium
424,17.428294,78.404423,17.498294,78.474423,Metropolitian ,10.757050667280218,Medium
425,25.450329,81.834279,25.540329,81.924279,Metropolitian ,13.48132821110772,Medium
426,18.546947,73.900626,18.656947,74.010626,Metropolitian ,16.852086415672474,Long
427,26.956431,75.776649,27.066431,75.886649,Metropolitian ,16.3815985933698,Long
428,13.026279,80.174568,13.086279,80.234568,Other,9.314044193380468,Medium
429,19.1813,72.836191,19.2413,72.896191,Metropolitian ,9.176247492588644,Medium
430,30.340722,78.060221,30.430722,78.150221,Metropolitian ,13.216577965789263,Medium
431,19.874733,75.353942,19.964733,75.443942,Metropolitian ,13.73595371215514,Medium
432,26.911927,75.797282,27.001927,75.887282,Metropolitian ,13.406000552536547,Medium
433,13.058616,80.264151,13.188616,80.394151,Metropolitian ,20.177742451193726,Long
434,12.352058,76.60665,12.402058,76.65665,Metropolitian ,7.771834302405156,Medium
435,22.727021,75.884167,22.747021,75.904167,Metropolitian ,3.0253327061731827,Short
436,22.651847,75.881991,22.681847,75.911991,Metropolitian ,4.539068203248832,Short
437,25.45235,81.841889,25.48235,81.871889,Metropolitian ,4.494246018082183,Short
438,10.994136,76.963303,11.084136,77.053303,Metropolitian ,14.02247678645175,Medium
439,19.874733,75.353942,19.954733,75.433942,Metropolitian ,12.209917964427541,Medium
440,22.311603,73.165012,22.401603,73.255012,Metropolitian ,13.631282080461437,Medium
441,17.411028,78.329645,17.441028,78.359645,Metropolitian ,4.6106137050519,Short
442,21.170798,72.790489,21.220798,72.840489,Urban ,7.601368938115055,Medium
443,23.359033,85.325347,23.379033,85.345347,Metropolitian ,3.018828463384802,Short
444,21.173493,72.801953,21.243493,72.871953,Metropolitian ,10.641490945494457,Medium
445,11.003669,76.976494,11.073669,77.046494,Urban ,10.906379593113522,Medium
446,12.972161,77.596014,13.042161,77.666014,Metropolitian ,10.86743475093766,Medium
447,21.149669,72.772629,21.179669,72.802629,Metropolitian ,4.561267998363487,Short
448,26.892312,75.806896,26.972313,75.886896,Urban ,11.917680464391392,Medium
449,17.424114,78.347554,17.534114,78.457554,Metropolitian ,16.903235903520294,Long
450,21.170096,72.789122,21.250096,72.869122,Metropolitian ,12.161642370388376,Medium
451,22.760072,75.892574,22.780072,75.912574,Urban ,3.0249963435107636,Short
452,21.157735,72.768778,21.167735,72.778778,Urban ,1.5204319193289748,Short
453,11.000762,76.981876,11.030762,77.011876,Metropolitian ,4.674341511233819,Short
454,21.186884,72.793616,21.206884,72.813616,Metropolitian ,3.040537241644738,Short
455,21.157729,72.768726,21.187729,72.798726,Metropolitian ,4.561152427256569,Short
456,13.086438,80.220672,13.136439,80.270672,Metropolitian ,7.760937776419154,Medium
457,26.846156,75.8023,26.956156,75.9123,Metropolitian ,16.388699354722633,Long
458,21.157729,72.768726,21.197729,72.808726,Metropolitian ,6.08144091176014,Medium
459,12.939496,77.625999,13.069496,77.755999,Metropolitian ,20.182482607604825,Long
460,11.008638,76.984311,11.098638,77.074311,Metropolitian ,14.022136830289135,Medium
461,11.022477,76.995667,11.062477,77.035667,Urban ,6.232177403678717,Medium
462,27.160934,78.044095,27.180934,78.064095,Metropolitian ,2.976598093374338,Short
463,22.725748,75.898497,22.805747,75.978497,Metropolitian ,12.10007905561433,Medium
464,19.131141,72.813074,19.19114,72.873074,Metropolitian ,9.177484636525882,Medium
465,12.323225,76.630028,12.453225,76.760028,Urban ,20.206344895189716,Long
466,18.51421,73.838429,18.60421,73.928429,Metropolitian ,13.789707457541457,Medium
467,0.0,0.0,0.09,0.09,Metropolitian ,14.15280068944862,Medium
468,22.31279,73.170283,22.37279,73.230283,Metropolitian ,9.087937068016329,Medium
469,26.905287,75.794592,27.015287,75.904592,Metropolitian ,16.38489468676678,Long
470,17.422819,78.449578,17.502819,78.529578,Metropolitian ,12.293787312037066,Medium
471,17.45971,78.368855,17.50971,78.418855,Urban ,7.6831770783541575,Medium
472,22.526461,88.364453,22.616461,88.454453,Metropolitian ,13.62154989228773,Medium
473,18.533811,73.899315,18.583811,73.949315,Metropolitian ,7.660957436559093,Medium
474,12.906229,77.596791,13.036229,77.726791,Urban ,20.18379902594911,Long
475,22.695207,75.866059,22.715207,75.886059,Metropolitian ,3.0256560842058073,Short
476,11.026117,76.944652,11.106117,77.024652,Metropolitian ,12.463861442061827,Medium
477,26.910262,75.783013,26.940262,75.813013,Metropolitian ,4.469223038792755,Short
478,17.440827,78.393391,17.500827,78.453391,Metropolitian ,9.220147515420278,Medium
479,22.727021,75.884167,22.777021,75.934167,Metropolitian ,7.562950099274068,Medium
480,0.0,0.0,0.02,0.02,Urban ,3.145067434621583,Short
481,18.569156,73.774723,18.629156,73.834723,Urban ,9.1921191213112,Medium
482,18.593481,73.785901,18.623481,73.815901,Metropolitian ,4.595940524023034,Short
483,11.003008,76.97544,11.073009,77.04544,Urban ,10.906470984869511,Medium
484,26.914142,75.805704,27.024142,75.915704,Metropolitian ,16.384324359677176,Long
485,19.103249,72.846749,19.233249,72.976749,Metropolitian ,19.884318574979222,Long
486,12.939496,77.625999,12.979496,77.665999,Urban ,6.210543032490164,Medium
487,19.055831,72.833984,19.085831,72.863984,Urban ,4.589965403039523,Short
488,23.416792,85.316842,23.506792,85.406842,Urban ,13.58037387628081,Medium
489,12.934365,77.616155,12.974365,77.656155,Urban ,6.210605364096202,Medium
490,30.359722,78.067079,30.499722,78.207079,Metropolitian ,20.555166462971385,Long
491,26.956431,75.776649,27.006431,75.826649,Metropolitian ,7.447061074885476,Medium
492,12.334022,76.618203,12.364022,76.648203,Metropolitian ,4.6633448430939985,Short
493,23.214294,77.435361,23.264294,77.485361,Metropolitian ,7.550439931733868,Medium
494,12.914264,77.6784,13.024264,77.7884,Urban ,17.078665498349924,Long
495,26.956431,75.776649,27.006431,75.826649,Urban ,7.447061074885476,Medium
496,12.326356,76.619103,12.436356,76.729103,Metropolitian ,17.097896810815786,Long
497,22.725835,75.887648,22.765835,75.927648,Metropolitian ,6.050486021641284,Medium
498,23.359194,85.325447,23.489194,85.455447,Metropolitian ,19.618645096414483,Long
499,11.006686,76.951736,11.076686,77.021736,Metropolitian ,10.906324615073945,Medium
500,12.934179,77.615797,13.044179,77.725797,Metropolitian ,17.077999100718745,Long
501,21.173493,72.801953,21.283493,72.911953,Metropolitian ,16.721288103917647,Long
502,12.311072,76.654878,12.441072,76.784878,Urban ,20.20680429578236,Long
503,13.029198,77.570997,13.039198,77.580997,Metropolitian ,1.5524082366564882,Short
504,12.334022,76.618203,12.414022,76.698203,Metropolitian ,12.43500511451784,Medium
505,12.323225,76.630028,12.403225,76.710028,Metropolitian ,12.435256015114646,Medium
506,23.371292,85.327872,23.501292,85.457872,Metropolitian ,19.61782456145108,Long
507,26.766536,75.837333,26.846536,75.917333,Metropolitian ,11.923472540743463,Medium
508,17.41233,78.449654,17.50233,78.539654,Metropolitian ,13.830709083522098,Medium
509,13.086438,80.220672,13.166438,80.300672,Metropolitian ,12.41700384268753,Medium
510,21.149834,72.778666,21.159834,72.788666,Metropolitian ,1.5204696675472833,Short
511,12.970221,77.645396,13.100221,77.775396,Metropolitian ,20.18126391655743,Long
512,22.753659,75.903365,22.773659,75.923365,Urban ,3.025061641856149,Short
513,11.003669,76.976494,11.063669,77.036494,Urban ,9.34840352266177,Medium
514,18.636215,73.751081,18.646215,73.761081,Urban ,1.531840629987081,Short
515,12.933298,77.614293,13.043298,77.724293,Metropolitian ,17.07802860149049,Long
516,19.120083,72.907385,19.160083,72.947385,Urban ,6.118745338337883,Medium
517,22.311603,73.165012,22.391603,73.245012,Metropolitian ,12.116895848185973,Medium
518,17.431477,78.40035,17.501477,78.47035,Metropolitian ,10.756961091859953,Medium
519,12.979166,77.640709,12.999166,77.660709,Urban ,3.1050910965093825,Short
520,12.933298,77.614293,13.063298,77.744293,Urban ,20.182728114833115,Long
521,22.722634,75.886959,22.732634,75.896959,Metropolitian ,1.512714085470906,Short
522,11.025083,77.015393,11.105083,77.095393,Urban ,12.463883024166929,Medium
523,26.849596,75.800512,26.919596,75.870512,Metropolitian ,10.429850454296858,Medium
524,22.31279,73.170283,22.34279,73.200283,Metropolitian ,4.5441940135013885,Short
525,12.310972,76.659264,12.420972,76.769264,Metropolitian ,17.098388556624265,Long
526,18.516216,73.842527,18.586216,73.912527,Metropolitian ,10.725566076622759,Medium
527,12.970221,77.645396,13.020221,77.695396,Metropolitian ,7.762635434587184,Medium
528,23.371292,85.327872,23.441292,85.397872,Urban ,10.564540523828766,Medium
529,23.234249,77.434007,23.294249,77.494007,Urban ,9.05975169661097,Medium
530,25.457116,81.859682,25.487116,81.889682,Metropolitian ,4.494166054627538,Short
531,13.029198,77.570997,13.139198,77.680997,Urban ,17.074806111802342,Long
532,11.022298,76.998349,11.052298,77.028349,Metropolitian ,4.674173521866497,Short
533,30.89286,75.822199,31.03286,75.962199,Other,20.506954885362845,Long
534,26.913483,75.803139,27.003483,75.893139,Metropolitian ,13.405918573024225,Medium
535,12.98041,77.640489,12.99041,77.650489,Urban ,1.5525569843008196,Short
536,13.044694,80.26147,13.064694,80.28147,Metropolitian ,3.1046911695396355,Short
537,11.022477,76.995667,11.102477,77.075667,Metropolitian ,12.463937409088205,Medium
538,12.323978,76.627961,12.353978,76.657961,Metropolitian ,4.6634322016198295,Short
539,17.41233,78.449654,17.44233,78.479654,Metropolitian ,4.6105980334864025,Short
540,26.913987,75.752891,26.943987,75.782891,Urban ,4.469157679084331,Short
541,21.186438,72.794115,21.296438,72.904115,Metropolitian ,16.72060564152912,Long
542,22.308096,73.167753,22.378096,73.237753,Metropolitian ,10.602582382473138,Medium
543,12.979096,77.640625,13.109096,77.770625,Metropolitian ,20.18091138270937,Long
544,22.744648,75.894377,22.824648,75.974377,Metropolitian ,12.099390766640973,Medium
545,23.39925,85.390464,23.47925,85.470464,Urban ,12.072385194581768,Medium
546,21.175975,72.795503,21.305975,72.925503,Metropolitian ,19.76074372631284,Long
547,19.874103,75.368419,19.904103,75.398419,Metropolitian ,4.579067429409246,Short
548,22.577821,88.400581,22.657821,88.480581,Metropolitian ,12.106168623850548,Medium
549,26.911378,75.789034,26.981378,75.859034,Metropolitian ,10.427321890632737,Medium
550,12.310972,76.659264,12.380972,76.729264,Metropolitian ,10.881199561003289,Medium
551,12.337978,76.616792,12.447978,76.726792,Metropolitian ,17.097524927197277,Long
552,23.354422,85.3329,23.424422,85.4029,Metropolitian ,10.565155904264323,Medium
553,26.911927,75.797282,26.981927,75.867282,Urban ,10.427299400994743,Medium
554,30.890184,75.829615,30.950184,75.889615,Metropolitian ,8.790360138255203,Medium
555,26.892312,75.806896,27.022313,75.936896,Metropolitian ,19.36427479298626,Long
556,22.75004,75.902847,22.78004,75.932847,Urban ,4.537571350180904,Short
557,22.514119,88.362504,22.594119,88.442504,Urban ,12.108745430933785,Medium
558,22.725748,75.898497,22.735747,75.908497,Metropolitian ,1.5126165219143393,Short
559,23.214294,77.435361,23.244294,77.465361,Metropolitian ,4.530419436025792,Short
560,22.311844,73.165081,22.341844,73.195081,Urban ,4.544208221888033,Short
561,26.846156,75.8023,26.896156,75.8523,Metropolitian ,7.4502858459465395,Medium
562,26.911378,75.789034,27.051378,75.929034,Metropolitian ,20.851771383104897,Long
563,22.728163,75.884212,22.818163,75.974212,Metropolitian ,13.61234086526925,Medium
564,11.003669,76.976494,11.113669,77.086494,Metropolitian ,17.138022477114593,Long
565,18.994049,72.825203,19.054049,72.885203,Metropolitian ,9.181151801247479,Medium
566,30.359722,78.067079,30.469722,78.177079,Urban ,16.151548344858927,Long
567,21.160522,72.771477,21.170522,72.781477,Metropolitian ,1.52041860106364,Short
568,21.186884,72.793616,21.296884,72.903616,Metropolitian ,16.720582121840994,Long
569,13.058616,80.264151,13.148616,80.354151,Metropolitian ,13.969760212954572,Medium
570,22.308096,73.167753,22.338096,73.197753,Semi-Urban ,4.5442645096317325,Short
571,25.457687,81.835585,25.567687,81.945585,Metropolitian ,16.47610920349986,Long
572,11.006686,76.951736,11.016686,76.961736,Metropolitian ,1.5581244322259453,Short
573,22.732225,75.874765,22.782225,75.924765,Urban ,7.5628176900721105,Medium
574,11.026117,76.944652,11.096117,77.014652,Urban ,10.905970180191467,Medium
575,18.520016,73.830547,18.540016,73.850547,Metropolitian ,3.064627592336894,Short
576,23.369746,85.33982,23.429746,85.39982,Metropolitian ,9.055525276451691,Medium
577,22.761593,75.886362,22.771593,75.896362,Metropolitian ,1.512515889082131,Short
578,22.310237,73.158921,22.350237,73.198921,Urban ,6.058876303739538,Medium
579,21.170798,72.790489,21.250798,72.870489,Metropolitian ,12.161615481620156,Medium
580,30.914057,75.83982,30.944057,75.86982,Metropolitian ,4.395007361328904,Short
581,23.374878,85.335739,23.394878,85.355739,Metropolitian ,3.018663448352764,Short
582,26.902328,75.794257,26.922328,75.814257,Metropolitian ,2.9796333006387523,Short
583,18.546258,73.904337,18.676258,74.034337,Metropolitian ,19.915585713442425,Long
584,23.233219,77.433571,23.293219,77.493571,Metropolitian ,9.059783744525705,Medium
585,18.536562,73.896485,18.576562,73.936485,Metropolitian ,6.128804224238824,Medium
586,19.091458,72.827808,19.171458,72.907808,Metropolitian ,12.237791615217422,Medium
587,26.911927,75.797282,26.961927,75.847282,Other,7.448363764234143,Medium
588,13.044694,80.26147,13.114694,80.33147,Metropolitian ,10.86588292776456,Medium
589,12.981615,80.231598,13.041615,80.291598,Metropolitian ,9.314862687658415,Medium
590,12.972532,77.608179,13.062532,77.698179,Metropolitian ,13.972131143082873,Medium
591,19.176269,72.836721,19.196269,72.856721,Other,3.0589686156369122,Short
592,23.184992,77.417227,23.294992,77.527227,Metropolitian ,16.61092648528088,Long
593,26.49095,80.318656,26.55095,80.378656,Metropolitian ,8.95254860446834,Medium
594,26.892312,75.806896,26.922313,75.836896,Urban ,4.469620875558469,Short
595,23.359407,85.325055,23.409407,85.375055,Urban ,7.546670729115911,Medium
596,22.538731,88.364878,22.548731,88.374878,Metropolitian ,1.5136457231081835,Short
597,18.55144,73.804855,18.56144,73.814855,Urban ,1.532201594325313,Short
598,26.911927,75.797282,27.041927,75.927282,Urban ,19.36269866793402,Long
599,18.636215,73.751081,18.676215,73.791081,Metropolitian ,6.127106344248561,Medium
600,21.149834,72.778666,21.219834,72.848666,Metropolitian ,10.642283429606557,Medium
601,23.39925,85.390464,23.40925,85.400464,Metropolitian ,1.5092307910801999,Short
602,23.357804,85.325146,23.377804,85.345146,Urban ,3.01884125862851,Short
603,22.551084,88.354127,22.561084,88.364127,Metropolitian ,1.5135833475077918,Short
604,11.021278,76.995017,11.111278,77.085017,Urban ,14.02184017066128,Medium
605,30.899992,75.831338,30.969992,75.901338,Metropolitian ,10.254746830465763,Medium
606,17.431477,78.40035,17.521477,78.49035,Metropolitian ,13.830016226508361,Medium
607,12.933284,77.615428,12.983284,77.665428,Metropolitian ,7.763197145329057,Medium
608,18.994237,72.825553,19.004237,72.835553,Metropolitian ,1.5302997807726866,Short
609,17.428294,78.404423,17.488294,78.464423,Metropolitian ,9.220449825751444,Medium
610,12.337978,76.616792,12.467978,76.746792,Metropolitian ,20.205786629218224,Long
611,22.526461,88.364453,22.586461,88.424453,Urban ,9.081488351334354,Medium
612,22.722634,75.886959,22.792634,75.956959,Metropolitian ,10.587929946826758,Medium
613,12.981615,80.231598,13.021615,80.271598,Metropolitian ,6.210030477134693,Medium
614,12.949934,77.699386,13.019934,77.769386,Metropolitian ,10.867908640310205,Medium
615,11.024839,77.007003,11.104839,77.087003,Urban ,12.46388811675802,Medium
616,13.044694,80.26147,13.104694,80.32147,Urban ,9.313705947301067,Medium
617,23.351058,85.325731,23.411058,85.385731,Metropolitian ,9.056109430301543,Medium
618,17.455894,78.375467,17.525894,78.445467,Metropolitian ,10.756273454296805,Medium
619,17.483216,78.552111,17.503216,78.572111,Metropolitian ,3.0732024062609007,Short
620,11.022477,76.995667,11.132477,77.105667,Other,17.137482577838096,Long
621,18.636215,73.751081,18.706215,73.821081,Metropolitian ,10.721987300670905,Medium
622,23.359407,85.325055,23.439407,85.405055,Metropolitian ,12.074047498027545,Medium
623,12.934179,77.615797,12.974179,77.655797,Urban ,6.210607623189759,Medium
624,10.96185,76.971082,11.04185,77.051082,Metropolitian ,12.465199139447055,Medium
625,11.022169,76.999594,11.082169,77.059594,Metropolitian ,9.348114492435203,Medium
626,22.751857,75.866699,22.831857,75.946699,Urban ,12.099096916817428,Medium
627,12.981615,80.231598,13.061615,80.311598,Metropolitian ,12.419572625827414,Medium
628,19.876219,75.346017,19.896219,75.366017,Metropolitian ,3.052737719754902,Short
629,12.304569,76.643622,12.344569,76.683622,Metropolitian ,6.218076509101378,Medium
630,26.891191,75.802083,27.001191,75.912083,Metropolitian ,16.385802266862363,Long
631,12.914264,77.6784,13.044264,77.8084,Urban ,20.183481365845644,Long
632,11.003008,76.97544,11.043008,77.01544,Metropolitian ,6.232380002107321,Medium
633,19.880256,75.323503,19.930256,75.373503,Urban ,7.631413514278939,Medium
634,17.430448,78.418213,17.450448,78.438213,Metropolitian ,3.0736267316959056,Short
635,23.359194,85.325447,23.389194,85.355447,Metropolitian ,4.528162065607325,Short
636,22.311358,73.164798,22.331358,73.184798,Metropolitian ,3.029527086813652,Short
637,17.429585,78.392621,17.489585,78.452621,Metropolitian ,9.220418694557548,Medium
638,22.311603,73.165012,22.341603,73.195012,Metropolitian ,4.544211841489229,Short
639,13.086438,80.220672,13.106438,80.240672,Metropolitian ,3.1044353971265153,Short
640,21.157735,72.768778,21.237735,72.848778,Metropolitian ,12.162115707004753,Medium
641,17.450851,78.379347,17.480851,78.409347,Urban ,4.61013388745304,Short
642,13.045479,80.23311,13.095479,80.28311,Metropolitian ,7.76148623771488,Medium
643,12.334022,76.618203,12.424022,76.708203,Urban ,13.989249784536108,Medium
644,12.934365,77.616155,12.984365,77.666155,Metropolitian ,7.763180727989849,Medium
645,30.893234,75.82172,30.953234,75.88172,Urban ,8.790241310526385,Medium
646,22.310329,73.169083,22.320329,73.179083,Metropolitian ,1.5147937213890765,Short
647,15.561295,73.749478,15.581295,73.769478,Metropolitian ,3.08789046683249,Short
648,30.319528,78.040267,30.339528,78.060267,Metropolitian ,2.937737756302681,Short
649,22.761593,75.886362,22.841593,75.966362,Metropolitian ,12.098699936279207,Medium
650,12.299524,76.64262,12.339524,76.68262,Metropolitian ,6.218134914911243,Medium
651,26.921411,75.793604,26.961411,75.833604,Metropolitian ,5.958586130824136,Medium
652,27.195928,77.998092,27.325928,78.128092,Urban ,19.34098355293587,Long
653,10.96185,76.971082,11.01185,77.021082,Metropolitian ,7.790944138439638,Medium
654,13.066762,80.251865,13.096762,80.281865,Metropolitian ,4.656788095043528,Short
655,21.173493,72.801953,21.213493,72.841953,Metropolitian ,6.081139317039227,Medium
656,23.374878,85.335739,23.414878,85.375739,Metropolitian ,6.037118440222238,Medium
657,12.98041,77.640489,13.02041,77.680489,Metropolitian ,6.21004516313671,Medium
658,22.307898,73.167788,22.437898,73.297788,Metropolitian ,19.68856591478912,Long
659,26.911927,75.797282,26.941927,75.827282,Metropolitian ,4.469193825204425,Short
660,23.357804,85.325146,23.397804,85.365146,Metropolitian ,6.037474189823589,Medium
661,19.876219,75.346017,19.886219,75.356017,Metropolitian ,1.5263914730561974,Short
662,25.450317,81.831681,25.470317,81.851681,Metropolitian ,2.996242679062324,Short
663,18.994237,72.825553,19.124237,72.955553,Metropolitian ,19.89050358396663,Long
664,21.175104,72.804342,21.195104,72.824342,Urban ,3.040649953439087,Short
665,18.536562,73.896485,18.586562,73.946485,Metropolitian ,7.660898979387943,Medium
666,21.185047,72.80859,21.295047,72.91859,Metropolitian ,16.72067899275337,Long
667,18.546947,73.900626,18.596947,73.950626,Metropolitian ,7.660678233235358,Medium
668,11.003008,76.97544,11.033008,77.00544,Other,4.674324006382012,Short
669,22.725748,75.898497,22.835748,76.008497,Metropolitian ,16.63687991359285,Long
670,11.021278,76.995017,11.091278,77.065017,Urban ,10.906058503327996,Medium
671,17.411028,78.329645,17.501028,78.419645,Urban ,13.830756172608172,Medium
672,26.905287,75.794592,26.935287,75.824592,Metropolitian ,4.469310320115588,Short
673,15.496162,73.825364,15.526162,73.855364,Metropolitian ,4.632486510687283,Short
674,10.96185,76.971082,10.99185,77.001082,Metropolitian ,4.674644234402064,Short
675,26.921411,75.793604,26.931411,75.803604,Metropolitian ,1.4897343062373762,Short
676,18.546258,73.904337,18.606258,73.964337,Metropolitian ,9.192703790075399,Medium
677,11.003681,76.975525,11.073681,77.045525,Metropolitian ,10.90637937446933,Medium
678,13.058616,80.264151,13.108616,80.314151,Metropolitian ,7.761284984440791,Medium
679,10.020683,76.310631,10.030683,76.320631,Urban ,1.5605734793802433,Short
680,26.914142,75.805704,26.984142,75.875704,Metropolitian ,10.427208660422876,Medium
681,12.337928,76.617889,12.347928,76.627889,Urban ,1.5544659606027853,Short
682,22.311844,73.165081,22.381844,73.235081,Other,10.602450942886199,Medium
683,23.355164,85.324097,23.365164,85.334097,Urban ,1.50946039783608,Short
684,22.569358,88.433452,22.619358,88.483452,Metropolitian ,7.566949319257056,Medium
685,22.753839,75.897429,22.863838,76.007429,Metropolitian ,16.635223376952894,Long
686,22.761226,75.887522,22.791226,75.917522,Metropolitian ,4.5374004790919935,Short
687,17.433809,78.386744,17.473809,78.426744,Metropolitian ,6.147038743531219,Medium
688,23.232537,77.429845,23.242537,77.439845,Urban ,1.510097125258773,Short
689,23.371292,85.327872,23.431292,85.387872,Metropolitian ,9.055476933500954,Medium
690,23.351058,85.325731,23.421058,85.395731,Metropolitian ,10.56527857058105,Medium
691,11.010375,76.95295,11.060375,77.00295,Metropolitian ,7.790314135591803,Medium
692,18.55144,73.804855,18.68144,73.934855,Metropolitian ,19.91529866449363,Long
693,17.430448,78.418213,17.470448,78.458213,Urban ,6.14709275562667,Medium
694,22.311603,73.165012,22.441603,73.295012,Metropolitian ,19.688324335751815,Long
695,18.530963,73.828972,18.560963,73.858972,Metropolitian ,4.596738270617085,Short
696,12.972793,80.249982,13.102793,80.379982,Urban ,20.18116177485189,Long
697,19.178321,72.834715,19.228321,72.884715,Urban ,7.647047869271471,Medium
698,12.975377,77.696664,12.985377,77.706664,Metropolitian ,1.552572298857814,Short
699,17.431668,78.408321,17.521668,78.498321,Metropolitian ,13.830009311431366,Medium
700,18.53408,73.89852,18.59408,73.95852,Metropolitian ,9.19301447226726,Medium
701,12.949934,77.699386,12.969934,77.719386,Metropolitian ,3.1052688831334736,Short
702,30.899992,75.831338,30.929992,75.861338,Urban ,4.395281348843725,Short
703,13.02978,80.208812,13.05978,80.238812,Metropolitian ,4.657127681974944,Short
704,26.902908,75.792934,26.932908,75.822934,Metropolitian ,4.46935205273826,Short
705,22.745049,75.892471,22.765049,75.912471,Metropolitian ,3.0251492856773803,Short
706,17.440827,78.393391,17.460827,78.413391,Urban ,3.0735433636637217,Short
707,12.914264,77.6784,12.984264,77.7484,Metropolitian ,10.868667520702907,Medium
708,12.934179,77.615797,13.064179,77.745797,Metropolitian ,20.182693224611718,Long
709,11.016298,76.972076,11.086298,77.042076,Metropolitian ,10.90614936096952,Medium
710,10.000706,76.349516,10.060706,76.409516,Metropolitian ,9.363369184364503,Medium
711,25.454697,81.834492,25.474697,81.854492,Metropolitian ,2.9961936989579065,Short
712,12.297954,76.665169,12.347954,76.715169,Urban ,7.772618958964917,Medium
713,12.906229,77.596791,12.946229,77.636791,Urban ,6.210946741811576,Medium
714,26.905287,75.794592,27.035287,75.924592,Metropolitian ,19.36320422209724,Long
715,21.186608,72.794136,21.296608,72.904136,Metropolitian ,16.72059667667663,Long
716,18.636215,73.751081,18.716215,73.831081,Urban ,12.253528674537387,Medium
717,23.351489,85.324253,23.371489,85.344253,Metropolitian ,3.0189069957364936,Short
718,22.727021,75.884167,22.737021,75.894167,Metropolitian ,1.5126917819907382,Short
719,17.429585,78.392621,17.449585,78.412621,Metropolitian ,3.0736336615829787,Short
720,26.90294,75.793007,26.99294,75.883007,Urban ,13.40647396886028,Medium
721,19.055831,72.833984,19.165831,72.943984,Metropolitian ,16.82795323853624,Long
722,23.353783,85.326967,23.423783,85.396967,Metropolitian ,10.565179206181494,Medium
723,23.214459,77.434976,23.254459,77.474976,Urban ,6.04045219327021,Medium
724,22.311358,73.164798,22.371358,73.224798,Metropolitian ,9.087980108212873,Medium
725,19.178321,72.834715,19.238321,72.894715,Metropolitian ,9.176325854672063,Medium
726,21.157729,72.768726,21.167729,72.778726,Metropolitian ,1.5204319479995732,Short
727,21.185047,72.80859,21.265047,72.88859,Metropolitian ,12.161069532201594,Medium
728,13.026286,80.275235,13.096286,80.345235,Urban ,10.866277542559258,Medium
729,12.935662,77.61413,12.955662,77.63413,Metropolitian ,3.1053555451187216,Short
730,12.3085,76.665808,12.3185,76.675808,Urban ,1.554551173299148,Short
731,19.103249,72.846749,19.173249,72.916749,Metropolitian ,10.707860128480785,Medium
732,12.978453,77.643685,12.998453,77.663685,Metropolitian ,3.105095437473068,Short
733,12.913041,77.683237,13.003041,77.773237,Metropolitian ,13.973760919163853,Medium
734,23.351489,85.324253,23.391489,85.364253,Metropolitian ,6.0376057117840665,Medium
735,26.905287,75.794592,27.045287,75.934592,Metropolitian ,20.85227088046199,Long
736,23.374989,85.335486,23.394989,85.355486,Metropolitian ,3.0186622920277366,Short
737,11.021278,76.995017,11.101278,77.075017,Metropolitian ,12.463962426994183,Medium
738,21.186608,72.794136,21.196608,72.804136,Metropolitian ,1.5202938690318846,Short
739,30.893244,75.821817,30.943244,75.871817,Metropolitian ,7.32536319823774,Medium
740,12.981615,80.231598,13.001615,80.251598,Urban ,3.1050761845071997,Short
741,30.893234,75.82172,30.983234,75.91172,Metropolitian ,13.184484437390072,Medium
742,21.173343,72.792731,21.203343,72.822731,Urban ,4.560928430651236,Short
743,17.422819,78.449578,17.512819,78.539578,Metropolitian ,13.830329612968612,Medium
744,30.885915,75.788259,30.915915,75.818259,Urban ,4.395555480906785,Short
745,17.424114,78.347554,17.444114,78.367554,Urban ,3.073677586372093,Short
746,30.372202,78.077151,30.392202,78.097151,Metropolitian ,2.9370627446069815,Short
747,12.323225,76.630028,12.353225,76.660028,Metropolitian ,4.663438748149253,Short
748,25.443994,81.860187,25.573994,81.990187,Metropolitian ,19.47203327785382,Long
749,12.949934,77.699386,13.059934,77.809386,Metropolitian ,17.077471212874364,Long
750,11.021278,76.995017,11.151278,77.125017,Metropolitian ,20.253088868519857,Long
751,21.175975,72.795503,21.245975,72.865503,Metropolitian ,10.64140776322093,Medium
752,19.866969,75.318894,19.916969,75.368894,Urban ,7.631714121877287,Medium
753,30.359722,78.067079,30.469722,78.177079,Metropolitian ,16.151548344858927,Long
754,18.539299,73.897902,18.549299,73.907902,Urban ,1.5322531674038395,Short
755,26.849596,75.800512,26.909596,75.860512,Urban ,8.940047176803803,Medium
756,13.049645,80.242268,13.129645,80.322268,Metropolitian ,12.41790772974657,Medium
757,22.725835,75.887648,22.805835,75.967648,Urban ,12.100157238169174,Medium
758,17.438263,78.397865,17.508263,78.467865,Metropolitian ,10.756770071391678,Medium
759,12.321214,76.621094,12.341214,76.641094,Metropolitian ,3.1089998000392547,Short
760,18.520016,73.830547,18.590016,73.900547,Metropolitian ,10.725453068738984,Medium
761,18.55144,73.804855,18.56144,73.814855,Metropolitian ,1.532201594325313,Short
762,15.544419,73.755736,15.604419,73.815736,Other,9.263603412236375,Medium
763,12.935662,77.61413,12.995662,77.67413,Urban ,9.315702005351099,Medium
764,25.443994,81.860187,25.583994,82.000187,Metropolitian ,20.969489380087087,Long
765,12.316967,76.603067,12.346967,76.633067,Metropolitian ,4.663493139918864,Short
766,22.725835,75.887648,22.815835,75.977648,Metropolitian ,13.612447554496717,Medium
767,12.337978,76.616792,12.397978,76.676792,Metropolitian ,9.326359385740087,Medium
768,12.979166,77.640709,13.029166,77.690709,Metropolitian ,7.762499175710427,Medium
769,22.310526,73.170937,22.330526,73.190937,Other,3.0295354155428034,Short
770,23.416792,85.316842,23.426792,85.326842,Metropolitian ,1.509139327532213,Short
771,12.337978,76.616792,12.377978,76.656792,Metropolitian ,6.217689154531195,Medium
772,12.323194,76.630583,12.373194,76.680583,Metropolitian ,7.772253320446222,Medium
773,22.751234,75.88949,22.861234,75.99949,Metropolitian ,16.63545121553746,Long
774,19.120083,72.907385,19.210083,72.997385,Metropolitian ,13.766192440642286,Medium
775,22.307898,73.167788,22.327898,73.187788,Urban ,3.02956172135288,Short
776,13.02978,80.208812,13.13978,80.318812,Metropolitian ,17.07478648593785,Long
777,21.173493,72.801953,21.243493,72.871953,Urban ,10.641490945494457,Medium
778,11.022298,76.998349,11.092298,77.068349,Metropolitian ,10.906039889040743,Medium
779,21.160437,72.774209,21.220437,72.834209,Urban ,9.121796528794677,Medium
780,26.474986,80.342796,26.494986,80.362796,Urban ,2.984598378443359,Short
781,18.546258,73.904337,18.676258,74.034337,Urban ,19.915585713442425,Long
782,18.636215,73.751081,18.726215,73.841081,Metropolitian ,13.785027203356574,Medium
783,22.310526,73.170937,22.420526,73.280937,Metropolitian ,16.659963190056956,Long
784,9.970717,76.285447,10.060717,76.375447,Metropolitian ,14.04537304842973,Medium
785,22.745049,75.892471,22.815049,75.962471,Urban ,10.58713106938141,Medium
786,21.186438,72.794115,21.236438,72.844115,Urban ,7.600994631258499,Medium
787,17.41233,78.449654,17.42233,78.459654,Urban ,1.536906134034613,Short
788,23.374878,85.335739,23.404878,85.365739,Metropolitian ,4.527917012951369,Short
789,12.981615,80.231598,13.031615,80.281598,Metropolitian ,7.762461854550139,Medium
790,10.96185,76.971082,11.09185,77.101082,Metropolitian ,20.25510293834014,Long
791,21.173343,72.792731,21.223343,72.842731,Urban ,7.601308045983427,Medium
792,30.873988,75.842739,31.003988,75.972739,Metropolitian ,19.044189514363282,Long
793,19.888716,75.321461,19.998716,75.431461,Metropolitian ,16.787191781803873,Long
794,21.170798,72.790489,21.250798,72.870489,Urban ,12.161615481620156,Medium
795,18.536562,73.896485,18.626562,73.986485,Metropolitian ,13.788852089944204,Medium
796,21.185047,72.80859,21.205047,72.82859,Urban ,3.0405548217967526,Short
797,21.173343,72.792731,21.263343,72.882731,Metropolitian ,13.681492022668552,Medium
798,22.311603,73.165012,22.401603,73.255012,Urban ,13.631282080461437,Medium
799,13.022394,80.242439,13.052394,80.272439,Metropolitian ,4.657195393807256,Short
800,22.311844,73.165081,22.441844,73.295081,Metropolitian ,19.68830862050937,Long
801,19.875016,75.322405,19.985016,75.432405,Metropolitian ,16.78787484525942,Long
802,11.022298,76.998349,11.112298,77.088349,Metropolitian ,14.021816217040834,Medium
803,18.51421,73.838429,18.55421,73.878429,Urban ,6.129183922935669,Medium
804,22.760072,75.892574,22.780072,75.912574,Metropolitian ,3.0249963435107636,Short
805,17.45971,78.368855,17.56971,78.478855,Metropolitian ,16.901659094573038,Long
806,11.003008,76.97544,11.133009,77.10544,Metropolitian ,20.253788516086214,Long
807,18.592718,73.773572,18.642718,73.823572,Metropolitian ,7.659703978703448,Medium
808,30.873988,75.842739,30.893988,75.862739,Metropolitian ,2.9305900150458157,Short
809,21.170096,72.789122,21.230096,72.849122,Metropolitian ,9.12151922589448,Medium
810,22.551084,88.354127,22.581084,88.384127,Metropolitian ,4.540598459773226,Short
811,17.458998,78.500366,17.518998,78.560366,Metropolitian ,9.219708856173831,Medium
812,22.753659,75.903365,22.883659,76.033365,Metropolitian ,19.659254035109655,Long
813,12.304569,76.643622,12.384569,76.723622,Metropolitian ,12.435689047425893,Medium
814,26.891191,75.802083,26.911191,75.822083,Metropolitian ,2.979763497462095,Short
815,22.753659,75.903365,22.773659,75.923365,Metropolitian ,3.025061641856149,Short
816,18.543626,73.905101,18.583626,73.945101,Metropolitian ,6.128684140033017,Medium
817,17.411028,78.329645,17.481028,78.399645,Urban ,10.757536302641883,Medium
818,22.569358,88.433452,22.659358,88.523452,Urban ,13.61959724865622,Medium
819,26.905287,75.794592,26.925287,75.814592,Metropolitian ,2.979598701342017,Short
820,12.913041,77.683237,12.983041,77.753237,Metropolitian ,10.868693504672912,Medium
821,23.353783,85.326967,23.483783,85.456967,Metropolitian ,19.619011975960976,Long
822,23.374878,85.335739,23.454878,85.415739,Metropolitian ,12.073402311815487,Medium
823,13.054347,80.257221,13.104347,80.307221,Urban ,7.761350404897176,Medium
824,23.374989,85.335486,23.404989,85.365486,Metropolitian ,4.5279152781492735,Short
825,22.547186,88.35068,22.567186,88.37068,Metropolitian ,3.0271555543874804,Short
826,26.892312,75.806896,26.982312,75.896896,Metropolitian ,13.407033668284493,Medium
827,19.12663,72.829976,19.25663,72.959976,Metropolitian ,19.88298786811295,Long
828,27.160934,78.044095,27.290934,78.174095,Metropolitian ,19.343668924230833,Long
829,22.722634,75.886959,22.742634,75.906959,Urban ,3.025377321544568,Short
830,26.956431,75.776649,27.096431,75.916649,Metropolitian ,20.84807400544794,Long
831,18.927584,72.832585,19.007584,72.912585,Urban ,12.243495934751566,Medium
832,18.530963,73.828972,18.540963,73.838972,Urban ,1.5322885596945484,Short
833,22.552672,88.352885,22.622672,88.422885,Metropolitian ,10.593965493047884,Medium
834,18.536718,73.830327,18.616719,73.910327,Metropolitian ,12.257003121920837,Medium
835,21.15276,72.778059,21.22276,72.848059,Metropolitian ,10.64218546208282,Medium
836,23.232357,77.429989,23.312357,77.509989,Metropolitian ,12.079332168233103,Medium
837,22.761593,75.886362,22.811593,75.936362,Metropolitian ,7.56206997216252,Medium
838,21.173493,72.801953,21.263493,72.891953,Metropolitian ,13.681485556891033,Medium
839,18.53408,73.89852,18.58408,73.94852,Metropolitian ,7.660951720810321,Medium
840,13.044694,80.26147,13.124694,80.34147,Metropolitian ,12.418029175076876,Medium
841,26.911378,75.789034,26.951378,75.829034,Metropolitian ,5.958820916621518,Medium
842,12.979096,77.640625,13.109096,77.770625,Other,20.18091138270937,Long
843,12.321214,76.621094,12.361214,76.661094,Urban ,6.217883647558787,Medium
844,22.753839,75.897429,22.823839,75.967429,Metropolitian ,10.586817607222669,Medium
845,26.913987,75.752891,26.953987,75.792891,Urban ,5.958759869150673,Medium
846,12.981615,80.231598,13.111615,80.361598,Metropolitian ,20.180811280904425,Long
847,22.725748,75.898497,22.815748,75.988497,Metropolitian ,13.612451541412005,Medium
848,12.972793,80.249982,13.102793,80.379982,Metropolitian ,20.18116177485189,Long
849,30.914057,75.83982,30.984057,75.90982,Other,10.254107230645024,Medium
850,11.000762,76.981876,11.090762,77.071876,Metropolitian ,14.022321513257122,Medium
851,13.066762,80.251865,13.076762,80.261865,Metropolitian ,1.5522933461656467,Short
852,12.326356,76.619103,12.356356,76.649103,Metropolitian ,4.663411524934686,Short
853,22.761226,75.887522,22.841226,75.967522,Urban ,12.098714903153878,Medium
854,18.536562,73.896485,18.666562,74.026485,Urban ,19.91612261382003,Long
855,13.054347,80.257221,13.104347,80.307221,Metropolitian ,7.761350404897176,Medium
856,26.902908,75.792934,27.012908,75.902934,Metropolitian ,16.385047886584985,Long
857,26.90294,75.793007,26.99294,75.883007,Metropolitian ,13.40647396886028,Medium
858,18.55144,73.804855,18.58144,73.834855,Metropolitian ,4.596477246825863,Short
859,22.722634,75.886959,22.742634,75.906959,Metropolitian ,3.025377321544568,Short
860,11.008638,76.984311,11.028638,77.004311,Metropolitian ,3.1162127416120886,Short
861,26.902328,75.794257,26.942328,75.834257,Metropolitian ,5.959032639455132,Medium
862,13.091809,80.219104,13.121809,80.249104,Urban ,4.6565575795105785,Short
863,12.933298,77.614293,12.983298,77.664293,Metropolitian ,7.763196932715875,Medium
864,27.163303,78.057044,27.303303,78.197044,Metropolitian ,20.831034086787206,Long
865,12.934179,77.615797,12.994179,77.675797,Metropolitian ,9.315729044610324,Medium
866,18.539299,73.897902,18.569299,73.927902,Metropolitian ,4.5966320417596735,Short
867,22.751234,75.88949,22.781234,75.91949,Urban ,4.5375531147317965,Short
868,17.458998,78.500366,17.538998,78.580366,Metropolitian ,12.29262273944321,Medium
869,26.905287,75.794592,26.915287,75.804592,Urban ,1.4898285870173964,Short
870,12.979096,77.640625,12.989096,77.650625,Urban ,1.5525609831259377,Short
871,21.183434,72.814492,21.243434,72.874492,Urban ,9.121136119359262,Medium
872,12.316967,76.603067,12.406967,76.693067,Urban ,13.989695713800042,Medium
873,23.184992,77.417227,23.244992,77.477227,Metropolitian ,9.061282952127822,Medium
874,19.1093,72.825451,19.1793,72.895451,Metropolitian ,10.707675026485889,Medium
875,22.751857,75.866699,22.801857,75.916699,Metropolitian ,7.562317945109373,Medium
876,26.849596,75.800512,26.879596,75.830512,Metropolitian ,4.47028648943395,Short
877,22.32,73.17,22.45,73.3,Metropolitian ,19.687776694180275,Long
878,26.911927,75.797282,26.991927,75.877282,Metropolitian ,11.916679298853872,Medium
879,19.221315,72.862381,19.301315,72.942381,Metropolitian ,12.233239995052578,Medium
880,13.081878,80.248519,13.161878,80.328519,Metropolitian ,12.417115998944281,Medium
881,13.022394,80.242439,13.092394,80.312439,Urban ,10.866360907886211,Medium
882,17.45971,78.368855,17.46971,78.378855,Metropolitian ,1.5367158933397187,Short
883,12.337928,76.617889,12.397928,76.677889,Metropolitian ,9.32636025711815,Medium
884,26.469003,80.316344,26.579003,80.426344,Metropolitian ,16.412810176311392,Long
885,18.994237,72.825553,19.034237,72.865553,Urban ,6.120938502923711,Medium
886,12.972532,77.608179,13.002532,77.638179,Metropolitian ,4.657651549280557,Short
887,26.911378,75.789034,26.941378,75.819034,Urban ,4.469203457951168,Short
888,22.751234,75.88949,22.861234,75.99949,Urban ,16.63545121553746,Long
889,11.024839,77.007003,11.044839,77.027003,Metropolitian ,3.1161284905751767,Short
890,21.186438,72.794115,21.316438,72.924115,Metropolitian ,19.760091519674855,Long
891,21.175975,72.795503,21.215975,72.835503,Metropolitian ,6.081091813811108,Medium
892,26.483672,80.320708,26.623672,80.460708,Metropolitian ,20.886627953184384,Long
893,18.539299,73.897902,18.589299,73.947902,Other,7.660840811905869,Medium
894,19.065838,72.832658,19.095838,72.862658,Metropolitian ,4.589834614418575,Short
895,23.357804,85.325146,23.467804,85.435146,Urban ,16.601046189402922,Long
896,22.728163,75.884212,22.778163,75.934212,Metropolitian ,7.562921044749852,Medium
897,12.326356,76.619103,12.396356,76.689103,Metropolitian ,10.880887117732197,Medium
898,26.902908,75.792934,27.012908,75.902934,Urban ,16.385047886584985,Long
899,10.027364,76.308258,10.087364,76.368258,Metropolitian ,9.362989340112518,Medium
900,21.149569,72.772697,21.209569,72.832697,Metropolitian ,9.12210840865768,Medium
901,12.986047,80.218114,13.046047,80.278114,Metropolitian ,9.314781588432984,Medium
902,22.751234,75.88949,22.841234,75.97949,Other,13.611283046203784,Medium
903,17.440827,78.393391,17.490827,78.443391,Metropolitian ,7.6835568584307055,Medium
904,26.902328,75.794257,26.952328,75.844257,Metropolitian ,7.448644516028947,Medium
905,-15.546594,73.760431,15.606594,73.820431,Metropolitian ,3464.0827200599765,Very Long
906,22.307898,73.167788,22.437898,73.297788,Urban ,19.68856591478912,Long
907,22.725835,75.887648,22.745835,75.907648,Metropolitian ,3.0253447684077948,Short
908,26.913483,75.803139,27.023483,75.913139,Urban ,16.38436680922718,Long
909,22.732225,75.874765,22.842225,75.984765,Metropolitian ,16.636516954597145,Long
910,22.310329,73.169083,22.380329,73.239083,Metropolitian ,10.602504075104662,Medium
911,11.025083,77.015393,11.115083,77.105393,Metropolitian ,14.021750803377735,Medium
912,12.316967,76.603067,12.426967,76.713067,Other,17.098196997717192,Long
913,12.321214,76.621094,12.391214,76.691094,Metropolitian ,10.880991591395142,Medium
914,12.326356,76.619103,12.436356,76.729103,Other,17.097896810815786,Long
915,17.433809,78.386744,17.453809,78.406744,Metropolitian ,3.073599739868721,Short
916,11.016298,76.972076,11.056298,77.012076,Metropolitian ,6.232241741133021,Medium
917,19.207222,72.972281,19.317222,73.082281,Metropolitian ,16.820660300217366,Long
918,23.374989,85.335486,23.464989,85.425486,Metropolitian ,13.582337494193217,Medium
919,12.297954,76.665169,12.377954,76.745169,Metropolitian ,12.435842440173552,Medium
920,22.310237,73.158921,22.380237,73.228921,Metropolitian ,10.602507301515569,Medium
921,12.970221,77.645396,13.060221,77.735396,Metropolitian ,13.972194586929868,Medium
922,22.310526,73.170937,22.380526,73.240937,Urban ,10.602497166339424,Medium
923,22.308096,73.167753,22.338096,73.197753,Metropolitian ,4.5442645096317325,Short
924,12.304569,76.643622,12.344569,76.683622,Urban ,6.218076509101378,Medium
925,19.1813,72.836191,19.2313,72.886191,Urban ,7.646982582847339,Medium
926,30.873988,75.842739,30.963988,75.932739,Metropolitian ,13.185609350843341,Medium
927,18.533811,73.899315,18.563811,73.929315,Metropolitian ,4.59670198232915,Short
928,23.39925,85.390464,23.52925,85.520464,Metropolitian ,19.61592696438906,Long
929,19.003517,72.82765,19.033517,72.85765,Metropolitian ,4.590648124312618,Short
930,21.160522,72.771477,21.220522,72.831477,Metropolitian ,9.121794088989688,Medium
931,17.451976,78.385883,17.501976,78.435883,Metropolitian ,7.683332672259288,Medium
932,22.761593,75.886362,22.801593,75.926362,Metropolitian ,6.049757918894705,Medium
933,18.546947,73.900626,18.576947,73.930626,Metropolitian ,4.59653454224411,Short
934,22.725835,75.887648,22.855835,76.017648,Metropolitian ,19.661098170299503,Long
935,18.520016,73.830547,18.580016,73.890547,Metropolitian ,9.193373039577615,Medium
936,12.304569,76.643622,12.434569,76.773622,Urban ,20.20704994057408,Long
937,19.874449,75.360232,19.984449,75.470232,Metropolitian ,16.787903106085746,Long
938,17.45971,78.368855,17.53971,78.448855,Urban ,12.29259979853271,Medium
939,18.546947,73.900626,18.636947,73.990626,Urban ,13.788454358366558,Medium
940,22.722634,75.886959,22.852634,76.016959,Metropolitian ,19.66131020445878,Long
941,12.325461,76.632278,12.385461,76.692278,Metropolitian ,9.326577421221462,Medium
942,11.003669,76.976494,11.023669,76.996494,Metropolitian ,3.1162385581766157,Short
943,11.024839,77.007003,11.034839,77.017003,Urban ,1.5580772559335063,Short
944,11.021278,76.995017,11.111278,77.085017,Metropolitian ,14.02184017066128,Medium
945,26.482419,80.320939,26.572419,80.410939,Metropolitian ,13.428485784085986,Medium
946,22.75004,75.902847,22.76004,75.912847,Urban ,1.5125746930786603,Short
947,18.994049,72.825203,19.044049,72.875203,Metropolitian ,7.651068542725186,Medium
948,21.149669,72.772629,21.239669,72.862629,Metropolitian ,13.682511992314389,Medium
949,23.351489,85.324253,23.361489,85.334253,Metropolitian ,1.509479521226578,Short
950,12.972532,77.608179,13.022532,77.658179,Metropolitian ,7.76260023979046,Medium
951,11.016298,76.972076,11.046298,77.002076,Metropolitian ,4.674220356186495,Short
952,12.323994,76.626167,12.433994,76.736167,Urban ,17.097972349714478,Long
953,18.563934,73.915367,18.593934,73.945367,Urban ,4.596317855298041,Short
954,21.160437,72.774209,21.240437,72.854209,Metropolitian ,12.162012260679191,Medium
955,21.185047,72.80859,21.235047,72.85859,Metropolitian ,7.601027931405062,Medium
956,10.006881,76.345397,10.116881,76.455397,Metropolitian ,17.165361256393414,Long
957,17.455894,78.375467,17.545894,78.465467,Metropolitian ,13.829131656291406,Medium
958,26.849596,75.800512,26.889596,75.840512,Metropolitian ,5.960265171499854,Medium
959,11.025083,77.015393,11.095083,77.085393,Metropolitian ,10.905989056268561,Medium
960,19.1093,72.825451,19.1293,72.845451,Urban ,3.0595542475950825,Short
961,12.970221,77.645396,13.010221,77.685396,Metropolitian ,6.210169290102345,Medium
962,19.091458,72.827808,19.161458,72.897808,Metropolitian ,10.708220667367732,Medium
963,19.120083,72.907385,19.230083,73.017385,Metropolitian ,16.824864367094257,Long
964,30.890184,75.829615,30.920184,75.859615,Metropolitian ,4.395472356874531,Short
965,23.351058,85.325731,23.371058,85.345731,Metropolitian ,3.018911481757933,Short
966,22.728163,75.884212,22.858163,76.014212,Urban ,19.660943947619387,Long
967,21.170096,72.789122,21.200096,72.819122,Metropolitian ,4.5609750236610624,Short
968,18.56245,73.916619,18.61245,73.966619,Urban ,7.660348489151042,Medium
969,21.170096,72.789122,21.190096,72.809122,Metropolitian ,3.040697853651506,Short
970,12.933284,77.615428,12.963284,77.645428,Metropolitian ,4.658009428704655,Short
971,19.875522,75.367127,20.005522,75.497127,Other,19.839595859560124,Long
972,13.064181,80.236442,13.114181,80.286442,Urban ,7.761199672759796,Medium
973,18.536718,73.830327,18.586718,73.880327,Metropolitian ,7.660895664241893,Medium
974,18.516216,73.842527,18.526216,73.852527,Urban ,1.5323511358883408,Short
975,26.911378,75.789034,26.941378,75.819034,Metropolitian ,4.469203457951168,Short
976,11.02091,76.940432,11.10091,77.020432,Metropolitian ,12.463970105024178,Medium
977,19.22384,72.841347,19.26384,72.881347,Metropolitian ,6.116927321899819,Medium
978,22.311603,73.165012,22.331603,73.185012,Urban ,3.02952463419204,Short
979,30.366322,78.070453,30.476322,78.180453,Metropolitian ,16.151082472319857,Long
980,30.361281,78.068022,30.421281,78.128022,Metropolitian ,8.810838587369837,Medium
981,22.751234,75.88949,22.801234,75.93949,Metropolitian ,7.562333809640503,Medium
982,11.025083,77.015393,11.035083,77.025393,Metropolitian ,1.5580766213089028,Short
983,22.310329,73.169083,22.320329,73.179083,Urban ,1.5147937213890765,Short
984,23.351058,85.325731,23.401058,85.375731,Metropolitian ,7.546888128063275,Medium
985,22.732225,75.874765,22.792225,75.934765,Metropolitian ,9.075228438646683,Medium
986,11.022169,76.999594,11.112169,77.089594,Metropolitian ,14.021819246588471,Medium
987,18.546947,73.900626,18.606947,73.960626,Metropolitian ,9.192686206948785,Medium
988,21.15276,72.778059,21.24276,72.868059,Metropolitian ,13.682378876484883,Medium
989,12.939496,77.625999,13.029496,77.715999,Urban ,13.97303705667121,Medium
990,21.160522,72.771477,21.230522,72.841477,Metropolitian ,10.641925519430906,Medium
991,11.006686,76.951736,11.136686,77.081736,Urban ,20.253584375809584,Long
992,19.178321,72.834715,19.208321,72.864715,Metropolitian ,4.58836023949328,Short
993,26.902328,75.794257,26.942328,75.834257,Urban ,5.959032639455132,Medium
994,12.310972,76.659264,12.360972,76.709264,Metropolitian ,7.772430463817006,Medium
995,26.905287,75.794592,26.965287,75.854592,Metropolitian ,8.938093974529659,Medium
996,12.939496,77.625999,13.049496,77.735999,Urban ,17.077821017428217,Long
997,13.005801,80.250744,13.055801,80.300744,Metropolitian ,7.762092914972131,Medium
998,26.49095,80.318656,26.55095,80.378656,Urban ,8.95254860446834,Medium
999,0.0,0.0,0.05,0.05,Other,7.8626681674103684,Medium
1000,26.473698,80.352677,26.533698,80.412677,Other,8.953146585642822,Medium
1001,21.160522,72.771477,21.230522,72.841477,Urban ,10.641925519430906,Medium
1002,11.024839,77.007003,11.044839,77.027003,Urban ,3.1161284905751767,Short
1003,22.75004,75.902847,22.80004,75.952847,Metropolitian ,7.562364213495182,Medium
1004,17.450851,78.379347,17.480851,78.409347,Metropolitian ,4.61013388745304,Short
1005,30.899584,75.809346,30.929584,75.839346,Urban ,4.395289295392326,Short
1006,12.337928,76.617889,12.357928,76.637889,Urban ,3.108902919167669,Short
1007,11.010375,76.95295,11.030375,76.97295,Metropolitian ,3.1162037143241816,Short
1008,18.927584,72.832585,19.007584,72.912585,Metropolitian ,12.243495934751566,Medium
1009,13.066762,80.251865,13.096762,80.281865,Urban ,4.656788095043528,Short
1010,23.355164,85.324097,23.395164,85.364097,Metropolitian ,6.037529176542944,Medium
1011,13.081878,80.248519,13.121878,80.288519,Metropolitian ,6.208803959900656,Medium
1012,18.554382,73.798206,18.594382,73.838206,Metropolitian ,6.128501214161833,Medium
1013,17.424114,78.347554,17.474114,78.397554,Metropolitian ,7.683892680377846,Medium
1014,17.431477,78.40035,17.481477,78.45035,Metropolitian ,7.683744768651806,Medium
1015,22.553227,88.353273,22.613227,88.413273,Metropolitian ,9.080676816811252,Medium
1016,17.431668,78.408321,17.441668,78.418321,Metropolitian ,1.5368285452421355,Short
1017,13.054347,80.257221,13.084347,80.287221,Metropolitian ,4.656902198105632,Short
1018,11.003008,76.97544,11.113008,77.08544,Metropolitian ,17.138041435509773,Long
1019,23.374878,85.335739,23.434878,85.395739,Metropolitian ,9.055364789945758,Medium
1020,12.906229,77.596791,12.936229,77.626791,Metropolitian ,4.658255524232583,Short
1021,13.026279,80.174568,13.036279,80.184568,Metropolitian ,1.5524171512663978,Short
1022,12.323194,76.630583,12.433194,76.740583,Metropolitian ,17.097997931301858,Long
1023,23.359194,85.325447,23.419194,85.385447,Urban ,9.055855161965688,Medium
1024,12.949934,77.699386,12.959934,77.709386,Metropolitian ,1.5526496306640611,Short
1025,11.021278,76.995017,11.081278,77.055017,Metropolitian ,9.348128423503685,Medium
1026,18.539299,73.897902,18.559299,73.917902,Metropolitian ,3.0644638558360477,Short
1027,18.569156,73.774723,18.629156,73.834723,Metropolitian ,9.1921191213112,Medium
1028,12.334022,76.618203,12.444022,76.728203,Metropolitian ,17.09765154986503,Long
1029,23.232537,77.429845,23.252537,77.449845,Metropolitian ,3.0201424289664303,Short
1030,25.454697,81.834492,25.504697,81.884492,Metropolitian ,7.490064599571083,Medium
1031,12.337978,76.616792,12.357978,76.636792,Other,3.108902629159079,Short
1032,18.55144,73.804855,18.60144,73.854855,Metropolitian ,7.660582694185124,Medium
1033,22.751857,75.866699,22.781857,75.896699,Metropolitian ,4.537543599594834,Short
1034,22.32,73.17,22.37,73.22,Urban ,7.573225613488835,Medium
1035,17.433809,78.386744,17.443809,78.396744,Other,1.5368199501610624,Short
1036,13.054347,80.257221,13.074347,80.277221,Metropolitian ,3.1046320933509697,Short
1037,18.593481,73.785901,18.723481,73.915901,Metropolitian ,19.912967189287773,Long
1038,18.533811,73.899315,18.663811,74.029315,Urban ,19.916274899796797,Long
1039,22.32,73.17,22.38,73.23,Metropolitian ,9.087720328092061,Medium
1040,21.149669,72.772629,21.229669,72.852629,Metropolitian ,12.162424445776676,Medium
1041,17.429585,78.392621,17.489585,78.452621,Urban ,9.220418694557548,Medium
1042,17.483216,78.552111,17.553216,78.622111,Metropolitian ,10.75550295962129,Medium
1043,22.745536,75.893106,22.785536,75.933106,Metropolitian ,6.0500849919957504,Medium
1044,30.332735,78.054222,30.412735,78.134222,Metropolitian ,11.748735630962296,Medium
1045,21.149569,72.772697,21.279569,72.902697,Metropolitian ,19.762388480863397,Long
1046,22.761226,75.887522,22.851226,75.977522,Metropolitian ,13.610824622426307,Medium
1047,17.433809,78.386744,17.483809,78.436744,Metropolitian ,7.683697910285141,Medium
1048,22.761226,75.887522,22.791226,75.917522,Urban ,4.5374004790919935,Short
1049,21.157729,72.768726,21.237729,72.848726,Metropolitian ,12.16211593670245,Medium
1050,11.026117,76.944652,11.036117,76.954652,Metropolitian ,1.5580739318109507,Short
1051,13.058616,80.264151,13.118616,80.324151,Metropolitian ,9.313449926160223,Medium
1052,9.982834,76.283268,10.022834,76.323268,Urban ,6.242510272008099,Medium
1053,12.978453,77.643685,12.988453,77.653685,Metropolitian ,1.5525629397905474,Short
1054,19.120083,72.907385,19.170083,72.957385,Metropolitian ,7.648322354566716,Medium
1055,12.981615,80.231598,13.011615,80.261598,Urban ,4.657568579194856,Short
1056,26.913987,75.752891,26.973987,75.812891,Metropolitian ,8.937788557677608,Medium
1057,26.914142,75.805704,26.954142,75.845704,Metropolitian ,5.958756242189132,Medium
1058,0.0,0.0,0.05,0.05,Urban ,7.8626681674103684,Medium
1059,26.913483,75.803139,26.993483,75.883139,Metropolitian ,11.91660643888762,Medium
1060,15.498603,73.826911,15.588603,73.916911,Metropolitian ,13.896406271445391,Medium
1061,17.450851,78.379347,17.580851,78.509347,Metropolitian ,19.97462742500754,Long
1062,18.539299,73.897902,18.569299,73.927902,Urban ,4.5966320417596735,Short
1063,18.546947,73.900626,18.566947,73.920626,Metropolitian ,3.0643988720550097,Short
1064,17.450851,78.379347,17.460851,78.389347,Metropolitian ,1.5367515001851497,Short
1065,26.483672,80.320708,26.503672,80.340708,Metropolitian ,2.9844980913133248,Short
1066,12.914264,77.6784,13.004264,77.7684,Metropolitian ,13.973727486522742,Medium
1067,22.751857,75.866699,22.811857,75.926699,Metropolitian ,9.074628631820477,Medium
1068,19.131141,72.813074,19.201141,72.883074,Metropolitian ,10.707006464770876,Medium
1069,26.910262,75.783013,27.050262,75.923013,Metropolitian ,20.851862908260987,Long
1070,15.561295,73.749478,15.611295,73.799478,Metropolitian ,7.71945484665452,Medium
1071,26.892312,75.806896,27.032312,75.946896,Urban ,20.853334608185772,Long
1072,23.357804,85.325146,23.407804,85.375146,Metropolitian ,7.546712474612291,Medium
1073,19.874733,75.353942,19.884733,75.363942,Urban ,1.526398191491816,Short
1074,13.049645,80.242268,13.179645,80.372268,Urban ,20.178100872930706,Long
1075,22.5491,88.400467,22.5891,88.440467,Metropolitian ,6.054070281086299,Medium
1076,17.455894,78.375467,17.465894,78.385467,Metropolitian ,1.5367312329657887,Short
1077,11.02091,76.940432,11.07091,76.990432,Metropolitian ,7.79017700382207,Medium
1078,23.353783,85.326967,23.483783,85.456967,Urban ,19.619011975960976,Long
1079,23.39925,85.390464,23.47925,85.470464,Metropolitian ,12.072385194581768,Medium
1080,12.986047,80.218114,13.076047,80.308114,Other,13.971759900424404,Medium
1081,26.469003,80.316344,26.539003,80.386344,Urban ,10.445325203576813,Medium
1082,11.02091,76.940432,11.05091,76.970432,Metropolitian ,4.674184358398579,Short
1083,22.725835,75.887648,22.855835,76.017648,Urban ,19.661098170299503,Long
1084,22.753659,75.903365,22.863659,76.013365,Metropolitian ,16.635315203255878,Long
1085,17.45971,78.368855,17.50971,78.418855,Metropolitian ,7.6831770783541575,Medium
1086,19.12663,72.829976,19.20663,72.909976,Urban ,12.236561539555195,Medium
1087,27.163303,78.057044,27.183303,78.077044,Metropolitian ,2.976570182999617,Short
1088,23.351058,85.325731,23.381058,85.355731,Metropolitian ,4.528289130579362,Short
1089,11.003681,76.975525,11.063681,77.035525,Urban ,9.34840333533469,Medium
1090,19.22384,72.841347,19.27384,72.891347,Other,7.646049300624619,Medium
1091,22.307898,73.167788,22.367898,73.227788,Urban ,9.08808409216373,Medium
1092,21.183434,72.814492,21.263434,72.894492,Metropolitian ,12.161131350319085,Medium
1093,25.450377,81.834236,25.470377,81.854236,Metropolitian ,2.996242008148186,Short
1094,26.463504,80.372929,26.533504,80.442929,Metropolitian ,10.445547500579528,Medium
1095,17.41233,78.449654,17.49233,78.529654,Urban ,12.294124530423833,Medium
1096,12.975996,80.221898,13.065996,80.311898,Urban ,13.97203602578282,Medium
1097,19.178321,72.834715,19.258321,72.914715,Metropolitian ,12.234750048931101,Medium
1098,18.636215,73.751081,18.706215,73.821081,Urban ,10.721987300670905,Medium
1099,13.054347,80.257221,13.184347,80.387221,Urban ,20.177913041347885,Long
1100,22.310329,73.169083,22.370329,73.229083,Metropolitian ,9.088011034370902,Medium
1101,13.026286,80.275235,13.086286,80.335235,Urban ,9.314044064891256,Medium
1102,12.906229,77.596791,12.946229,77.636791,Metropolitian ,6.210946741811576,Medium
1103,21.186608,72.794136,21.256608,72.864136,Metropolitian ,10.64105130998603,Medium
1104,22.75004,75.902847,22.88004,76.032847,Urban ,19.659494006264435,Long
1105,13.086438,80.220672,13.176438,80.310672,Metropolitian ,13.968990746014814,Medium
1106,18.533811,73.899315,18.543811,73.909315,Metropolitian ,1.5322764695191087,Short
1107,26.471529,80.313458,26.601529,80.443458,Metropolitian ,19.39601524539439,Long
1108,0.0,0.0,0.04,0.04,Other,6.290134677634678,Medium
1109,26.956431,75.776649,27.086431,75.906649,Metropolitian ,19.359307695551315,Long
1110,22.651847,75.881991,22.721847,75.951991,Metropolitian ,10.590448391072377,Medium
1111,11.021278,76.995017,11.131278,77.105017,Metropolitian ,17.13751702264012,Long
1112,19.131141,72.813074,19.21114,72.893074,Urban ,12.23632280989138,Medium
1113,23.218998,77.373573,23.228998,77.383573,Metropolitian ,1.5101672504862225,Short
1114,26.914142,75.805704,26.934142,75.825704,Urban ,2.9794951426842973,Short
1115,27.160832,78.011608,27.210832,78.061608,Metropolitian ,7.441056176509003,Medium
1116,30.885915,75.788259,30.995915,75.898259,Metropolitian ,16.1141774821139,Long
1117,22.745049,75.892471,22.785049,75.932471,Urban ,6.050094908857793,Medium
1118,11.021278,76.995017,11.031278,77.005017,Metropolitian ,1.558086516247252,Short
1119,22.651847,75.881991,22.721847,75.951991,Urban ,10.590448391072377,Medium
1120,22.310329,73.169083,22.370329,73.229083,Urban ,9.088011034370902,Medium
1121,12.323978,76.627961,12.333978,76.637961,Metropolitian ,1.5545063790422489,Short
1122,22.695207,75.866059,22.745207,75.916059,Metropolitian ,7.563759001970448,Medium
1123,11.001753,76.986241,11.091753,77.076241,Metropolitian ,14.022298282478662,Medium
1124,19.120083,72.907385,19.250083,73.037385,Metropolitian ,19.883360631546168,Long
1125,23.235123,77.398886,23.255123,77.418886,Metropolitian ,3.0201156277954664,Short
1126,17.426228,78.407495,17.466228,78.447495,Urban ,6.147160558529806,Medium
1127,19.254567,72.848923,19.264567,72.858923,Metropolitian ,1.529162766029935,Short
1128,26.911378,75.789034,27.051378,75.929034,Urban ,20.851771383104897,Long
1129,22.533662,88.366217,22.593662,88.426217,Metropolitian ,9.081270101190814,Medium
1130,22.728163,75.884212,22.738163,75.894212,Metropolitian ,1.5126859754650717,Short
1131,11.000762,76.981876,11.080762,77.061876,Metropolitian ,12.46439009964234,Medium
1132,13.091809,80.219104,13.101809,80.229104,Urban ,1.5522165637175793,Short
1133,26.474986,80.342796,26.564986,80.432796,Metropolitian ,13.428872375814057,Medium
1134,15.5696,73.742294,15.6196,73.792294,Metropolitian ,7.719304592034689,Medium
1135,19.1093,72.825451,19.1693,72.885451,Metropolitian ,9.178138375055346,Medium
1136,26.849596,75.800512,26.929596,75.880512,Metropolitian ,11.919595217847732,Medium
1137,13.064181,80.236442,13.094181,80.266442,Metropolitian ,4.656811824870968,Short
1138,22.310237,73.158921,22.340237,73.188921,Other,4.544232356931138,Short
1139,30.885814,75.786976,30.935814,75.836976,Metropolitian ,7.3256043849602595,Medium
1140,17.438263,78.397865,17.528263,78.487865,Metropolitian ,13.829770499572875,Medium
1141,27.195928,77.998092,27.325928,78.128092,Metropolitian ,19.34098355293587,Long
1142,26.483672,80.320708,26.523672,80.360708,Urban ,5.968765122136668,Medium
1143,26.913726,75.75282,26.993726,75.83282,Metropolitian ,11.916595060070058,Medium
1144,11.02091,76.940432,11.08091,77.000432,Metropolitian ,9.348134176983455,Medium
1145,22.310526,73.170937,22.360526,73.220937,Urban ,7.573462889023593,Medium
1146,18.563934,73.915367,18.673935,74.025367,Metropolitian ,16.851371030914677,Long
1147,19.1093,72.825451,19.1493,72.865451,Metropolitian ,6.1189337686419085,Medium
1148,12.934365,77.616155,13.064365,77.746155,Metropolitian ,20.182685858169425,Long
1149,26.956431,75.776649,26.976431,75.796649,Metropolitian ,2.979000203434651,Short
1150,22.751857,75.866699,22.881857,75.996699,Metropolitian ,19.65937352744409,Long
1151,26.921411,75.793604,27.061411,75.933604,Metropolitian ,20.85094842431246,Long
1152,13.066762,80.251865,13.126762,80.311865,Metropolitian ,9.313300003113463,Medium
1153,12.352058,76.60665,12.402058,76.65665,Urban ,7.771834302405156,Medium
1154,18.592718,73.773572,18.672718,73.853572,Metropolitian ,12.255014344808073,Medium
1155,18.543626,73.905101,18.623626,73.985101,Metropolitian ,12.256687342592544,Medium
1156,26.892312,75.806896,26.912312,75.826896,Metropolitian ,2.979750394372829,Short
1157,17.410371,78.437225,17.480371,78.507225,Metropolitian ,10.757554773158116,Medium
1158,18.530963,73.828972,18.660963,73.958972,Metropolitian ,19.91643253383978,Long
1159,22.761226,75.887522,22.891226,76.017522,Urban ,19.658752171965087,Long
1160,15.498603,73.826911,15.558603,73.886911,Metropolitian ,9.264595774312983,Medium
1161,22.725835,75.887648,22.755835,75.917648,Metropolitian ,4.537940846051362,Short
1162,27.195928,77.998092,27.305928,78.108092,Metropolitian ,16.36609806072391,Long
1163,12.323194,76.630583,12.413194,76.720583,Metropolitian ,13.989532967706147,Medium
1164,10.96185,76.971082,11.05185,77.061082,Metropolitian ,14.02323208308413,Medium
1165,13.086438,80.220672,13.156439,80.290672,Urban ,10.865065738215877,Medium
1166,26.902328,75.794257,26.972328,75.864257,Urban ,10.427692569177225,Medium
1167,13.026279,80.174568,13.076279,80.224568,Other,7.761780026109035,Medium
1168,21.185047,72.80859,21.245047,72.86859,Metropolitian ,9.121089774937934,Medium
1169,18.593481,73.785901,18.643481,73.835901,Metropolitian ,7.659687719504771,Medium
1170,21.149569,72.772697,21.259569,72.882697,Metropolitian ,16.72254842071454,Long
1171,26.90294,75.793007,26.91294,75.803007,Metropolitian ,1.489842306740158,Short
1172,23.359407,85.325055,23.419407,85.385055,Metropolitian ,9.05584850422668,Medium
1173,22.310329,73.169083,22.360329,73.219083,Metropolitian ,7.573467821949986,Medium
1174,21.175104,72.804342,21.225104,72.854342,Metropolitian ,7.6012659082245335,Medium
1175,22.651847,75.881991,22.711847,75.941991,Urban ,9.077679565695165,Medium
1176,10.994136,76.963303,11.124136,77.093303,Metropolitian ,20.254010036497217,Long
1177,23.359033,85.325347,23.449033,85.415347,Metropolitian ,13.583086214934681,Medium
1178,23.355164,85.324097,23.425164,85.394097,Metropolitian ,10.56512884564869,Medium
1179,18.593481,73.785901,18.643481,73.835901,Urban ,7.659687719504771,Medium
1180,22.751857,75.866699,22.811857,75.926699,Urban ,9.074628631820477,Medium
1181,12.3085,76.665808,12.3785,76.735808,Metropolitian ,10.88124973155242,Medium
1182,15.574828,73.766883,15.614828,73.806883,Metropolitian ,6.175440417125766,Medium
1183,22.751857,75.866699,22.771857,75.886699,Metropolitian ,3.02507998731458,Short
1184,10.96185,76.971082,11.02185,77.031082,Urban ,9.349055143285232,Medium
1185,22.651847,75.881991,22.701847,75.931991,Metropolitian ,7.564859910416586,Medium
1186,11.025083,77.015393,11.075083,77.065393,Metropolitian ,7.7901226497639176,Medium
1187,12.933284,77.615428,12.993284,77.675428,Metropolitian ,9.31574536154532,Medium
1188,23.374878,85.335739,23.424878,85.385739,Metropolitian ,7.546267706957808,Medium
1189,17.430448,78.418213,17.520448,78.508213,Metropolitian ,13.830053479838757,Medium
1190,12.978453,77.643685,13.008453,77.673685,Metropolitian ,4.65759746927107,Short
1191,30.885915,75.788259,30.905915,75.808259,Metropolitian ,2.93043523723647,Short
1192,21.149834,72.778666,21.279834,72.908666,Urban ,19.762371983679323,Long
1193,18.53408,73.89852,18.60408,73.96852,Metropolitian ,10.72503463788064,Medium
1194,25.459775,81.834841,25.569775,81.944841,Urban ,16.47598057072413,Long
1195,12.98041,77.640489,13.09041,77.750489,Metropolitian ,17.07644834661671,Long
1196,9.979186,76.317361,9.989186,76.327361,Metropolitian ,1.5606716526493072,Short
1197,12.323194,76.630583,12.353194,76.660583,Urban ,4.663439017652866,Short
1198,26.914142,75.805704,26.994142,75.885704,Metropolitian ,11.916575580095856,Medium
1199,12.906229,77.596791,12.956229,77.646791,Metropolitian ,7.763607607839583,Medium
1200,30.893081,75.821495,30.933081,75.861495,Metropolitian ,5.860424706255567,Medium
1201,18.927584,72.832585,18.977584,72.882585,Other,7.652510173140083,Medium
1202,19.254567,72.848923,19.314567,72.908923,Metropolitian ,9.174316774026583,Medium
1203,23.355164,85.324097,23.415164,85.384097,Metropolitian ,9.05598111792485,Medium
1204,18.592718,73.773572,18.602718,73.783572,Urban ,1.5320260227344966,Short
1205,12.934365,77.616155,13.064365,77.746155,Other,20.182685858169425,Long
1206,30.885814,75.786976,30.905814,75.806976,Urban ,2.9304365481025267,Short
1207,17.455894,78.375467,17.515894,78.435467,Urban ,9.219783818325867,Medium
1208,26.482419,80.320939,26.572419,80.410939,Other,13.428485784085986,Medium
1209,18.536718,73.830327,18.596719,73.890327,Metropolitian ,9.193027874171595,Medium
1210,17.430448,78.418213,17.500448,78.488213,Metropolitian ,10.756990051436178,Medium
1211,22.514688,88.393294,22.534688,88.413294,Metropolitian ,3.0274836348511345,Short
1212,22.745536,75.893106,22.825536,75.973106,Metropolitian ,12.099354574707203,Medium
1213,13.005801,80.250744,13.085801,80.330744,Metropolitian ,12.41898167230392,Medium
1214,12.323994,76.626167,12.373994,76.676167,Urban ,7.772241719523405,Medium
1215,12.323994,76.626167,12.373994,76.676167,Metropolitian ,7.772241719523405,Medium
1216,11.024839,77.007003,11.064839,77.047003,Metropolitian ,6.232152800668448,Medium
1217,23.353783,85.326967,23.363783,85.336967,Urban ,1.5094675843674927,Short
1218,23.416792,85.316842,23.496792,85.396842,Metropolitian ,12.07165255902904,Medium
1219,19.876106,75.340775,19.926106,75.390775,Metropolitian ,7.631507423907992,Medium
1220,21.157735,72.768778,21.187735,72.798778,Metropolitian ,4.5611523412091035,Short
1221,12.326356,76.619103,12.386356,76.679103,Metropolitian ,9.326561838120917,Medium
1222,26.49095,80.318656,26.50095,80.328656,Metropolitian ,1.4922358976855798,Short
1223,13.02978,80.208812,13.03978,80.218812,Metropolitian ,1.5524064590046618,Short
1224,22.751857,75.866699,22.821857,75.936699,Metropolitian ,10.586888296813168,Medium
1225,18.516216,73.842527,18.576216,73.902527,Metropolitian ,9.193469879776085,Medium
1226,18.543626,73.905101,18.613626,73.975101,Metropolitian ,10.724750462254962,Medium
1227,30.899992,75.831338,30.949992,75.881338,Metropolitian ,7.325144114150348,Medium
1228,18.543626,73.905101,18.603626,73.965101,Metropolitian ,9.192770952683,Medium
1229,23.266261,77.379605,23.296261,77.409605,Metropolitian ,4.529611222928994,Short
1230,30.905562,75.832841,30.985562,75.912841,Metropolitian ,11.71916113120418,Medium
1231,21.186884,72.793616,21.256884,72.863616,Metropolitian ,10.641042055468635,Medium
1232,23.333017,85.3172,23.403017,85.3872,Metropolitian ,10.565936169903276,Medium
1233,30.327968,78.046106,30.377968,78.096106,Metropolitian ,7.343593509992689,Medium
1234,22.760072,75.892574,22.770072,75.902574,Metropolitian ,1.5125236323328126,Short
1235,17.455894,78.375467,17.475894,78.395467,Metropolitian ,3.073422258763914,Short
1236,26.474986,80.342796,26.534986,80.402796,Metropolitian ,8.95310195230211,Medium
1237,17.455894,78.375467,17.585894,78.505467,Metropolitian ,19.97436311932328,Long
1238,12.933284,77.615428,12.983284,77.665428,Urban ,7.763197145329057,Medium
1239,22.760072,75.892574,22.790072,75.922574,Metropolitian ,4.5374181102775015,Short
1240,12.323225,76.630028,12.363225,76.670028,Metropolitian ,6.21786032966792,Medium
1241,22.32,73.17,22.4,73.25,Metropolitian ,12.116559162817445,Medium
1242,12.986047,80.218114,13.076047,80.308114,Metropolitian ,13.971759900424404,Medium
1243,21.175975,72.795503,21.255975,72.875503,Metropolitian ,12.161417162420864,Medium
1244,22.307898,73.167788,22.337898,73.197788,Other,4.544267482983502,Short
1245,21.157729,72.768726,21.207729,72.818726,Other,7.6016815283420005,Medium
1246,10.994136,76.963303,11.054136,77.023303,Metropolitian ,9.348552276073129,Medium
1247,13.081878,80.248519,13.141878,80.308519,Metropolitian ,9.31302156464039,Medium
1248,13.044694,80.26147,13.104694,80.32147,Metropolitian ,9.313705947301067,Medium
1249,19.176269,72.836721,19.196269,72.856721,Metropolitian ,3.0589686156369122,Short
1250,12.337978,76.616792,12.367978,76.646792,Metropolitian ,4.663310416717064,Short
1251,11.022169,76.999594,11.132169,77.109594,Metropolitian ,17.13749142638868,Long
1252,17.422819,78.449578,17.432819,78.459578,Metropolitian ,1.5368640594154632,Short
1253,12.323194,76.630583,12.333194,76.640583,Metropolitian ,1.554508649284574,Short
1254,22.725748,75.898497,22.835748,76.008497,Urban ,16.63687991359285,Long
1255,12.323194,76.630583,12.373194,76.680583,Urban ,7.772253320446222,Medium
1256,12.914264,77.6784,12.934264,77.6984,Urban ,3.1054853062814796,Short
1257,12.323978,76.627961,12.383978,76.687961,Metropolitian ,9.326603239771995,Medium
1258,21.15276,72.778059,21.18276,72.808059,Metropolitian ,4.561223681552014,Short
1259,23.369746,85.33982,23.499746,85.46982,Metropolitian ,19.617929437389737,Long
1260,12.326356,76.619103,12.436356,76.729103,Urban ,17.097896810815786,Long
1261,11.006686,76.951736,11.046686,76.991736,Other,6.23234175460953,Medium
1262,11.02091,76.940432,11.06091,76.980432,Metropolitian ,6.2321937230153095,Medium
1263,18.593481,73.785901,18.673481,73.865901,Metropolitian ,12.25498831107492,Medium
1264,23.357804,85.325146,23.417804,85.385146,Urban ,9.055898607911567,Medium
1265,22.551084,88.354127,22.611084,88.414127,Metropolitian ,9.08074182217772,Medium
1266,26.849596,75.800512,26.939596,75.890512,Metropolitian ,13.409281444577916,Medium
1267,23.354422,85.3329,23.444422,85.4229,Metropolitian ,13.583302501334563,Medium
1268,17.483216,78.552111,17.613216,78.682111,Urban ,19.972929947942678,Long
1269,12.323978,76.627961,12.393978,76.697961,Urban ,10.880935438433784,Medium
1270,11.022298,76.998349,11.032298,77.008349,Metropolitian ,1.558083864052165,Short
1271,18.927584,72.832585,19.057584,72.962585,Metropolitian ,19.894269594418027,Long
1272,12.284747,76.625861,12.304747,76.645861,Urban ,3.1092107394966533,Short
1273,26.463504,80.372929,26.503504,80.412929,Metropolitian ,5.969230894896828,Medium
1274,26.956431,75.776649,27.026431,75.846649,Urban ,10.42547510005715,Medium
1275,27.157772,78.04725,27.297772,78.18725,Metropolitian ,20.831491003915616,Long
1276,12.913041,77.683237,12.943041,77.713237,Metropolitian ,4.658193607834146,Short
1277,15.516833,73.768172,15.566833,73.818172,Metropolitian ,7.720257981968632,Medium
1278,17.450851,78.379347,17.470851,78.399347,Metropolitian ,3.0734628038685763,Short
1279,26.766536,75.837333,26.776536,75.847333,Metropolitian ,1.490638044241681,Short
1280,18.516216,73.842527,18.536216,73.862527,Urban ,3.0646598407970975,Short
1281,22.533662,88.366217,22.603662,88.436217,Urban ,10.59463814448895,Medium
1282,21.160437,72.774209,21.170437,72.784209,Metropolitian ,1.520419007277728,Short
1283,13.005801,80.250744,13.015801,80.260744,Metropolitian ,1.552479637305569,Short
1284,13.049645,80.242268,13.099645,80.292268,Urban ,7.761422437275434,Medium
1285,12.98041,77.640489,13.03041,77.690489,Metropolitian ,7.762480218802519,Medium
1286,12.311072,76.654878,12.381072,76.724878,Urban ,10.881197531247286,Medium
1287,19.879631,75.323403,19.939631,75.383403,Urban ,9.157577302527878,Medium
1288,18.536562,73.896485,18.566562,73.926485,Urban ,4.596666925181729,Short
1289,17.429585,78.392621,17.479585,78.442621,Metropolitian ,7.683782781592688,Medium
1290,26.905287,75.794592,26.935287,75.824592,Urban ,4.469310320115588,Short
1291,26.474986,80.342796,26.554986,80.422796,Urban ,11.937006781135121,Medium
1292,21.173343,72.792731,21.213343,72.832731,Metropolitian ,6.081142187745758,Medium
1293,13.027018,80.254791,13.117018,80.344791,Urban ,13.970632221183653,Medium
1294,23.351058,85.325731,23.381058,85.355731,Urban ,4.528289130579362,Short
1295,12.935662,77.61413,13.025662,77.70413,Metropolitian ,13.973142050149471,Medium
1296,10.96185,76.971082,11.03185,77.041082,Metropolitian ,10.90714015156803,Medium
1297,12.933284,77.615428,13.023284,77.705428,Metropolitian ,13.973207156405028,Medium
1298,30.362686,78.06889,30.502686,78.20889,Metropolitian ,20.55490010024348,Long
1299,26.910262,75.783013,27.040262,75.913013,Metropolitian ,19.362825446415616,Long
1300,13.081878,80.248519,13.131878,80.298519,Urban ,7.760928146684985,Medium
1301,22.527893,88.368628,22.557893,88.398628,Metropolitian ,4.540949825082861,Short
1302,11.022169,76.999594,11.152169,77.129594,Metropolitian ,20.253058591951973,Long
1303,26.90294,75.793007,26.98294,75.873007,Metropolitian ,11.917100051488175,Medium
1304,25.450377,81.834236,25.480377,81.864236,Metropolitian ,4.494279117295318,Short
1305,21.186438,72.794115,21.196438,72.804115,Metropolitian ,1.5202946823341181,Short
1306,22.577821,88.400581,22.707821,88.530581,Metropolitian ,19.67087590822053,Long
1307,18.569156,73.774723,18.589156,73.794723,Metropolitian ,3.0642100281010207,Short
1308,18.536718,73.830327,18.556718,73.850327,Metropolitian ,3.064485780675921,Short
1309,11.026117,76.944652,11.036117,76.954652,Other,1.5580739318109507,Short
1310,23.353783,85.326967,23.363783,85.336967,Metropolitian ,1.5094675843674927,Short
1311,12.311072,76.654878,12.421072,76.764878,Metropolitian ,17.098385362043125,Long
1312,23.359033,85.325347,23.429033,85.395347,Metropolitian ,10.564987742503048,Medium
1313,22.732225,75.874765,22.822225,75.964765,Metropolitian ,13.612154686696034,Medium
1314,22.760072,75.892574,22.890072,76.022574,Metropolitian ,19.65882871745452,Long
1315,12.934365,77.616155,12.994365,77.676155,Urban ,9.315725653468553,Medium
1316,30.362686,78.06889,30.392686,78.09889,Metropolitian ,4.405680947751476,Short
1317,18.536718,73.830327,18.576718,73.870328,Semi-Urban ,6.128874096846778,Medium
1318,11.025083,77.015393,11.085083,77.075393,Metropolitian ,9.348068923522419,Medium
1319,22.732225,75.874765,22.802225,75.944765,Other,10.587588203123202,Medium
1320,18.927584,72.832585,18.957584,72.862585,Metropolitian ,4.591636071833539,Short
1321,15.546594,73.760431,15.556594,73.770431,Metropolitian ,1.544016399332237,Short
1322,12.337928,76.617889,12.387928,76.667889,Metropolitian ,7.772039544673123,Medium
1323,12.352058,76.60665,12.412058,76.66665,Other,9.326113870790188,Medium
1324,22.744648,75.894377,22.834648,75.984377,Metropolitian ,13.61158511177172,Medium
1325,21.186608,72.794136,21.236608,72.844136,Metropolitian ,7.60099056137637,Medium
1326,12.970324,77.645748,13.080324,77.755748,Metropolitian ,17.076787116458906,Long
1327,12.972793,80.249982,12.992793,80.269982,Urban ,3.1051298892162484,Short
1328,15.157944,73.950889,15.247944,74.040889,Metropolitian ,13.907355216214563,Medium
1329,25.45235,81.841889,25.51235,81.901889,Metropolitian ,8.987988358567904,Medium
1330,12.284747,76.625861,12.374747,76.715861,Metropolitian ,13.990536544119859,Medium
1331,19.178321,72.834715,19.198321,72.854715,Metropolitian ,3.0589506421329244,Short
1332,13.027018,80.254791,13.077018,80.304791,Metropolitian ,7.761768725951301,Medium
1333,13.064181,80.236442,13.074181,80.246442,Metropolitian ,1.5523012503301423,Short
1334,26.902908,75.792934,26.942908,75.832934,Metropolitian ,5.95901907216883,Medium
1335,27.16185,78.040165,27.24185,78.120165,Metropolitian ,11.904934021697455,Medium
1336,30.88722,75.804893,30.91722,75.834893,Metropolitian ,4.395530071409432,Short
1337,26.913726,75.75282,26.933726,75.77282,Urban ,2.9795000083815664,Short
1338,18.543626,73.905101,18.613626,73.975101,Urban ,10.724750462254962,Medium
1339,11.016298,76.972076,11.126298,77.082076,Metropolitian ,17.137660049153638,Long
1340,18.53408,73.89852,18.64408,74.00852,Semi-Urban ,16.85268897082353,Long
1341,30.328174,78.049117,30.438174,78.159117,Urban ,16.153774202105687,Long
1342,11.008638,76.984311,11.118638,77.094311,Metropolitian ,17.13787992418603,Long
1343,13.049645,80.242268,13.069645,80.262268,Metropolitian ,3.1046608747204867,Short
1344,12.978453,77.643685,13.068453,77.733685,Other,13.971968544834713,Medium
1345,12.934365,77.616155,12.974365,77.656155,Metropolitian ,6.210605364096202,Medium
1346,11.02091,76.940432,11.03091,76.950432,Metropolitian ,1.558087473060446,Short
1347,22.538731,88.364878,22.568731,88.394878,Metropolitian ,4.540785657913261,Short
1348,23.232537,77.429845,23.302537,77.499845,Metropolitian ,10.56959081160126,Medium
1349,21.149569,72.772697,21.229569,72.852697,Metropolitian ,12.162428272787263,Medium
1350,11.001753,76.986241,11.021753,77.006241,Metropolitian ,3.1162485097897914,Short
1351,11.02091,76.940432,11.03091,76.950432,Urban ,1.558087473060446,Short
1352,13.029198,77.570997,13.099198,77.640997,Metropolitian ,10.866215152974826,Medium
1353,12.325461,76.632278,12.345461,76.652278,Metropolitian ,3.1089751947117557,Short
1354,17.451976,78.385883,17.541976,78.475883,Urban ,13.829273672566568,Medium
1355,27.158822,78.045359,27.248822,78.135359,Metropolitian ,13.39294587676811,Medium
1356,13.081878,80.248519,13.091878,80.258519,Metropolitian ,1.5522470243425357,Short
1357,19.003517,72.82765,19.083517,72.90765,Metropolitian ,12.240858274114181,Medium
1358,23.371292,85.327872,23.421292,85.377872,Metropolitian ,7.54636114298463,Medium
1359,11.000762,76.981876,11.050762,77.031876,Metropolitian ,7.790439155314433,Medium
1360,18.520016,73.830547,18.530016,73.840547,Other,1.5323350156093773,Short
1361,11.003681,76.975525,11.093681,77.065525,Metropolitian ,14.022253080995734,Medium
1362,11.026117,76.944652,11.156117,77.074652,Metropolitian ,20.252924408847694,Long
1363,12.337928,76.617889,12.427928,76.707889,Metropolitian ,13.989147573067978,Medium
1364,15.546594,73.760431,15.566594,73.780431,Urban ,3.0879966861295047,Short
1365,22.751234,75.88949,22.841234,75.97949,Metropolitian ,13.611283046203784,Medium
1366,11.006686,76.951736,11.026686,76.971736,Urban ,3.1162228846233258,Short
1367,12.304569,76.643622,12.334569,76.673622,Urban ,4.663600819587713,Short
1368,12.933284,77.615428,12.973284,77.655428,Metropolitian ,6.210618493121105,Medium
1369,26.911927,75.797282,26.921927,75.807282,Urban ,1.4897897668124565,Short
1370,13.086438,80.220672,13.106438,80.240672,Urban ,3.1044353971265153,Short
1371,23.357804,85.325146,23.387804,85.355146,Metropolitian ,4.528183776759229,Short
1372,23.351489,85.324253,23.481489,85.454253,Metropolitian ,19.619167493303834,Long
1373,21.173493,72.801953,21.253493,72.881953,Urban ,12.161512247541806,Medium
1374,19.22384,72.841347,19.33384,72.951347,Metropolitian ,16.81985660809769,Long
1375,11.022169,76.999594,11.072169,77.049594,Semi-Urban ,7.790160607220327,Medium
1376,11.026117,76.944652,11.086117,77.004652,Urban ,9.348052751111045,Medium
1377,12.978453,77.643685,13.088453,77.753685,Metropolitian ,17.07651409817472,Long
1378,17.458998,78.500366,17.548998,78.590366,Urban ,13.82901912445418,Medium
1379,11.001753,76.986241,11.071753,77.056241,Metropolitian ,10.90641450035058,Medium
1380,30.319528,78.040267,30.449528,78.170267,Metropolitian ,19.090710062524995,Long
1381,19.12663,72.829976,19.21663,72.919976,Other,13.765934616154224,Medium
1382,21.173343,72.792731,21.223343,72.842731,Metropolitian ,7.601308045983427,Medium
1383,23.359194,85.325447,23.369194,85.335447,Urban ,1.509439424217415,Short
1384,22.751234,75.88949,22.831234,75.96949,Urban ,12.099122314389145,Medium
1385,11.022298,76.998349,11.102298,77.078349,Urban ,12.463941144205046,Medium
1386,17.422819,78.449578,17.532819,78.559578,Metropolitian ,16.90329321306572,Long
1387,26.463504,80.372929,26.513504,80.422929,Metropolitian ,7.461394236453595,Medium
1388,17.433809,78.386744,17.503809,78.456744,Urban ,10.756895455613957,Medium
1389,-23.230791,77.43702,23.250791,77.45702,Metropolitian ,5168.516552727513,Very Long
1390,23.39925,85.390464,23.48925,85.480464,Metropolitian ,13.581198240268998,Medium
1391,21.183434,72.814492,21.213434,72.844492,Metropolitian ,4.560783589287882,Short
1392,17.438263,78.397865,17.448263,78.407865,Metropolitian ,1.536802066395073,Short
1393,19.121999,72.908493,19.201999,72.988493,Metropolitian ,12.236723616598821,Medium
1394,18.516216,73.842527,18.536216,73.862527,Metropolitian ,3.0646598407970975,Short
1395,26.913726,75.75282,26.973726,75.812821,Urban ,8.937863682516067,Medium
1396,12.935662,77.61413,12.995662,77.67413,Metropolitian ,9.315702005351099,Medium
1397,26.902328,75.794257,27.012328,75.904257,Metropolitian ,16.385085235064917,Long
1398,11.021278,76.995017,11.031278,77.005017,Urban ,1.558086516247252,Short
1399,22.311844,73.165081,22.351844,73.205081,Metropolitian ,6.058844117463415,Medium
1400,12.975377,77.696664,13.065377,77.786664,Metropolitian ,13.972053024558202,Medium
1401,22.32,73.17,22.45,73.3,Urban ,19.687776694180275,Long
1402,17.422819,78.449578,17.432819,78.459578,Urban ,1.5368640594154632,Short
1403,0.0,0.0,0.09,0.09,Urban ,14.15280068944862,Medium
1404,22.732225,75.874765,22.802225,75.944765,Metropolitian ,10.587588203123202,Medium
1405,21.173493,72.801953,21.253493,72.881953,Metropolitian ,12.161512247541806,Medium
1406,23.264015,77.408236,23.314015,77.458236,Metropolitian ,7.5491507095910455,Medium
1407,13.086438,80.220672,13.116438,80.250672,Metropolitian ,4.6566070460130335,Short
1408,12.972793,80.249982,12.992793,80.269982,Metropolitian ,3.1051298892162484,Short
1409,21.149569,72.772697,21.169569,72.792697,Metropolitian ,3.040894085204392,Short
1410,26.921411,75.793604,26.941411,75.813604,Metropolitian ,2.9794101120234657,Short
1411,23.351058,85.325731,23.481058,85.455731,Metropolitian ,19.619196710684104,Long
1412,26.911378,75.789034,26.991378,75.869034,Urban ,11.916705005077912,Medium
1413,19.874449,75.360232,19.954449,75.440232,Metropolitian ,12.209928252230926,Medium
1414,12.310972,76.659264,12.400972,76.749264,Metropolitian ,13.98985232208903,Medium
1415,23.416792,85.316842,23.526792,85.426842,Urban ,16.5976594203346,Long
1416,12.321214,76.621094,12.411214,76.711094,Other,13.98958472463614,Medium
1417,17.422819,78.449578,17.452819,78.479578,Metropolitian ,4.6104717430467055,Short
1418,13.044694,80.26147,13.094694,80.31147,Metropolitian ,7.761498257466512,Medium
1419,21.186608,72.794136,21.226608,72.834136,Metropolitian ,6.080888252609413,Medium
1420,12.316967,76.603067,12.396967,76.683067,Urban ,12.435401342193384,Medium
1421,30.89286,75.822199,31.02286,75.952199,Metropolitian ,19.042595484787466,Long
1422,18.536562,73.896485,18.666562,74.026485,Metropolitian ,19.91612261382003,Long
1423,21.173343,72.792731,21.193343,72.812731,Urban ,3.0406667980769306,Short
1424,18.533811,73.899315,18.553811,73.919315,Metropolitian ,3.0645104714745766,Short
1425,30.340722,78.060221,30.450722,78.170221,Metropolitian ,16.152889083533523,Long
1426,12.979096,77.640625,12.999096,77.660625,Urban ,3.1050915227009073,Short
1427,13.005801,80.250744,13.035801,80.280744,Metropolitian ,4.657347378001307,Short
1428,12.986047,80.218114,13.016047,80.248114,Urban ,4.657528074267125,Short
1429,21.186608,72.794136,21.196608,72.804136,Urban ,1.5202938690318846,Short
1430,27.161694,78.034714,27.241694,78.114714,Metropolitian ,11.904941379677375,Medium
1431,10.994136,76.963303,11.044136,77.013303,Metropolitian ,7.790525266841116,Medium
1432,26.473698,80.352677,26.533698,80.412677,Urban ,8.953146585642822,Medium
1433,26.482419,80.320939,26.522419,80.360939,Metropolitian ,5.968794067984423,Medium
1434,22.311844,73.165081,22.421844,73.275081,Urban ,16.659890497111576,Long
1435,19.121999,72.908493,19.211999,72.998493,Metropolitian ,13.766116995712071,Medium
1436,26.846156,75.8023,26.926156,75.8823,Metropolitian ,11.919755989352518,Medium
1437,19.879631,75.323403,20.009631,75.453403,Metropolitian ,19.83935367946803,Long
1438,12.970324,77.645748,12.990324,77.665748,Metropolitian ,3.1051449132267224,Short
1439,18.546947,73.900626,18.596947,73.950626,Other,7.660678233235358,Medium
1440,26.90519,75.810753,26.95519,75.860753,Metropolitian ,7.448560816474404,Medium
1441,13.026279,80.174568,13.136279,80.284568,Metropolitian ,17.074904532036182,Long
1442,21.157729,72.768726,21.177729,72.788726,Metropolitian ,3.0408160982094503,Short
1443,21.175104,72.804342,21.285104,72.914342,Urban ,16.721203191622664,Long
1444,18.539299,73.897902,18.599299,73.957902,Urban ,9.19288134903859,Medium
1445,26.914142,75.805704,26.934142,75.825704,Metropolitian ,2.9794951426842973,Short
1446,18.554382,73.798206,18.684382,73.928206,Metropolitian ,19.915135664660756,Long
1447,12.933284,77.615428,12.963284,77.645428,Urban ,4.658009428704655,Short
1448,26.921411,75.793604,27.001411,75.873604,Urban ,11.916235157218114,Medium
1449,18.539299,73.897902,18.589299,73.947902,Metropolitian ,7.660840811905869,Medium
1450,17.41233,78.449654,17.43233,78.469654,Metropolitian ,3.0737721530635134,Short
1451,22.308096,73.167753,22.328096,73.187753,Metropolitian ,3.029559739501292,Short
1452,18.563934,73.915367,18.613934,73.965367,Metropolitian ,7.6603169118326635,Medium
1453,22.538731,88.364878,22.588731,88.414878,Metropolitian ,7.5677234223369325,Medium
1454,0.0,0.0,0.01,0.01,Urban ,1.5725337292863206,Short
1455,27.163303,78.057044,27.213303,78.107044,Metropolitian ,7.440983364732096,Medium
1456,23.374989,85.335486,23.424989,85.385486,Metropolitian ,7.54626481457251,Medium
1457,23.357804,85.325146,23.467804,85.435146,Metropolitian ,16.601046189402922,Long
1458,11.006686,76.951736,11.136686,77.081736,Metropolitian ,20.253584375809584,Long
1459,11.021278,76.995017,11.061278,77.035017,Metropolitian ,6.232189890723994,Medium
1460,19.12663,72.829976,19.14663,72.849976,Other,3.0594028768205965,Short
1461,21.157729,72.768726,21.267729,72.878726,Metropolitian ,16.722118691803292,Long
1462,13.086438,80.220672,13.126439,80.260672,Other,6.208827615118725,Medium
1463,9.991703,76.293136,10.071703,76.373136,Urban ,12.484473082437827,Medium
1464,19.888716,75.321461,19.928716,75.361461,Urban ,6.105068213538654,Medium
1465,22.745049,75.892471,22.805049,75.952471,Other,9.074836683459448,Medium
1466,11.021278,76.995017,11.151278,77.125017,Urban ,20.253088868519857,Long
1467,21.15276,72.778059,21.17276,72.798059,Metropolitian ,3.040863591225636,Short
1468,26.88842,75.800689,27.01842,75.930689,Metropolitian ,19.36448799328119,Long
1469,22.695207,75.866059,22.785207,75.956059,Urban ,13.613850325840245,Medium
1470,12.323225,76.630028,12.453225,76.760028,Metropolitian ,20.206344895189716,Long
1471,18.546258,73.904337,18.576258,73.934337,Metropolitian ,4.596543327363633,Short
1472,18.55144,73.804855,18.61144,73.864855,Metropolitian ,9.192571532077354,Medium
1473,19.207222,72.972281,19.247222,73.012281,Metropolitian ,6.1172190955626995,Medium
1474,17.458998,78.500366,17.468998,78.510366,Metropolitian ,1.5367187556839161,Short
1475,11.024839,77.007003,11.094839,77.077003,Metropolitian ,10.905993510336524,Medium
1476,11.021278,76.995017,11.091278,77.065017,Metropolitian ,10.906058503327996,Medium
1477,27.201725,78.007553,27.331725,78.137553,Metropolitian ,19.34053844051665,Long
1478,9.960846,76.293936,10.040846,76.373936,Urban ,12.485057737518172,Medium
1479,17.45971,78.368855,17.58971,78.498855,Urban ,19.97416307478467,Long
1480,17.438263,78.397865,17.448263,78.407865,Urban ,1.536802066395073,Short
1481,23.234631,77.401663,23.304631,77.471663,Urban ,10.569514785453496,Medium
1482,17.431477,78.40035,17.511477,78.48035,Metropolitian ,12.293508819559431,Medium
1483,18.554382,73.798206,18.624382,73.868206,Urban ,10.724430107278733,Medium
1484,17.428294,78.404423,17.438294,78.414423,Metropolitian ,1.5368420882542566,Short
1485,18.543626,73.905101,18.553626,73.915101,Metropolitian ,1.5322347904951212,Short
1486,11.003669,76.976494,11.133669,77.106494,Metropolitian ,20.253686746640145,Long
1487,12.316967,76.603067,12.376967,76.663067,Metropolitian ,9.32672525872147,Medium
1488,19.120083,72.907385,19.200083,72.987385,Metropolitian ,12.236790662986381,Medium
1489,22.725748,75.898497,22.745748,75.918497,Metropolitian ,3.025345653221649,Short
1490,26.846156,75.8023,26.926156,75.8823,Urban ,11.919755989352518,Medium
1491,22.32,73.17,22.34,73.19,Metropolitian ,3.029440560313021,Short
1492,12.975996,80.221898,13.005996,80.251898,Metropolitian ,4.657619913371996,Short
1493,12.326356,76.619103,12.376356,76.669103,Metropolitian ,7.772207463584353,Medium
1494,18.994237,72.825553,19.044237,72.875553,Metropolitian ,7.651064458530453,Medium
1495,30.905562,75.832841,30.925562,75.852841,Other,2.9301801830621628,Short
1496,18.994237,72.825553,19.034237,72.865553,Metropolitian ,6.120938502923711,Medium
1497,19.120083,72.907385,19.130083,72.917385,Metropolitian ,1.529751878579701,Short
1498,13.026286,80.275235,13.066286,80.315235,Urban ,6.209485128886022,Medium
1499,17.410371,78.437225,17.450371,78.477225,Metropolitian ,6.147415198874891,Medium
1500,11.022169,76.999594,11.062169,77.039594,Metropolitian ,6.232180611484738,Medium
1501,23.232537,77.429845,23.362537,77.559845,Urban ,19.62721390576818,Long
1502,26.481547,80.299775,26.621547,80.439775,Metropolitian ,20.886800025589316,Long
1503,22.310237,73.158921,22.440237,73.288921,Metropolitian ,19.688413407771485,Long
1504,26.910262,75.783013,27.020262,75.893013,Metropolitian ,16.384574278446888,Long
1505,23.371292,85.327872,23.461292,85.417872,Metropolitian ,13.582511011043518,Medium
1506,23.357804,85.325146,23.367804,85.335146,Other,1.5094466586398139,Short
1507,22.727021,75.884167,22.757021,75.914167,Metropolitian ,4.537922749288607,Short
1508,21.157729,72.768726,21.207729,72.818726,Metropolitian ,7.6016815283420005,Medium
1509,26.902328,75.794257,26.992328,75.884257,Metropolitian ,13.406506203191485,Medium
1510,23.374989,85.335486,23.414989,85.375486,Metropolitian ,6.037116126733091,Medium
1511,12.311072,76.654878,12.331072,76.674878,Metropolitian ,3.109058525591302,Short
1512,10.003064,76.307589,10.083064,76.387589,Metropolitian ,12.484257380930197,Medium
1513,26.913987,75.752891,26.933987,75.772891,Metropolitian ,2.979496955631163,Short
1514,13.045479,80.23311,13.065479,80.25311,Urban ,3.104686366913198,Short
1515,17.41233,78.449654,17.46233,78.499654,Metropolitian ,7.684129284114851,Medium
1516,19.065838,72.832658,19.155838,72.922658,Metropolitian ,13.768325585875342,Medium
1517,26.902328,75.794257,27.012328,75.904257,Urban ,16.385085235064917,Long
1518,19.131141,72.813074,19.201141,72.883074,Urban ,10.707006464770876,Medium
1519,17.422819,78.449578,17.472819,78.499578,Metropolitian ,7.6839186890745435,Medium
1520,22.310329,73.169083,22.340329,73.199083,Metropolitian ,4.54423097525285,Short
1521,-22.539129,88.365507,22.549129,88.375507,Metropolitian ,5013.58565771891,Very Long
1522,19.178321,72.834715,19.288321,72.944715,Urban ,16.82205654620366,Long
1523,26.891191,75.802083,26.971191,75.882083,Metropolitian ,11.91764994758691,Medium
1524,22.745536,75.893106,22.815536,75.963106,Metropolitian ,10.587113705075794,Medium
1525,12.981615,80.231598,12.991615,80.241598,Metropolitian ,1.552553316850164,Short
1526,15.303897,73.914336,15.413897,74.024336,Urban ,16.991786296895526,Long
1527,26.88842,75.800689,27.02842,75.940689,Urban ,20.853653606522226,Long
1528,19.875522,75.367127,19.895522,75.387127,Metropolitian ,3.052744023772496,Short
1529,18.543626,73.905101,18.653626,74.015101,Metropolitian ,16.852241972645306,Long
1530,21.17106,72.789292,21.19106,72.809292,Metropolitian ,3.0406886340154307,Short
1531,19.875016,75.322405,19.945016,75.392405,Metropolitian ,10.683827860847575,Medium
1532,19.178321,72.834715,19.258321,72.914715,Urban ,12.234750048931101,Medium
1533,19.131141,72.813074,19.241141,72.923074,Metropolitian ,16.824331819052563,Long
1534,18.530963,73.828972,18.540963,73.838972,Metropolitian ,1.5322885596945484,Short
1535,25.454697,81.834492,25.564697,81.944492,Metropolitian ,16.476293389692692,Long
1536,12.933284,77.615428,13.003284,77.685428,Urban ,10.868263117988304,Medium
1537,21.149669,72.772629,21.159669,72.782629,Metropolitian ,1.5204704557277704,Short
1538,17.410371,78.437225,17.430371,78.457225,Other,3.0737878683560815,Short
1539,21.186608,72.794136,21.216608,72.824136,Metropolitian ,4.560738018710983,Short
1540,17.429585,78.392621,17.539585,78.502621,Metropolitian ,16.90299374424528,Long
1541,12.316967,76.603067,12.406967,76.693067,Metropolitian ,13.989695713800042,Medium
1542,19.874449,75.360232,19.924449,75.410232,Metropolitian ,7.631544914988587,Medium
1543,22.761593,75.886362,22.871593,75.996362,Urban ,16.634870118211385,Long
1544,23.359033,85.325347,23.399033,85.365347,Urban ,6.037448590044352,Medium
1545,22.745049,75.892471,22.755049,75.902471,Metropolitian ,1.5126000890229543,Short
1546,12.321214,76.621094,12.391214,76.691094,Other,10.880991591395142,Medium
1547,19.22384,72.841347,19.23384,72.851347,Other,1.5292976945193517,Short
1548,22.753839,75.897429,22.813838,75.957429,Urban ,9.074486316335399,Medium
1549,19.103249,72.846749,19.133249,72.876749,Metropolitian ,4.589345115377453,Short
1550,17.411028,78.329645,17.501028,78.419645,Metropolitian ,13.830756172608172,Medium
1551,19.103249,72.846749,19.163249,72.906749,Metropolitian ,9.178296996538945,Medium
1552,13.045479,80.23311,13.075479,80.26311,Metropolitian ,4.656983638230631,Short
1553,17.411028,78.329645,17.421028,78.339645,Metropolitian ,1.5369113551344378,Short
1554,12.934365,77.616155,12.984365,77.666155,Other,7.763180727989849,Medium
1555,12.970324,77.645748,13.100324,77.775748,Metropolitian ,20.18125982649396,Long
1556,23.359033,85.325347,23.369033,85.335347,Urban ,1.5094402621801488,Short
1557,12.334022,76.618203,12.464022,76.748203,Urban ,20.205936390186515,Long
1558,26.90294,75.793007,26.93294,75.823007,Urban ,4.469351491410609,Short
1559,23.353783,85.326967,23.393783,85.366967,Metropolitian ,6.037557938329838,Medium
1560,22.307898,73.167788,22.317898,73.177788,Other,1.5148058859286486,Short
1561,22.727021,75.884167,22.817021,75.974167,Metropolitian ,13.612393202818417,Medium
1562,23.374989,85.335486,23.424989,85.385486,Urban ,7.54626481457251,Medium
1563,21.149834,72.778666,21.189834,72.818666,Metropolitian ,6.081591883832577,Medium
1564,12.337928,76.617889,12.467928,76.747889,Metropolitian ,20.20578852233764,Long
1565,19.055831,72.833984,19.135831,72.913984,Urban ,12.239035527316547,Medium
1566,19.120083,72.907385,19.230083,73.017385,Urban ,16.824864367094257,Long
1567,11.022298,76.998349,11.152298,77.128349,Metropolitian ,20.25305420828057,Long
1568,12.310972,76.659264,12.440972,76.789264,Urban ,20.206808074128055,Long
1569,22.310329,73.169083,22.400329,73.259083,Urban ,13.63133954829994,Medium
1570,13.081878,80.248519,13.151878,80.318519,Metropolitian ,10.86508418998648,Medium
1571,13.045479,80.23311,13.115479,80.30311,Metropolitian ,10.865866087809966,Medium
1572,23.214459,77.434976,23.324459,77.544976,Metropolitian ,16.609246145001745,Long
1573,13.064181,80.236442,13.174181,80.346442,Urban ,17.073624954198024,Long
1574,17.451976,78.385883,17.521976,78.455883,Metropolitian ,10.756383853403502,Medium
1575,22.751857,75.866699,22.791857,75.906699,Metropolitian ,6.049956259947208,Medium
1576,23.359407,85.325055,23.429407,85.395055,Metropolitian ,10.564974101603955,Medium
1577,18.994237,72.825553,19.024237,72.855553,Urban ,4.59076905574894,Short
1578,26.911378,75.789034,26.961378,75.839034,Metropolitian ,7.448379823536266,Medium
1579,18.516216,73.842527,18.606216,73.932527,Metropolitian ,13.789630729980109,Medium
1580,12.975996,80.221898,13.105996,80.351898,Metropolitian ,20.181034547351857,Long
1581,9.988483,76.295211,10.048483,76.355211,Metropolitian ,9.363543018983114,Medium
1582,12.284747,76.625861,12.364747,76.705861,Urban ,12.436148456121176,Medium
1583,26.921411,75.793604,27.051411,75.923604,Metropolitian ,19.361976407426454,Long
1584,12.986047,80.218114,13.066047,80.298114,Urban ,12.419464414086296,Medium
1585,12.337928,76.617889,12.447928,76.727889,Urban ,17.097526527826915,Long
1586,19.103249,72.846749,19.193249,72.936749,Urban ,13.766855008587,Medium
1587,22.31279,73.170283,22.32279,73.180283,Metropolitian ,1.5147814055668367,Short
1588,12.297954,76.665169,12.317954,76.685169,Metropolitian ,3.1091344143311437,Short
1589,11.02091,76.940432,11.11091,77.030432,Metropolitian ,14.021848812228113,Medium
1590,13.029198,77.570997,13.079198,77.620997,Metropolitian ,7.7617353876913695,Medium
1591,26.88842,75.800689,26.92842,75.840689,Metropolitian ,5.959357904253761,Medium
1592,22.722634,75.886959,22.782634,75.946959,Metropolitian ,9.075521306663873,Medium
1593,17.426228,78.407495,17.456228,78.437495,Urban ,4.610430682716122,Short
1594,12.975996,80.221898,13.055996,80.301898,Urban ,12.419709768770995,Medium
1595,17.440827,78.393391,17.450827,78.403391,Metropolitian ,1.5367917694815911,Short
1596,17.440827,78.393391,17.520827,78.473391,Metropolitian ,12.293207925868899,Medium
1597,18.569156,73.774723,18.609156,73.814723,Metropolitian ,6.1282497979816,Medium
1598,18.51421,73.838429,18.58421,73.908429,Urban ,10.725625724418618,Medium
1599,26.469003,80.316344,26.489003,80.336344,Metropolitian ,2.9846674418809918,Short
1600,26.913483,75.803139,26.943483,75.833139,Metropolitian ,4.46916652280352,Short
1601,25.454648,81.834502,25.584648,81.964502,Metropolitian ,19.47125757951702,Long
1602,18.516216,73.842527,18.596216,73.922527,Metropolitian ,12.257619701209565,Medium
1603,22.311844,73.165081,22.381844,73.235081,Metropolitian ,10.602450942886199,Medium
1604,23.351058,85.325731,23.481058,85.455731,Other,19.619196710684104,Long
1605,26.846156,75.8023,26.876156,75.8323,Urban ,4.47034673425613,Short
1606,11.010375,76.95295,11.080375,77.02295,Metropolitian ,10.906257371571431,Medium
1607,12.323194,76.630583,12.403194,76.710583,Metropolitian ,12.435256735189474,Medium
1608,30.342509,78.061187,30.372509,78.091187,Urban ,4.406068905879388,Short
1609,21.175975,72.795503,21.235975,72.855503,Metropolitian ,9.121350389794129,Medium
1610,23.333017,85.3172,23.423017,85.4072,Metropolitian ,13.584306064166835,Medium
1611,-15.157944,73.950889,15.197944,73.990889,Metropolitian ,3375.423600953039,Very Long
1612,22.744648,75.894377,22.874648,76.024377,Metropolitian ,19.659851482291483,Long
1613,22.760072,75.892574,22.800072,75.932574,Metropolitian ,6.049788909378146,Medium
1614,23.39925,85.390464,23.41925,85.410464,Metropolitian ,3.0184094452114985,Short
1615,12.325461,76.632278,12.415461,76.722278,Urban ,13.989473698865314,Medium
1616,27.160934,78.044095,27.240934,78.124095,Metropolitian ,11.904977225765439,Medium
1617,22.53796,88.349843,22.61796,88.429843,Metropolitian ,12.107781770762754,Medium
1618,17.451976,78.385883,17.511976,78.445883,Metropolitian ,9.219878421274407,Medium
1619,17.483216,78.552111,17.513216,78.582111,Metropolitian ,4.609743188391221,Short
1620,18.546258,73.904337,18.636258,73.994337,Metropolitian ,13.78848075238681,Medium
1621,22.310526,73.170937,22.380526,73.240937,Metropolitian ,10.602497166339424,Medium
1622,27.157772,78.04725,27.167772,78.05725,Metropolitian ,1.488347124651177,Short
1623,12.949934,77.699386,13.079934,77.829386,Metropolitian ,20.182068898087945,Long
1624,26.479108,80.315042,26.529108,80.365042,Metropolitian ,7.460943738451496,Medium
1625,17.45971,78.368855,17.51971,78.428855,Metropolitian ,9.219691659524232,Medium
1626,13.049645,80.242268,13.119645,80.312268,Urban ,10.865776701899593,Medium
1627,18.533811,73.899315,18.593811,73.959315,Metropolitian ,9.193021332844006,Medium
1628,23.354422,85.3329,23.384422,85.3629,Urban ,4.5282365974492125,Short
1629,26.902908,75.792934,26.912908,75.802934,Metropolitian ,1.4898424937944692,Short
1630,26.892312,75.806896,27.032312,75.946896,Metropolitian ,20.853334608185772,Long
1631,22.74806,75.8934,22.77806,75.9234,Metropolitian ,4.537601588064418,Short
1632,26.90294,75.793007,26.96294,75.853007,Metropolitian ,8.938176353487508,Medium
1633,12.975996,80.221898,13.055996,80.301898,Metropolitian ,12.419709768770995,Medium
1634,12.972793,80.249982,13.002793,80.279982,Metropolitian ,4.657649165910052,Short
1635,17.455894,78.375467,17.585894,78.505467,Other,19.97436311932328,Long
1636,18.546947,73.900626,18.616947,73.970626,Urban ,10.724651568075062,Medium
1637,26.474986,80.342796,26.604986,80.472796,Metropolitian ,19.39575542135484,Long
1638,27.161694,78.034714,27.211694,78.084714,Urban ,7.44103077695908,Medium
1639,12.325461,76.632278,12.355461,76.662278,Metropolitian ,4.663419307399412,Short
1640,-9.959778,76.296106,9.969778,76.306106,Urban ,2216.0657936301045,Very Long
1641,26.902908,75.792934,26.962908,75.852934,Urban ,8.938177476638094,Medium
1642,26.891191,75.802083,26.931191,75.842083,Urban ,5.959293109821584,Medium
1643,22.744648,75.894377,22.804648,75.954377,Metropolitian ,9.074848936307943,Medium
1644,22.310526,73.170937,22.370526,73.230937,Metropolitian ,9.088005113714642,Medium
1645,21.170096,72.789122,21.200096,72.819122,Urban ,4.5609750236610624,Short
1646,22.74806,75.8934,22.79806,75.9434,Metropolitian ,7.5624146289374155,Medium
1647,18.636215,73.751081,18.686215,73.801081,Metropolitian ,7.658776111980681,Medium
1648,22.53796,88.349843,22.56796,88.379843,Metropolitian ,4.5407973387734355,Short
1649,19.254567,72.848923,19.344567,72.938923,Metropolitian ,13.760880474935774,Medium
1650,12.979096,77.640625,13.029096,77.690625,Metropolitian ,7.762500242365809,Medium
1651,17.410371,78.437225,17.540371,78.567225,Metropolitian ,19.976746466955056,Long
1652,18.543626,73.905101,18.563626,73.925101,Metropolitian ,3.06442709302474,Short
1653,11.022477,76.995667,11.042477,77.015667,Metropolitian ,3.1161407812913753,Short
1654,21.185047,72.80859,21.225047,72.84859,Metropolitian ,6.080918142449212,Medium
1655,11.02091,76.940432,11.15091,77.070432,Metropolitian ,20.2531013726327,Long
1656,22.744648,75.894377,22.814648,75.964377,Metropolitian ,10.587145367061963,Medium
1657,12.906229,77.596791,12.966229,77.656791,Urban ,9.316238098535816,Medium
1658,12.323978,76.627961,12.453978,76.757961,Metropolitian ,20.206316416481208,Long
1659,18.539299,73.897902,18.649299,74.007902,Metropolitian ,16.852444613264723,Long
1660,13.064181,80.236442,13.144181,80.316442,Metropolitian ,12.417550916012667,Medium
1661,12.975996,80.221898,13.035996,80.281898,Metropolitian ,9.314965469326962,Medium
1662,26.913726,75.75282,27.023726,75.86282,Metropolitian ,16.38435115645366,Long
1663,30.346994,78.062543,30.486994,78.202543,Urban ,20.556310063108953,Long
1664,21.173343,72.792731,21.203343,72.822731,Metropolitian ,4.560928430651236,Short
1665,23.232357,77.429989,23.362357,77.559989,Metropolitian ,19.62722605536563,Long
1666,12.981615,80.231598,13.051615,80.301598,Metropolitian ,10.867232952679263,Medium
1667,18.539299,73.897902,18.579299,73.937902,Urban ,6.128757701630158,Medium
1668,10.027364,76.308258,10.157364,76.438258,Urban ,20.28539124305944,Long
1669,11.006686,76.951736,11.116686,77.061736,Metropolitian ,17.13793593144362,Long
1670,26.914142,75.805704,27.054142,75.945704,Urban ,20.851544689623463,Long
1671,19.176269,72.836721,19.306269,72.966721,Metropolitian ,19.880157869977058,Long
1672,19.178321,72.834715,19.288321,72.944715,Metropolitian ,16.82205654620366,Long
1673,26.913987,75.752891,26.943987,75.782891,Metropolitian ,4.469157679084331,Short
1674,19.875016,75.322405,19.905016,75.352405,Metropolitian ,4.579055040914525,Short
1675,-15.51315,73.78346,15.56315,73.83346,Metropolitian ,3455.531261349884,Very Long
1676,30.895204,75.822103,31.025204,75.952103,Metropolitian ,19.042397449611894,Long
1677,26.913726,75.75282,26.993726,75.83282,Urban ,11.916595060070058,Medium
1678,21.173343,72.792731,21.193343,72.812731,Metropolitian ,3.0406667980769306,Short
1679,22.722634,75.886959,22.802634,75.966959,Other,12.100287598006355,Medium
1680,19.22384,72.841347,19.24384,72.861347,Metropolitian ,3.0585514953421016,Short
1681,26.913987,75.752891,26.963987,75.802891,Metropolitian ,7.448303502970299,Medium
1682,19.091458,72.827808,19.181458,72.917808,Metropolitian ,13.767318777065135,Medium
1683,15.544419,73.755736,15.574419,73.785736,Metropolitian ,4.6319644044152914,Short
1684,17.45971,78.368855,17.49971,78.408855,Metropolitian ,6.1466221875497915,Medium
1685,17.45971,78.368855,17.46971,78.378855,Urban ,1.5367158933397187,Short
1686,26.90294,75.793007,27.01294,75.903007,Metropolitian ,16.385045825960674,Long
1687,22.753839,75.897429,22.833838,75.977429,Other,12.09893438000031,Medium
1688,11.003008,76.97544,11.093008,77.06544,Metropolitian ,14.022268860182079,Medium
1689,22.32,73.17,22.39,73.24,Metropolitian ,10.602164852302069,Medium
1690,13.058616,80.264151,13.128616,80.334151,Metropolitian ,10.865584127340671,Medium
1691,23.374989,85.335486,23.504989,85.465486,Metropolitian ,19.617573744443433,Long
1692,12.981615,80.231598,13.071615,80.321598,Metropolitian ,13.971881683315834,Medium
1693,13.045479,80.23311,13.105479,80.29311,Metropolitian ,9.31369151832629,Medium
1694,22.569367,88.433187,22.599367,88.463187,Metropolitian ,4.54032123637833,Short
1695,21.15276,72.778059,21.23276,72.858059,Metropolitian ,12.162306145096261,Medium
1696,30.899584,75.809346,30.979584,75.889346,Metropolitian ,11.719471817434012,Medium
1697,23.359407,85.325055,23.449407,85.415055,Urban ,13.58306867027573,Medium
1698,22.753839,75.897429,22.783839,75.927429,Other,4.537513326842027,Short
1699,25.449659,81.839744,25.459659,81.849744,Urban ,1.498152974994539,Short
1700,22.311844,73.165081,22.331844,73.185081,Metropolitian ,3.0295222215908577,Short
1701,12.98041,77.640489,12.99041,77.650489,Metropolitian ,1.5525569843008196,Short
1702,11.006686,76.951736,11.066686,77.011736,Metropolitian ,9.348356419300965,Medium
1703,22.761226,75.887522,22.831226,75.957521,Urban ,10.586484616278236,Medium
1704,12.304569,76.643622,12.414569,76.753622,Urban ,17.09859305393946,Long
1705,15.49395,73.827423,15.52395,73.857423,Urban ,4.63251040654604,Short
1706,30.342509,78.061187,30.472509,78.191187,Metropolitian ,19.08879397718324,Long
1707,13.029198,77.570997,13.069198,77.610997,Metropolitian ,6.20944951682266,Medium
1708,11.000762,76.981876,11.020762,77.001876,Metropolitian ,3.11625365633879,Short
1709,13.049645,80.242268,13.119645,80.312268,Metropolitian ,10.865776701899593,Medium
1710,11.001852,76.976268,11.061852,77.036268,Metropolitian ,9.348431884826693,Medium
1711,30.893384,75.821202,30.903384,75.831202,Metropolitian ,1.4652016012558484,Short
1712,17.450851,78.379347,17.530851,78.459347,Metropolitian ,12.292885177860569,Medium
1713,22.761593,75.886362,22.821593,75.946362,Metropolitian ,9.074331008325887,Medium
1714,18.539299,73.897902,18.619299,73.977902,Urban ,12.25683460967729,Medium
1715,13.049645,80.242268,13.059645,80.252268,Metropolitian ,1.5523457381458443,Short
1716,22.310526,73.170937,22.440526,73.300937,Metropolitian ,19.688394563497447,Long
1717,22.75004,75.902847,22.86004,76.012847,Metropolitian ,16.635518179510296,Long
1718,26.902908,75.792934,27.042908,75.932934,Metropolitian ,20.85246594803441,Long
1719,13.022394,80.242439,13.132394,80.352439,Metropolitian ,17.075035490453462,Long
1720,26.846156,75.8023,26.866156,75.8223,Urban ,2.9802895422000986,Short
1721,23.357804,85.325146,23.487804,85.455146,Urban ,19.61873934880106,Long
1722,18.533811,73.899315,18.603811,73.969315,Metropolitian ,10.725042643843,Medium
1723,17.431668,78.408321,17.541668,78.518321,Metropolitian ,16.902901527491522,Long
1724,26.88842,75.800689,26.91842,75.830689,Metropolitian ,4.469606139374643,Short
1725,26.90519,75.810753,26.98519,75.890753,Metropolitian ,11.916994721599456,Medium
1726,23.354422,85.3329,23.374422,85.3529,Metropolitian ,3.0188764660304765,Short
1727,12.337928,76.617889,12.427928,76.707889,Urban ,13.989147573067978,Medium
1728,17.410371,78.437225,17.460371,78.487225,Metropolitian ,7.684168603439796,Medium
1729,17.438263,78.397865,17.478263,78.437865,Metropolitian ,6.146967151934406,Medium
1730,-15.576683,73.75575,15.646683,73.82575,Urban ,3471.8884000689136,Very Long
1731,17.410371,78.437225,17.490371,78.517225,Metropolitian ,12.294187491091142,Medium
1732,26.902908,75.792934,26.982908,75.872934,Metropolitian ,11.917101549463018,Medium
1733,12.334022,76.618203,12.344022,76.628203,Metropolitian ,1.5544772821915442,Short
1734,11.003669,76.976494,11.133669,77.106494,Other,20.253686746640145,Long
1735,13.081878,80.248519,13.111878,80.278519,Metropolitian ,4.656649028066007,Short
1736,11.010375,76.95295,11.070375,77.01295,Urban ,9.348298807292222,Medium
1737,12.337978,76.616792,12.347978,76.626792,Metropolitian ,1.5544658156548814,Short
1738,22.760072,75.892574,22.870072,76.002574,Metropolitian ,16.63495545420935,Long
1739,26.914142,75.805704,27.054142,75.945704,Metropolitian ,20.851544689623463,Long
1740,23.369746,85.33982,23.459746,85.42982,Metropolitian ,13.582583564897286,Medium
1741,23.359033,85.325347,23.469033,85.435347,Urban ,16.60097570059501,Long
1742,23.235123,77.398886,23.305123,77.468886,Metropolitian ,10.569496921731451,Medium
1743,12.325461,76.632278,12.405461,76.712278,Metropolitian ,12.435204072231482,Medium
1744,18.994237,72.825553,19.024237,72.855553,Metropolitian ,4.59076905574894,Short
1745,19.875337,75.316722,19.885337,75.326722,Urban ,1.5263954607695946,Short
1746,30.366322,78.070453,30.496322,78.200453,Urban ,19.086807413291602,Long
1747,12.323978,76.627961,12.373978,76.677961,Metropolitian ,7.772241951547877,Medium
1748,26.88842,75.800689,26.91842,75.830689,Urban ,4.469606139374643,Short
1749,21.170096,72.789122,21.260096,72.879122,Metropolitian ,13.681631975373133,Medium
1750,10.000706,76.349516,10.050706,76.399516,Metropolitian ,7.802866992750161,Medium
1751,12.906229,77.596791,12.916229,77.606791,Metropolitian ,1.5527821295487336,Short
1752,12.311072,76.654878,12.321072,76.664878,Urban ,1.5545437335219463,Short
1753,22.552996,88.35231,22.582996,88.38231,Metropolitian ,4.540569477331834,Short
1754,18.569156,73.774723,18.659156,73.864723,Metropolitian ,13.78760310695544,Medium
1755,12.975377,77.696664,12.995377,77.716664,Metropolitian ,3.105114162498081,Short
1756,18.927584,72.832585,18.997584,72.902585,Metropolitian ,10.713210764297369,Medium
1757,26.482581,80.315628,26.532581,80.365628,Urban ,7.460843441737913,Medium
1758,23.416792,85.316842,23.466792,85.366842,Metropolitian ,7.54517470499338,Medium
1759,17.455894,78.375467,17.475894,78.395467,Urban ,3.073422258763914,Short
1760,21.15276,72.778059,21.20276,72.828059,Metropolitian ,7.601800334738002,Medium
1761,26.90519,75.810753,27.03519,75.940753,Other,19.363211606720807,Long
1762,26.849596,75.800512,26.979596,75.930512,Metropolitian ,19.36744052557795,Long
1763,22.307898,73.167788,22.347898,73.207788,Urban ,6.0589231475258885,Medium
1764,26.471529,80.313458,26.531529,80.373458,Metropolitian ,8.953221744544162,Medium
1765,11.024839,77.007003,11.134839,77.117003,Metropolitian ,17.137414711879458,Long
1766,10.020683,76.310631,10.100683,76.390631,Metropolitian ,12.483922393844049,Medium
1767,18.56245,73.916619,18.67245,74.026619,Metropolitian ,16.851359915660815,Long
1768,12.321214,76.621094,12.431214,76.731094,Metropolitian ,17.098061238904577,Long
1769,17.438263,78.397865,17.568263,78.527865,Metropolitian ,19.97528686238872,Long
1770,26.914142,75.805704,26.964142,75.855704,Urban ,7.448298968601405,Medium
1771,11.006686,76.951736,11.026686,76.971736,Metropolitian ,3.1162228846233258,Short
1772,12.316967,76.603067,12.386967,76.673067,Urban ,10.881077849232787,Medium
1773,22.310237,73.158921,22.360237,73.208921,Urban ,7.573470125639261,Medium
1774,15.556561,73.763633,15.646561,73.853633,Metropolitian ,13.894520851006227,Medium
1775,23.266261,77.379605,23.326261,77.439605,Metropolitian ,9.058755058934763,Medium
1776,23.230791,77.43702,23.340791,77.54702,Metropolitian ,16.608314041982428,Long
1777,19.221315,72.862381,19.331315,72.972381,Urban ,16.819978764211022,Long
1778,13.005801,80.250744,13.075801,80.320744,Metropolitian ,10.866716057986824,Medium
1779,26.911927,75.797282,26.951927,75.837282,Urban ,5.958808071070323,Medium
1780,12.311072,76.654878,12.381072,76.724878,Metropolitian ,10.881197531247286,Medium
1781,19.879631,75.323403,19.889631,75.333403,Metropolitian ,1.5263760451811532,Short
1782,22.732225,75.874765,22.762225,75.904765,Metropolitian ,4.537843333696582,Short
1783,12.334022,76.618203,12.464022,76.748203,Metropolitian ,20.205936390186515,Long
1784,21.175975,72.795503,21.205975,72.825503,Metropolitian ,4.5608906580201936,Short
1785,-26.891191,75.802083,26.981191,75.892083,Urban ,5990.343298895439,Very Long
1786,22.311358,73.164798,22.441358,73.294798,Metropolitian ,19.688340311678903,Long
1787,22.727021,75.884167,22.857021,76.014167,Metropolitian ,19.661019603214037,Long
1788,13.091809,80.219104,13.171809,80.299104,Metropolitian ,12.416871691607229,Medium
1789,12.297954,76.665169,12.407954,76.775169,Metropolitian ,17.098804215243057,Long
1790,12.325461,76.632278,12.395461,76.702278,Metropolitian ,10.880905305082443,Medium
1791,15.56155,73.749092,15.58155,73.769092,Metropolitian ,3.087888623548371,Short
1792,26.910262,75.783013,27.050262,75.923013,Urban ,20.851862908260987,Long
1793,22.539129,88.365507,22.599129,88.425507,Urban ,9.0811043656779,Medium
1794,21.183434,72.814492,21.313434,72.944492,Metropolitian ,19.760278801545002,Long
1795,19.876106,75.340775,19.916106,75.380775,Metropolitian ,6.105296485234073,Medium
1796,22.310237,73.158921,22.380237,73.228921,Urban ,10.602507301515569,Medium
1797,19.065838,72.832658,19.195838,72.962658,Metropolitian ,19.886444745109635,Long
1798,26.492106,80.327797,26.572106,80.407797,Urban ,11.936215305491718,Medium
1799,19.091458,72.827808,19.221458,72.957808,Metropolitian ,19.884989093917287,Long
1800,0.0,0.0,0.07,0.07,Semi-Urban ,11.007734763744619,Medium
1801,19.1813,72.836191,19.2013,72.856191,Urban ,3.058924545938431,Short
1802,12.3085,76.665808,12.3185,76.675808,Metropolitian ,1.554551173299148,Short
1803,23.351489,85.324253,23.401489,85.374253,Metropolitian ,7.546876906900319,Medium
1804,21.175975,72.795503,21.265975,72.885503,Metropolitian ,13.681378564006831,Medium
1805,22.651847,75.881991,22.681847,75.911991,Urban ,4.539068203248832,Short
1806,13.029198,77.570997,13.139198,77.680997,Metropolitian ,17.074806111802342,Long
1807,12.914264,77.6784,13.044264,77.8084,Metropolitian ,20.183481365845644,Long
1808,12.323994,76.626167,12.343994,76.646167,Urban ,3.1089836948122804,Short
1809,30.885915,75.788259,31.025915,75.928259,Urban ,20.507586780933565,Long
1810,22.725835,75.887648,22.785835,75.947648,Urban ,9.075423573606308,Medium
1811,13.081878,80.248519,13.211878,80.378519,Metropolitian ,20.176811965426353,Long
1812,11.010375,76.95295,11.100375,77.04295,Metropolitian ,14.022096082519495,Medium
1813,23.232537,77.429845,23.312537,77.509845,Metropolitian ,12.079324698379788,Medium
1814,12.978453,77.643685,13.028453,77.693685,Metropolitian ,7.762510040102086,Medium
1815,13.066762,80.251865,13.146762,80.331865,Metropolitian ,12.417487520918202,Medium
1816,17.45971,78.368855,17.47971,78.388855,Metropolitian ,3.0733915714428806,Short
1817,17.429585,78.392621,17.559585,78.522621,Urban ,19.97574121625775,Long
1818,26.913726,75.75282,27.053726,75.89282,Semi-Urban ,20.851578809643392,Long
1819,26.846156,75.8023,26.866156,75.8223,Other,2.9802895422000986,Short
1820,12.949934,77.699386,12.989934,77.739386,Metropolitian ,6.2104161583770905,Medium
1821,12.3085,76.665808,12.4385,76.795808,Metropolitian ,20.206901465513806,Long
1822,11.026117,76.944652,11.046117,76.964652,Metropolitian ,3.116121839413346,Short
1823,21.160522,72.771477,21.200522,72.811477,Metropolitian ,6.081387490812904,Medium
1824,17.450851,78.379347,17.520851,78.449347,Metropolitian ,10.756415548797493,Medium
1825,12.311072,76.654878,12.371072,76.714878,Metropolitian ,9.326827803406037,Medium
1826,22.311358,73.164798,22.361358,73.214798,Other,7.573442055128552,Medium
1827,22.745049,75.892471,22.775049,75.922471,Metropolitian ,4.537647566708679,Short
1828,21.170096,72.789122,21.230096,72.849122,Urban ,9.12151922589448,Medium
1829,12.986047,80.218114,13.036047,80.268114,Metropolitian ,7.762394296686446,Medium
1830,19.254567,72.848923,19.304567,72.898923,Metropolitian ,7.645374027054474,Medium
1831,11.010375,76.95295,11.120375,77.06295,Metropolitian ,17.137830077714046,Long
1832,22.310526,73.170937,22.380526,73.240937,Other,10.602497166339424,Medium
1833,13.026279,80.174568,13.066279,80.214568,Metropolitian ,6.20948521448279,Medium
1834,22.552996,88.35231,22.592996,88.39231,Metropolitian ,6.0539915273682725,Medium
1835,22.728163,75.884212,22.788163,75.944212,Metropolitian ,9.075352487619298,Medium
1836,11.024839,77.007003,11.084839,77.067003,Metropolitian ,9.348072739622447,Medium
1837,12.934365,77.616155,12.964365,77.646155,Urban ,4.657999585570764,Short
1838,18.520016,73.830547,18.560016,73.870547,Metropolitian ,6.129085334980087,Medium
1839,11.008638,76.984311,11.088638,77.064311,Metropolitian ,12.464226008964989,Medium
1840,18.636215,73.751081,18.656215,73.771081,Urban ,3.063638579713009,Short
1841,21.186884,72.793616,21.276884,72.883616,Urban ,13.680908173877048,Medium
1842,22.753839,75.897429,22.843839,75.987429,Metropolitian ,13.611163547774316,Medium
1843,13.027018,80.254791,13.087018,80.314791,Metropolitian ,9.314030628227469,Medium
1844,15.303897,73.914336,15.343897,73.954336,Metropolitian ,6.179330887542925,Medium
1845,12.310972,76.659264,12.360972,76.709264,Urban ,7.772430463817006,Medium
1846,18.554382,73.798206,18.594382,73.838206,Urban ,6.128501214161833,Medium
1847,17.431477,78.40035,17.481477,78.45035,Urban ,7.683744768651806,Medium
1848,22.308096,73.167753,22.438096,73.297753,Metropolitian ,19.688553005364827,Long
1849,12.334022,76.618203,12.384022,76.668203,Metropolitian ,7.772096240718677,Medium
1850,12.326356,76.619103,12.336356,76.629103,Metropolitian ,1.554499492178499,Short
1851,12.304569,76.643622,12.434569,76.773622,Metropolitian ,20.20704994057408,Long
1852,19.178321,72.834715,19.228321,72.884715,Metropolitian ,7.647047869271471,Medium
1853,23.371292,85.327872,23.481292,85.437872,Metropolitian ,16.6002724188565,Long
1854,21.175104,72.804342,21.235104,72.864342,Metropolitian ,9.121375406203558,Medium
1855,13.066762,80.251865,13.106762,80.291865,Metropolitian ,6.2089894502097405,Medium
1856,11.003681,76.975525,11.073681,77.045525,Urban ,10.90637937446933,Medium
1857,17.422819,78.449578,17.492819,78.519578,Metropolitian ,10.757204708670182,Medium
1858,22.569367,88.433187,22.659367,88.523187,Metropolitian ,13.619596838646945,Medium
1859,11.026117,76.944652,11.046117,76.964652,Urban ,3.116121839413346,Short
1860,11.021278,76.995017,11.051278,77.025017,Metropolitian ,4.674181485440804,Short
1861,15.303897,73.914336,15.383897,73.994336,Metropolitian ,12.35809128933673,Medium
1862,22.74806,75.8934,22.87806,76.0234,Metropolitian ,19.65962528368346,Long
1863,11.003669,76.976494,11.083669,77.056494,Metropolitian ,12.464329547625573,Medium
1864,22.307898,73.167788,22.337898,73.197788,Urban ,4.544267482983502,Short
1865,26.766536,75.837333,26.816536,75.887333,Metropolitian ,7.452607659561899,Medium
1866,13.066762,80.251865,13.136762,80.321865,Metropolitian ,10.865409153294255,Medium
1867,18.636215,73.751081,18.766215,73.881081,Metropolitian ,19.910592397095474,Long
1868,22.551084,88.354127,22.571084,88.374127,Metropolitian ,3.0271161751895064,Short
1869,22.75004,75.902847,22.79004,75.942847,Metropolitian ,6.049993267691926,Medium
1870,13.027018,80.254791,13.097018,80.324791,Urban ,10.86626186071393,Medium
1871,23.359407,85.325055,23.409407,85.375055,Metropolitian ,7.546670729115911,Medium
1872,26.911378,75.789034,26.931378,75.809034,Metropolitian ,2.979527470384512,Short
1873,18.533811,73.899315,18.573811,73.939315,Metropolitian ,6.128850978537968,Medium
1874,11.026117,76.944652,11.116117,77.034652,Urban ,14.021726512882225,Medium
1875,17.426228,78.407495,17.446228,78.427495,Urban ,3.0736606152902097,Short
1876,12.323994,76.626167,12.393994,76.696167,Metropolitian ,10.880935113345211,Medium
1877,30.893244,75.821817,30.983244,75.911817,Metropolitian ,13.184483852767986,Medium
1878,19.131141,72.813074,19.21114,72.893074,Metropolitian ,12.23632280989138,Medium
1879,22.651847,75.881991,22.661847,75.891991,Metropolitian ,1.5130734557289574,Short
1880,12.934179,77.615797,12.944179,77.625797,Metropolitian ,1.5526974438937056,Short
1881,22.311358,73.164798,22.321358,73.174798,Urban ,1.5147885720056022,Short
1882,18.994049,72.825203,19.034049,72.865203,Metropolitian ,6.120941769502634,Medium
1883,11.003008,76.97544,11.033008,77.00544,Metropolitian ,4.674324006382012,Short
1884,19.065838,72.832658,19.085838,72.852658,Metropolitian ,3.0599333272413856,Short
1885,21.149569,72.772697,21.259569,72.882697,Urban ,16.72254842071454,Long
1886,12.352058,76.60665,12.392058,76.64665,Urban ,6.217525604923989,Medium
1887,19.1093,72.825451,19.1693,72.885451,Urban ,9.178138375055346,Medium
1888,19.874449,75.360232,19.884449,75.370232,Urban ,1.5263994754496772,Short
1889,22.751234,75.88949,22.791234,75.92949,Urban ,6.049968949183629,Medium
1890,22.744648,75.894377,22.824648,75.974377,Urban ,12.099390766640973,Medium
1891,19.22384,72.841347,19.25384,72.871347,Metropolitian ,4.58776137897041,Short
1892,22.539129,88.365507,22.589129,88.415507,Metropolitian ,7.567713368601062,Medium
1893,22.727021,75.884167,22.807021,75.964167,Metropolitian ,12.10010893466116,Medium
1894,22.725835,75.887648,22.785835,75.947648,Metropolitian ,9.075423573606308,Medium
1895,22.744648,75.894377,22.764648,75.914377,Metropolitian ,3.025153366886616,Short
1896,17.440827,78.393391,17.470827,78.423391,Metropolitian ,4.610254758948654,Short
1897,22.695207,75.866059,22.725207,75.896059,Other,4.5384079078620765,Short
1898,13.049645,80.242268,13.159645,80.352268,Metropolitian ,17.07411611001929,Long
1899,12.933298,77.614293,13.003298,77.684293,Metropolitian ,10.86826282011045,Medium
1900,22.722634,75.886959,22.812634,75.976959,Urban ,13.612594236926364,Medium
1901,12.323225,76.630028,12.373225,76.680028,Metropolitian ,7.772252870923863,Medium
1902,30.328174,78.049117,30.358174,78.079117,Metropolitian ,4.406344421718278,Short
1903,26.47775,80.351569,26.53775,80.411569,Metropolitian ,8.95300616496623,Medium
1904,23.416792,85.316842,23.546792,85.446842,Metropolitian ,19.614735355629445,Long
1905,13.02978,80.208812,13.04978,80.228812,Metropolitian ,3.104782360921273,Short
1906,22.722634,75.886959,22.802634,75.966959,Metropolitian ,12.100287598006355,Medium
1907,22.761226,75.887522,22.871226,75.997522,Metropolitian ,16.634890709262812,Long
1908,18.530963,73.828972,18.570963,73.868972,Metropolitian ,6.128899374763674,Medium
1909,12.321214,76.621094,12.411214,76.711094,Urban ,13.98958472463614,Medium
1910,17.483216,78.552111,17.593216,78.662111,Metropolitian ,16.900616226154483,Long
1911,25.450377,81.834236,25.500377,81.884236,Metropolitian ,7.490185430661139,Medium
1912,22.5491,88.400467,22.6091,88.460467,Metropolitian ,9.08080199974311,Medium
1913,30.366322,78.070453,30.406322,78.110453,Metropolitian ,5.874019735417982,Medium
1914,22.753839,75.897429,22.763838,75.907429,Metropolitian ,1.5124736191444423,Short
1915,21.157729,72.768726,21.287729,72.898726,Metropolitian ,19.76188040923125,Long
1916,15.516833,73.768172,15.626833,73.878172,Metropolitian ,16.98337459390393,Long
1917,22.745049,75.892471,22.785049,75.932471,Metropolitian ,6.050094908857793,Medium
1918,11.001852,76.976268,11.131852,77.106268,Metropolitian ,20.253748386838318,Long
1919,23.353783,85.326967,23.463783,85.436967,Metropolitian ,16.60127679034639,Long
1920,18.563934,73.915367,18.583935,73.935367,Metropolitian ,3.0643351463854707,Short
1921,12.972532,77.608179,13.052532,77.688179,Urban ,12.419794286436012,Medium
1922,26.911927,75.797282,27.051927,75.937282,Other,20.851726357533593,Long
1923,22.31279,73.170283,22.40279,73.260283,Metropolitian ,13.631228534496627,Medium
1924,23.371292,85.327872,23.411292,85.367872,Metropolitian ,6.037193175495113,Medium
1925,21.170798,72.790489,21.200798,72.820489,Other,4.560964950803957,Short
1926,18.530963,73.828972,18.610963,73.908972,Metropolitian ,12.257118233178526,Medium
1927,19.103249,72.846749,19.213249,72.956749,Other,16.825674553493787,Long
1928,18.636215,73.751081,18.646215,73.761081,Metropolitian ,1.531840629987081,Short
1929,11.001753,76.986241,11.131753,77.116241,Metropolitian ,20.25375174504849,Long
1930,12.304569,76.643622,12.394569,76.733622,Metropolitian ,13.990019508058005,Medium
1931,30.361281,78.068022,30.391281,78.098022,Metropolitian ,4.405707968792841,Short
1932,17.410371,78.437225,17.440371,78.467225,Metropolitian ,4.610621612645362,Short
1933,21.170798,72.790489,21.230798,72.850489,Metropolitian ,9.12149906766255,Medium
1934,-30.902872,75.826808,30.972872,75.896808,Urban ,6880.2727815132275,Very Long
1935,11.025083,77.015393,11.155083,77.145393,Metropolitian ,20.252959556511946,Long
1936,12.98041,77.640489,13.03041,77.690489,Urban ,7.762480218802519,Medium
1937,22.569367,88.433187,22.609367,88.473187,Metropolitian ,6.05366047642679,Medium
1938,22.725835,75.887648,22.755835,75.917648,Urban ,4.537940846051362,Short
1939,26.766536,75.837333,26.806536,75.877333,Metropolitian ,5.962202685728364,Medium
1940,12.972532,77.608179,13.082532,77.718179,Urban ,17.076712975301973,Long
1941,21.183434,72.814492,21.243434,72.874492,Metropolitian ,9.121136119359262,Medium
1942,26.474986,80.342796,26.504986,80.372796,Urban ,4.476810954147793,Short
1943,18.546258,73.904337,18.556258,73.914337,Metropolitian ,1.5322236104024627,Short
1944,23.351058,85.325731,23.441058,85.415731,Metropolitian ,13.583460272389104,Medium
1945,19.866969,75.318894,19.996969,75.448894,Metropolitian ,19.84009982148685,Long
1946,17.431668,78.408321,17.501668,78.478321,Metropolitian ,10.756955716295018,Medium
1947,26.913987,75.752891,26.923987,75.762891,Metropolitian ,1.4897777216510129,Short
1948,12.325461,76.632278,12.455461,76.762278,Metropolitian ,20.206260324074506,Long
1949,11.022298,76.998349,11.102298,77.078349,Metropolitian ,12.463941144205046,Medium
1950,17.433809,78.386744,17.473809,78.426744,Urban ,6.147038743531219,Medium
1951,26.911378,75.789034,27.041378,75.919034,Metropolitian ,19.36274047125199,Long
1952,22.744648,75.894377,22.784648,75.934377,Urban ,6.050103074349287,Medium
1953,13.058616,80.264151,13.098616,80.304151,Urban ,6.209089325963488,Medium
1954,19.888716,75.321461,19.978716,75.411461,Urban ,13.735383556628369,Medium
1955,15.544419,73.755736,15.634419,73.845736,Urban ,13.894916383849406,Medium
1956,22.751857,75.866699,22.831857,75.946699,Metropolitian ,12.099096916817428,Medium
1957,13.027018,80.254791,13.107018,80.334791,Urban ,12.418462399626803,Medium
1958,17.458998,78.500366,17.568998,78.610366,Urban ,16.901690663165507,Long
1959,30.335259,78.053162,30.475259,78.193162,Metropolitian ,20.55736413547127,Long
1960,17.455894,78.375467,17.505894,78.425467,Metropolitian ,7.683253857182236,Medium
1961,18.592718,73.773572,18.642718,73.823572,Urban ,7.659703978703448,Medium
1962,19.121999,72.908493,19.141999,72.928493,Metropolitian ,3.059443338898001,Short
1963,19.22384,72.841347,19.28384,72.901347,Metropolitian ,9.175127291638901,Medium
1964,22.552672,88.352885,22.582672,88.382885,Other,4.540574388730574,Short
1965,9.985497,76.276999,10.005497,76.296999,Metropolitian ,3.121289858433525,Short
1966,26.913726,75.75282,26.953726,75.792821,Metropolitian ,5.958831946914483,Medium
1967,22.651847,75.881991,22.691847,75.921991,Urban ,6.051989448511132,Medium
1968,25.451517,81.832616,25.591517,81.972616,Metropolitian ,20.9688994457215,Long
1969,13.091809,80.219104,13.201809,80.329104,Metropolitian ,17.072690000336546,Long
1970,12.284747,76.625861,12.304747,76.645861,Metropolitian ,3.1092107394966533,Short
1971,12.323194,76.630583,12.393194,76.700583,Urban ,10.880951367270638,Medium
1972,12.934365,77.616155,12.954365,77.636155,Urban ,3.1053634161947805,Short
1973,21.149834,72.778666,21.279834,72.908666,Metropolitian ,19.762371983679323,Long
1974,22.745049,75.892471,22.855049,76.002471,Metropolitian ,16.635798060903895,Long
1975,15.585658,73.743606,15.615658,73.773606,Urban ,4.6315170249519495,Short
1976,11.025083,77.015393,11.055083,77.045393,Metropolitian ,4.674151774555243,Short
1977,22.725835,75.887648,22.755835,75.917648,Other,4.537940846051362,Short
1978,23.351489,85.324253,23.461489,85.434253,Metropolitian ,16.601408334261222,Long
1979,13.064181,80.236442,13.074181,80.246442,Urban ,1.5523012503301423,Short
1980,26.472001,80.354002,26.502001,80.384002,Urban ,4.4768626493275985,Short
1981,21.160437,72.774209,21.250437,72.864209,Metropolitian ,13.682048188062451,Medium
1982,17.483216,78.552111,17.573216,78.642111,Metropolitian ,13.828140500409377,Medium
1983,13.005801,80.250744,13.095801,80.340744,Metropolitian ,13.971216616782916,Medium
1984,13.058616,80.264151,13.168616,80.374151,Metropolitian ,17.073813051007154,Long
1985,21.183434,72.814492,21.273434,72.904492,Metropolitian ,13.681056958913599,Medium
1986,13.022394,80.242439,13.082394,80.302439,Metropolitian ,9.314115494737882,Medium
1987,9.959778,76.296106,9.999778,76.336106,Metropolitian ,6.242728165299971,Medium
1988,13.066762,80.251865,13.156762,80.341865,Metropolitian ,13.9695350822038,Medium
1989,19.874103,75.368419,19.934103,75.428419,Metropolitian ,9.157727437937343,Medium
1990,12.98041,77.640489,13.09041,77.750489,Urban ,17.07644834661671,Long
1991,12.321214,76.621094,12.401214,76.701094,Metropolitian ,12.435302723482993,Medium
1992,12.98041,77.640489,13.04041,77.700489,Metropolitian ,9.314884732862103,Medium
1993,25.454648,81.834502,25.464648,81.844502,Metropolitian ,1.498125084610035,Short
1994,17.41233,78.449654,17.47233,78.509654,Urban ,9.22083460710919,Medium
1995,19.176269,72.836721,19.226269,72.886721,Metropolitian ,7.647092834675559,Medium
1996,26.479108,80.315042,26.609108,80.445042,Metropolitian ,19.395445581358782,Long
1997,23.333017,85.3172,23.343017,85.3272,Metropolitian ,1.509575604266107,Short
1998,22.751857,75.866699,22.761857,75.876699,Metropolitian ,1.5125654463649516,Short
1999,23.359407,85.325055,23.369407,85.335055,Metropolitian ,1.509438315599533,Short
2000,23.359194,85.325447,23.429194,85.395447,Metropolitian ,10.564981870374387,Medium
2001,21.149669,72.772629,21.259669,72.882629,Metropolitian ,16.72254315530654,Long
2002,11.025083,77.015393,11.045083,77.035393,Urban ,3.116127220770883,Short
2003,9.991703,76.293136,10.051703,76.353136,Metropolitian ,9.363497244407858,Medium
2004,22.760072,75.892574,22.820072,75.952574,Metropolitian ,9.074377511533008,Medium
2005,15.303897,73.914336,15.353897,73.964336,Urban ,7.724074530277163,Medium
2006,26.849596,75.800512,26.859596,75.810512,Metropolitian ,1.4901538808202175,Short
2007,12.913041,77.683237,12.963041,77.733237,Metropolitian ,7.763504337468698,Medium
2008,21.170096,72.789122,21.280096,72.899122,Metropolitian ,16.721467133858347,Long
2009,22.725748,75.898497,22.785747,75.958497,Metropolitian ,9.075344501962313,Medium
2010,21.186884,72.793616,21.266884,72.873616,Metropolitian ,12.160999124282352,Medium
2011,12.352058,76.60665,12.442058,76.69665,Urban ,13.988777563349057,Medium
2012,12.933284,77.615428,13.013284,77.695428,Metropolitian ,12.420750390870992,Medium
2013,-9.988483,76.295211,10.048483,76.355211,Urban ,2228.0188515936998,Very Long
2014,26.902908,75.792934,27.032908,75.922934,Metropolitian ,19.36338532965707,Long
2015,19.876219,75.346017,19.986219,75.456017,Metropolitian ,16.78781488208223,Long
2016,11.022477,76.995667,11.032477,77.005667,Metropolitian ,1.5580833985943423,Short
2017,17.433809,78.386744,17.513809,78.466744,Metropolitian ,12.293433786974466,Medium
2018,13.044694,80.26147,13.154694,80.37147,Urban ,17.074283280249873,Long
2019,12.284747,76.625861,12.324747,76.665861,Metropolitian ,6.218305855613888,Medium
2020,21.17106,72.789292,21.26106,72.879292,Urban ,13.681590426854688,Medium
2021,19.22384,72.841347,19.25384,72.871347,Urban ,4.58776137897041,Short
2022,17.428294,78.404423,17.458294,78.434423,Metropolitian ,4.610405794807837,Short
2023,17.41233,78.449654,17.42233,78.459654,Metropolitian ,1.536906134034613,Short
2024,15.544419,73.755736,15.604419,73.815736,Metropolitian ,9.263603412236375,Medium
2025,26.481547,80.299775,26.561547,80.379775,Metropolitian ,11.93670350744452,Medium
2026,12.975377,77.696664,13.105377,77.826664,Metropolitian ,20.18105913719799,Long
2027,19.131141,72.813074,19.17114,72.853074,Metropolitian ,6.1184711806912695,Medium
2028,23.416792,85.316842,23.486792,85.386842,Metropolitian ,10.562878909252897,Medium
2029,26.910262,75.783013,26.930262,75.803013,Urban ,2.97954052235862,Short
2030,12.906229,77.596791,12.926229,77.616791,Metropolitian ,3.1055339788857887,Short
2031,12.337928,76.617889,12.377928,76.657889,Metropolitian ,6.217689734999503,Medium
2032,17.424114,78.347554,17.494114,78.417554,Metropolitian ,10.75716827731576,Medium
2033,22.569367,88.433187,22.589367,88.453187,Metropolitian ,3.0269313947755,Short
2034,10.027364,76.308258,10.137364,76.418258,Metropolitian ,17.164824725881516,Long
2035,22.651847,75.881991,22.691847,75.921991,Metropolitian ,6.051989448511132,Medium
2036,19.221315,72.862381,19.331315,72.972381,Metropolitian ,16.819978764211022,Long
2037,13.058616,80.264151,13.088616,80.294151,Metropolitian ,4.656862974504423,Short
2038,12.914264,77.6784,12.934264,77.6984,Metropolitian ,3.1054853062814796,Short
2039,-23.211529,77.419399,23.241529,77.449399,Metropolitian ,5165.345394231359,Very Long
2040,22.744648,75.894377,22.794648,75.944377,Metropolitian ,7.562501497648628,Medium
2041,12.935662,77.61413,13.045662,77.72413,Metropolitian ,17.077949437324254,Long
2042,12.323225,76.630028,12.413225,76.720028,Urban ,13.98953215730711,Medium
2043,15.498603,73.826911,15.508603,73.836911,Metropolitian ,1.544189395196216,Short
2044,11.025083,77.015393,11.095083,77.085393,Urban ,10.905989056268561,Medium
2045,13.02978,80.208812,13.09978,80.278812,Metropolitian ,10.866202682035826,Medium
2046,17.451976,78.385883,17.461976,78.395883,Metropolitian ,1.5367469794085726,Short
2047,10.96185,76.971082,11.07185,77.081082,Metropolitian ,17.139219742258962,Long
2048,18.546947,73.900626,18.676947,74.030626,Urban ,19.915547551520856,Long
2049,15.546594,73.760431,15.586594,73.800431,Metropolitian ,6.175848827389753,Medium
2050,18.569156,73.774723,18.699156,73.904723,Metropolitian ,19.914316766458793,Long
2051,17.440827,78.393391,17.530827,78.483391,Metropolitian ,13.829677632106632,Medium
2052,21.175104,72.804342,21.285104,72.914342,Metropolitian ,16.721203191622664,Long
2053,19.12663,72.829976,19.18663,72.889976,Metropolitian ,9.177683834696074,Medium
2054,18.592718,73.773572,18.602718,73.783572,Metropolitian ,1.5320260227344966,Short
2055,15.51315,73.78346,15.58315,73.853459,Metropolitian ,10.80812707779524,Medium
2056,19.221315,72.862381,19.241315,72.882381,Urban ,3.058573658857584,Short
2057,30.892978,75.821847,30.982978,75.911847,Metropolitian ,13.184499403668578,Medium
2058,12.3085,76.665808,12.3885,76.745808,Metropolitian ,12.435597855540365,Medium
2059,23.359194,85.325447,23.369194,85.335447,Metropolitian ,1.509439424217415,Short
2060,17.45971,78.368855,17.53971,78.448855,Metropolitian ,12.29259979853271,Medium
2061,19.1093,72.825451,19.1193,72.835451,Metropolitian ,1.5297989528625522,Short
2062,22.310237,73.158921,22.440237,73.288921,Urban ,19.688413407771485,Long
2063,26.914142,75.805704,26.974142,75.865704,Metropolitian ,8.937783115634607,Medium
2064,26.902908,75.792934,26.922908,75.812934,Metropolitian ,2.9796265189930105,Short
2065,22.552996,88.35231,22.612996,88.41231,Metropolitian ,9.080683824177562,Medium
2066,21.15276,72.778059,21.19276,72.818059,Urban ,6.081535937183601,Medium
2067,11.022169,76.999594,11.032169,77.009594,Metropolitian ,1.5580841994909265,Short
2068,12.979096,77.640625,12.999096,77.660625,Metropolitian ,3.1050915227009073,Short
2069,23.416792,85.316842,23.436792,85.336842,Urban ,3.018226484999582,Short
2070,10.006881,76.345397,10.016881,76.355397,Metropolitian ,1.5606061760657888,Short
2071,15.506205,73.766668,15.556205,73.816668,Urban ,7.720449641812487,Medium
2072,21.175104,72.804342,21.235104,72.864342,Urban ,9.121375406203558,Medium
2073,26.911378,75.789034,27.001378,75.879034,Urban ,13.406029476290403,Medium
2074,13.026279,80.174568,13.116279,80.264568,Metropolitian ,13.970652591255362,Medium
2075,30.88722,75.804893,30.94722,75.864893,Urban ,8.790475607404213,Medium
2076,26.90294,75.793007,26.99294,75.883007,Other,13.40647396886028,Medium
2077,21.15276,72.778059,21.17276,72.798059,Urban ,3.040863591225636,Short
2078,18.592718,73.773572,18.662718,73.843572,Metropolitian ,10.723286946137495,Medium
2079,12.913041,77.683237,12.953041,77.723237,Urban ,6.210864156063145,Medium
2080,13.026279,80.174568,13.076279,80.224568,Metropolitian ,7.761780026109035,Medium
2081,21.170096,72.789122,21.210096,72.829122,Metropolitian ,6.081204324625954,Medium
2082,11.021278,76.995017,11.061278,77.035017,Urban ,6.232189890723994,Medium
2083,27.165108,78.015053,27.295108,78.145053,Urban ,19.343348762172415,Long
2084,30.366322,78.070453,30.456322,78.160453,Urban ,13.215100182600132,Medium
2085,10.994136,76.963303,11.084136,77.053303,Other,14.02247678645175,Medium
2086,21.157735,72.768778,21.247735,72.858778,Metropolitian ,13.68216458927001,Medium
2087,12.3085,76.665808,12.3285,76.685808,Metropolitian ,3.10907341094769,Short
2088,12.323978,76.627961,12.363978,76.667961,Metropolitian ,6.217851597564562,Medium
2089,23.354422,85.3329,23.484422,85.4629,Semi-Urban ,19.618968653878404,Long
2090,21.173493,72.801953,21.233493,72.861953,Metropolitian ,9.121421674136268,Medium
2091,22.310329,73.169083,22.390329,73.249083,Metropolitian ,12.11694692085026,Medium
2092,11.016298,76.972076,11.106298,77.062076,Metropolitian ,14.021957089993442,Medium
2093,26.910262,75.783013,26.920262,75.793013,Metropolitian ,1.4897995018088561,Short
2094,23.371292,85.327872,23.501292,85.457872,Urban ,19.61782456145108,Long
2095,17.431477,78.40035,17.441477,78.41035,Other,1.5368293119664589,Short
2096,17.41233,78.449654,17.48233,78.519654,Metropolitian ,10.757499697083032,Medium
2097,13.064181,80.236442,13.124181,80.296442,Metropolitian ,9.313347514768436,Medium
2098,19.878028,75.317475,19.928028,75.367475,Metropolitian ,7.63146393347645,Medium
2099,13.029198,77.570997,13.109198,77.650997,Urban ,12.418408999826964,Medium
2100,22.75004,75.902847,22.81004,75.962847,Metropolitian ,9.074684164326703,Medium
2101,12.311072,76.654878,12.341072,76.684878,Urban ,4.663544352411342,Short
2102,-30.895817,75.813112,31.005817,75.923112,Metropolitian ,6883.157441250703,Very Long
2103,30.332735,78.054222,30.392735,78.114222,Urban ,8.811936584865819,Medium
2104,21.149834,72.778666,21.229834,72.858666,Urban ,12.162418131176223,Medium
2105,19.055831,72.833984,19.095831,72.873984,Metropolitian ,6.119866712015095,Medium
2106,19.12663,72.829976,19.23663,72.939976,Metropolitian ,16.82454910007528,Long
2107,18.516216,73.842527,18.546216,73.872527,Urban ,4.596926091184952,Short
2108,21.17106,72.789292,21.23106,72.849292,Metropolitian ,9.121491544069452,Medium
2109,9.960846,76.293936,10.010846,76.343936,Metropolitian ,7.803338533819981,Medium
2110,22.31279,73.170283,22.33279,73.190283,Metropolitian ,3.0295127511631836,Short
2111,18.636215,73.751081,18.666215,73.781081,Metropolitian ,4.595393825646219,Short
2112,22.732225,75.874765,22.752225,75.894765,Metropolitian ,3.0252797724229556,Short
2113,21.186884,72.793616,21.196884,72.803616,Urban ,1.5202925485979668,Short
2114,23.39925,85.390464,23.46925,85.460464,Metropolitian ,10.563519849475368,Medium
2115,12.935662,77.61413,13.005662,77.68413,Metropolitian ,10.868212517102938,Medium
2116,12.98041,77.640489,13.07041,77.730489,Metropolitian ,13.971914787569208,Medium
2117,21.170096,72.789122,21.180096,72.799122,Urban ,1.520372837972029,Short
2118,30.893234,75.82172,30.933234,75.86172,Metropolitian ,5.860420733130576,Medium
2119,12.914264,77.6784,12.964264,77.7284,Metropolitian ,7.763485791200364,Medium
2120,30.88722,75.804893,30.95722,75.874893,Metropolitian ,10.255327451704822,Medium
2121,17.430448,78.418213,17.520448,78.508213,Other,13.830053479838757,Medium
2122,18.994049,72.825203,19.124049,72.955203,Urban ,19.89051422303527,Long
2123,26.479108,80.315042,26.559108,80.395042,Metropolitian ,11.936816254050242,Medium
2124,13.049645,80.242268,13.099645,80.292268,Metropolitian ,7.761422437275434,Medium
2125,13.022394,80.242439,13.042394,80.262439,Metropolitian ,3.104827485600211,Short
2126,18.546258,73.904337,18.586258,73.944337,Urban ,6.128639386842631,Medium
2127,17.455894,78.375467,17.465894,78.385467,Urban ,1.5367312329657887,Short
2128,18.536718,73.830327,18.566719,73.860327,Metropolitian ,4.59674562664972,Short
2129,13.058616,80.264151,13.078616,80.284151,Metropolitian ,3.104605953841143,Short
2130,13.044694,80.26147,13.174694,80.39147,Metropolitian ,20.178298581848452,Long
2131,21.175104,72.804342,21.195104,72.824342,Metropolitian ,3.040649953439087,Short
2132,11.016298,76.972076,11.036298,76.992076,Metropolitian ,3.1161729217941097,Short
2133,19.879631,75.323403,19.969631,75.413403,Metropolitian ,13.735754037290008,Medium
2134,13.045479,80.23311,13.155479,80.34311,Metropolitian ,17.07425677879506,Long
2135,11.003008,76.97544,11.063009,77.03544,Metropolitian ,9.3484931901067,Medium
2136,26.473698,80.352677,26.533698,80.412677,Metropolitian ,8.953146585642822,Medium
2137,18.927584,72.832585,18.937584,72.842585,Metropolitian ,1.5305886485689215,Short
2138,13.049645,80.242268,13.179645,80.372268,Metropolitian ,20.178100872930706,Long
2139,17.458998,78.500366,17.568998,78.610366,Metropolitian ,16.901690663165507,Long
2140,12.352058,76.60665,12.442058,76.69665,Metropolitian ,13.988777563349057,Medium
2141,18.994049,72.825203,19.064049,72.895203,Metropolitian ,10.711191521545658,Medium
2142,11.022477,76.995667,11.112477,77.085667,Metropolitian ,14.021812013195877,Medium
2143,13.029198,77.570997,13.059198,77.600997,Urban ,4.657133018843544,Short
2144,12.337928,76.617889,12.447928,76.727889,Metropolitian ,17.097526527826915,Long
2145,26.766536,75.837333,26.896536,75.967333,Urban ,19.373745834955248,Long
2146,25.459775,81.834841,25.539775,81.914841,Urban ,11.983203974931003,Medium
2147,12.975996,80.221898,12.995996,80.241898,Metropolitian ,3.105110394702573,Short
2148,18.554382,73.798206,18.644382,73.888206,Metropolitian ,13.788169484006964,Medium
2149,23.353783,85.326967,23.443783,85.416967,Urban ,13.583332471810742,Medium
2150,23.374878,85.335739,23.484878,85.445739,Metropolitian ,16.600066636057907,Long
2151,12.323194,76.630583,12.393194,76.700583,Metropolitian ,10.880951367270638,Medium
2152,23.333017,85.3172,23.343017,85.3272,Urban ,1.509575604266107,Short
2153,21.160437,72.774209,21.200437,72.814209,Metropolitian ,6.08138911667686,Medium
2154,19.888716,75.321461,19.938716,75.371461,Other,7.631222020276632,Medium
2155,10.035573,76.336958,10.065573,76.366958,Metropolitian ,4.681543187251407,Short
2156,22.53796,88.349843,22.55796,88.369843,Metropolitian ,3.027248735926831,Short
2157,18.554382,73.798206,18.614382,73.858206,Metropolitian ,9.192496429758704,Medium
2158,12.979166,77.640709,13.009166,77.670709,Other,4.657590955429032,Short
2159,19.221315,72.862381,19.251315,72.892381,Metropolitian ,4.587794632025385,Short
2160,21.17106,72.789292,21.24106,72.859292,Metropolitian ,10.641572477284313,Medium
2161,11.021278,76.995017,11.081278,77.055017,Urban ,9.348128423503685,Medium
2162,23.355164,85.324097,23.395164,85.364097,Urban ,6.037529176542944,Medium
2163,17.410371,78.437225,17.420371,78.447225,Metropolitian ,1.5369139896085362,Short
2164,11.022298,76.998349,11.082298,77.058349,Metropolitian ,9.348112475389005,Medium
2165,26.921411,75.793604,26.951411,75.823604,Metropolitian ,4.4690273945058,Short
2166,12.979096,77.640625,13.089096,77.750625,Metropolitian ,17.07649249561196,Long
2167,21.175104,72.804342,21.185104,72.814342,Metropolitian ,1.520348892826682,Short
2168,22.745049,75.892471,22.805049,75.952471,Urban ,9.074836683459448,Medium
2169,26.49095,80.318656,26.62095,80.448656,Metropolitian ,19.394555235257258,Long
2170,18.569156,73.774723,18.639156,73.844723,Metropolitian ,10.723989806656157,Medium
2171,19.103249,72.846749,19.143249,72.886749,Urban ,6.119039466470349,Medium
2172,18.546258,73.904337,18.616258,73.974337,Metropolitian ,10.7246720867354,Medium
2173,26.921411,75.793604,27.001411,75.873604,Metropolitian ,11.916235157218114,Medium
2174,19.866969,75.318894,19.926969,75.378894,Urban ,9.157921135825594,Medium
2175,19.121999,72.908493,19.251999,73.038493,Metropolitian ,19.88325155302074,Long
2176,19.131141,72.813074,19.26114,72.943074,Metropolitian ,19.88265014741632,Long
2177,13.086438,80.220672,13.156439,80.290672,Metropolitian ,10.865065738215877,Medium
2178,18.53408,73.89852,18.66408,74.02852,Metropolitian ,19.91626000977551,Long
2179,22.311844,73.165081,22.401844,73.255081,Metropolitian ,13.631271209070386,Medium
2180,22.753659,75.903365,22.793659,75.943365,Urban ,6.049919555217213,Medium
2181,0.0,0.0,0.13,0.13,Other,20.44292976252901,Long
2182,22.725748,75.898497,22.795748,75.968497,Metropolitian ,10.587819003215166,Medium
2183,12.975996,80.221898,12.995996,80.241898,Urban ,3.105110394702573,Short
2184,12.939496,77.625999,12.959496,77.645999,Metropolitian ,3.105332273396694,Short
2185,23.234631,77.401663,23.244631,77.411663,Metropolitian ,1.510086276286807,Short
2186,19.1813,72.836191,19.2713,72.926191,Other,13.763778584950824,Medium
2187,13.044694,80.26147,13.154694,80.37147,Metropolitian ,17.074283280249873,Long
2188,23.354422,85.3329,23.464422,85.4429,Metropolitian ,16.601240146481604,Long
2189,27.157772,78.04725,27.187772,78.07725,Metropolitian ,4.4648646336903015,Short
2190,17.433809,78.386744,17.443809,78.396744,Urban ,1.5368199501610624,Short
2191,22.751234,75.88949,22.881234,76.01949,Metropolitian ,19.659414837287816,Long
2192,12.979166,77.640709,13.059166,77.720709,Urban ,12.419632405530358,Medium
2193,13.086438,80.220672,13.196438,80.330672,Urban ,17.07287190639919,Long
2194,10.035573,76.336958,10.165573,76.466958,Metropolitian ,20.285136523122286,Long
2195,22.725748,75.898497,22.765747,75.938497,Metropolitian ,6.05040606165864,Medium
2196,19.091458,72.827808,19.151458,72.887808,Metropolitian ,9.178605957041263,Medium
2197,19.207222,72.972281,19.237222,73.002281,Metropolitian ,4.587980157997274,Short
2198,23.230791,77.43702,23.240791,77.44702,Metropolitian ,1.5101061706136438,Short
2199,26.905287,75.794592,26.995287,75.884592,Metropolitian ,13.406350345878925,Medium
2200,26.88842,75.800689,26.93842,75.850689,Metropolitian ,7.449051156906783,Medium
2201,23.359033,85.325347,23.409033,85.375347,Metropolitian ,7.546680469081777,Medium
2202,11.02091,76.940432,11.13091,77.050432,Metropolitian ,17.137527593798623,Long
2203,21.186884,72.793616,21.236884,72.843616,Metropolitian ,7.600983953739471,Medium
2204,21.170096,72.789122,21.250096,72.869122,Urban ,12.161642370388376,Medium
2205,11.003008,76.97544,11.013008,76.98544,Metropolitian ,1.5581339814973647,Short
2206,22.310329,73.169083,22.340329,73.199083,Semi-Urban ,4.54423097525285,Short
2207,19.876428,75.364792,19.916428,75.404792,Metropolitian ,6.10529065785668,Medium
2208,27.195928,77.998092,27.265928,78.068092,Metropolitian ,10.415616866907136,Medium
2209,19.176269,72.836721,19.216269,72.876721,Urban ,6.117761953594076,Medium
2210,23.359194,85.325447,23.379194,85.345447,Urban ,3.018826787154069,Short
2211,12.325461,76.632278,12.375461,76.682278,Metropolitian ,7.772220444452912,Medium
2212,26.766536,75.837333,26.796536,75.867333,Metropolitian ,4.471739409979411,Short
2213,22.311844,73.165081,22.361844,73.215081,Metropolitian ,7.573429885020178,Medium
2214,22.310329,73.169083,22.400329,73.259083,Metropolitian ,13.63133954829994,Medium
2215,23.371292,85.327872,23.381292,85.337872,Urban ,1.5093764432903987,Short
2216,12.352058,76.60665,12.392058,76.64665,Metropolitian ,6.217525604923989,Medium
2217,22.727021,75.884167,22.787021,75.944167,Urban ,9.07538735961594,Medium
2218,18.536718,73.830327,18.546719,73.840328,Metropolitian ,1.5324173514300854,Short
2219,18.927584,72.832585,18.937584,72.842585,Urban ,1.5305886485689215,Short
2220,12.986047,80.218114,13.006047,80.238114,Urban ,3.1050491911524856,Short
2221,26.911378,75.789034,27.021378,75.899034,Semi-Urban ,16.384502397510587,Long
2222,12.337978,76.616792,12.357978,76.636792,Metropolitian ,3.108902629159079,Short
2223,17.431477,78.40035,17.541477,78.51035,Metropolitian ,16.902909983696322,Long
2224,22.725748,75.898497,22.765747,75.938497,Urban ,6.05040606165864,Medium
2225,30.899584,75.809346,30.949584,75.859346,Metropolitian ,7.325157361461721,Medium
2226,12.316967,76.603067,12.356967,76.643067,Metropolitian ,6.217932880263854,Medium
2227,11.025083,77.015393,11.135083,77.125393,Metropolitian ,17.13740770037243,Long
2228,22.539129,88.365507,22.619129,88.445507,Metropolitian ,12.107734496942223,Medium
2229,22.569367,88.433187,22.609367,88.473187,Urban ,6.05366047642679,Medium
2230,10.027014,76.308053,10.107014,76.388053,Urban ,12.483801883949974,Medium
2231,10.96185,76.971082,11.00185,77.011082,Other,6.232807160866213,Medium
2232,17.438263,78.397865,17.468263,78.427865,Metropolitian ,4.610285665960272,Short
2233,13.026279,80.174568,13.086279,80.234568,Metropolitian ,9.314044193380468,Medium
2234,22.5491,88.400467,22.5691,88.420467,Metropolitian ,3.027136219103687,Short
2235,21.157729,72.768726,21.227729,72.838726,Metropolitian ,10.642019064199648,Medium
2236,23.353783,85.326967,23.403783,85.376967,Metropolitian ,7.546817179242882,Medium
2237,23.234631,77.401663,23.274631,77.441663,Urban ,6.040034059164204,Medium
2238,13.045479,80.23311,13.055479,80.24311,Urban ,1.552358479578188,Short
2239,19.055831,72.833984,19.125831,72.903984,Metropolitian ,10.70930883362127,Medium
2240,19.1093,72.825451,19.1893,72.905451,Urban ,12.237167878708906,Medium
2241,26.913483,75.803139,27.043483,75.933139,Metropolitian ,19.36258018346535,Long
2242,26.921411,75.793604,26.981411,75.853604,Metropolitian ,8.937527873529593,Medium
2243,30.342509,78.061187,30.352509,78.071187,Metropolitian ,1.4687537191567215,Short
2244,13.054347,80.257221,13.164347,80.367221,Metropolitian ,17.073957291397175,Long
2245,15.5696,73.742294,15.5796,73.752294,Metropolitian ,1.5439332908180088,Short
2246,13.005801,80.250744,13.055801,80.300744,Other,7.762092914972131,Medium
2247,12.98041,77.640489,13.06041,77.720489,Metropolitian ,12.419602041029952,Medium
2248,-26.474986,80.342796,26.584986,80.452796,Metropolitian ,5900.011453604753,Very Long
2249,13.02978,80.208812,13.11978,80.298812,Metropolitian ,13.970556078644558,Medium
2250,18.533811,73.899315,18.593811,73.959315,Urban ,9.193021332844006,Medium
2251,11.001852,76.976268,11.031852,77.006268,Metropolitian ,4.674333016435275,Short
2252,15.303897,73.914336,15.373897,73.984336,Metropolitian ,10.813454754875679,Medium
2253,17.440827,78.393391,17.500827,78.453391,Urban ,9.220147515420278,Medium
2254,26.913987,75.752891,27.003987,75.842891,Urban ,13.40589201844482,Medium
2255,26.905287,75.794592,26.955287,75.844592,Metropolitian ,7.448557979574216,Medium
2256,22.753659,75.903365,22.813659,75.963365,Metropolitian ,9.074573554009332,Medium
2257,22.538999,88.322337,22.628999,88.412337,Metropolitian ,13.620979500078391,Medium
2258,19.121999,72.908493,19.151999,72.938493,Metropolitian ,4.589099458436046,Short
2259,13.086438,80.220672,13.126439,80.260672,Metropolitian ,6.208827615118725,Medium
2260,22.745049,75.892471,22.825049,75.972471,Metropolitian ,12.099374423361004,Medium
2261,18.539299,73.897902,18.669299,74.027902,Metropolitian ,19.915971082561462,Long
2262,26.902908,75.792934,26.952908,75.842934,Metropolitian ,7.448627554424468,Medium
2263,12.316967,76.603067,12.336967,76.623067,Metropolitian ,3.1090243972298155,Short
2264,10.994136,76.963303,11.014136,76.983303,Metropolitian ,3.116288055541825,Short
2265,13.091809,80.219104,13.131809,80.259104,Urban ,6.208681984040334,Medium
2266,27.160934,78.044095,27.270934,78.154095,Metropolitian ,16.368369640859264,Long
2267,22.311358,73.164798,22.321358,73.174798,Metropolitian ,1.5147885720056022,Short
2268,22.745536,75.893106,22.775536,75.923106,Urban ,4.537640130462831,Short
2269,21.149569,72.772697,21.219569,72.842697,Metropolitian ,10.642292301678225,Medium
2270,26.846156,75.8023,26.936156,75.8923,Metropolitian ,13.409462339212707,Medium
2271,23.214294,77.435361,23.294294,77.515361,Metropolitian ,12.080081518351335,Medium
2272,12.334022,76.618203,12.384022,76.668203,Urban ,7.772096240718677,Medium
2273,15.506205,73.766668,15.596205,73.856668,Metropolitian ,13.896159346529231,Medium
2274,10.027014,76.308053,10.087014,76.368053,Metropolitian ,9.362994333550144,Medium
2275,17.431668,78.408321,17.511668,78.488321,Metropolitian ,12.29350267444076,Medium
2276,18.569156,73.774723,18.699156,73.904723,Urban ,19.914316766458793,Long
2277,26.914142,75.805704,27.004142,75.895704,Metropolitian ,13.405883851779459,Medium
2278,22.728163,75.884212,22.838163,75.994212,Urban ,16.63674459183079,Long
2279,9.957144,76.296783,10.027144,76.366783,Metropolitian ,10.92456962686083,Medium
2280,26.471617,80.313564,26.531617,80.373564,Metropolitian ,8.953218695316368,Medium
2281,17.410371,78.437225,17.420371,78.447225,Urban ,1.5369139896085362,Short
2282,23.354422,85.3329,23.394422,85.3729,Metropolitian ,6.037544630194731,Medium
2283,19.866969,75.318894,19.946969,75.398894,Metropolitian ,12.21019916553939,Medium
2284,26.914142,75.805704,26.974142,75.865704,Urban ,8.937783115634607,Medium
2285,17.430448,78.418213,17.510448,78.498213,Metropolitian ,12.293541924925233,Medium
2286,12.933298,77.614293,12.973298,77.654293,Metropolitian ,6.210618323093113,Medium
2287,22.307898,73.167788,22.397898,73.257788,Metropolitian ,13.631449198481373,Medium
2288,27.16185,78.040165,27.29185,78.170165,Metropolitian ,19.34359866677094,Long
2289,12.311072,76.654878,12.391072,76.734878,Metropolitian ,12.43553817483714,Medium
2290,22.515082,88.36783,22.565082,88.41783,Metropolitian ,7.568320537709047,Medium
2291,12.3085,76.665808,12.3985,76.755808,Metropolitian ,13.989916877276224,Medium
2292,10.020683,76.310631,10.070683,76.360631,Metropolitian ,7.80262997788558,Medium
2293,23.234249,77.434007,23.294249,77.494007,Metropolitian ,9.05975169661097,Medium
2294,15.157944,73.950889,15.207944,74.000889,Metropolitian ,7.7266619803584256,Medium
2295,19.22384,72.841347,19.24384,72.861347,Urban ,3.0585514953421016,Short
2296,21.170798,72.790489,21.180798,72.800489,Urban ,1.5203694817444924,Short
2297,13.026286,80.275235,13.136286,80.385235,Urban ,17.07490429604153,Long
2298,17.424114,78.347554,17.454114,78.377554,Metropolitian ,4.6104561460485325,Short
2299,9.988483,76.295211,10.098483,76.405211,Metropolitian ,17.165842266655574,Long
2300,22.310526,73.170937,22.400526,73.260937,Metropolitian ,13.631330662170539,Medium
2301,11.010375,76.95295,11.070375,77.01295,Metropolitian ,9.348298807292222,Medium
2302,25.451646,81.832796,25.541646,81.922796,Metropolitian ,13.481261865823019,Medium
2303,19.1813,72.836191,19.2013,72.856191,Metropolitian ,3.058924545938431,Short
2304,22.722634,75.886959,22.772634,75.936959,Metropolitian ,7.563061700786225,Medium
2305,22.32,73.17,22.41,73.26,Metropolitian ,13.630903236332337,Medium
2306,11.025083,77.015393,11.065083,77.055393,Urban ,6.2321502588297575,Medium
2307,30.361281,78.068022,30.441281,78.148022,Metropolitian ,11.747271284005542,Medium
2308,18.546258,73.904337,18.576258,73.934337,Urban ,4.596543327363633,Short
2309,22.552672,88.352885,22.632672,88.432885,Urban ,12.107186670957672,Medium
2310,26.849596,75.800512,26.919596,75.870512,Urban ,10.429850454296858,Medium
2311,18.520016,73.830547,18.560016,73.870547,Other,6.129085334980087,Medium
2312,12.334022,76.618203,12.364022,76.648203,Urban ,4.6633448430939985,Short
2313,26.471529,80.313458,26.611529,80.453458,Metropolitian ,20.887611087467462,Long
2314,11.000762,76.981876,11.070762,77.051876,Metropolitian ,10.906432552887429,Medium
2315,26.846156,75.8023,26.856156,75.8123,Urban ,1.4901739564931824,Short
2316,21.173493,72.801953,21.193493,72.821953,Urban ,3.0406653633174847,Short
2317,26.913483,75.803139,27.003483,75.893139,Urban ,13.405918573024225,Medium
2318,18.56245,73.916619,18.59245,73.946619,Urban ,4.596336792439127,Short
2319,22.761593,75.886362,22.851593,75.976362,Metropolitian ,13.610807781528916,Medium
2320,18.516216,73.842527,18.546216,73.872527,Metropolitian ,4.596926091184952,Short
2321,19.874733,75.353942,19.924733,75.403942,Metropolitian ,7.631538489436824,Medium
2322,30.905562,75.832841,31.035562,75.962841,Urban ,19.04152221551391,Long
2323,12.970221,77.645396,13.010221,77.685396,Urban ,6.210169290102345,Medium
2324,11.022477,76.995667,11.082477,77.055667,Urban ,9.348109676504196,Medium
2325,18.539299,73.897902,18.629299,73.987902,Urban ,13.788747286078769,Medium
2326,17.431668,78.408321,17.471668,78.448321,Urban ,6.147073151032031,Medium
2327,25.457116,81.859682,25.547116,81.949682,Urban ,13.48098627878453,Medium
2328,12.3085,76.665808,12.4185,76.775808,Metropolitian ,17.098467518756365,Long
2329,22.745049,75.892471,22.875049,76.022471,Metropolitian ,19.65982489949044,Long
2330,30.892978,75.821847,30.962978,75.891847,Urban ,10.255065711476561,Medium
2331,17.430448,78.418213,17.540448,78.528213,Urban ,16.902955539488524,Long
2332,22.651847,75.881991,22.741847,75.971991,Metropolitian ,13.615833459010936,Medium
2333,23.232357,77.429989,23.272357,77.469989,Metropolitian ,6.040081211062473,Medium
2334,12.914264,77.6784,12.944264,77.7084,Urban ,4.658182488300042,Short
2335,12.986047,80.218114,13.016047,80.248114,Metropolitian ,4.657528074267125,Short
2336,11.003669,76.976494,11.043669,77.016494,Urban ,6.2323731292832845,Medium
2337,23.351489,85.324253,23.441489,85.414253,Metropolitian ,13.583440059633803,Medium
2338,21.186608,72.794136,21.246608,72.854136,Metropolitian ,9.12104492162899,Medium
2339,22.538999,88.322337,22.588999,88.372337,Metropolitian ,7.5677166525007316,Medium
2340,17.483216,78.552111,17.613216,78.682111,Metropolitian ,19.972929947942678,Long
2341,19.875908,75.358888,19.905908,75.388888,Urban ,4.579042936878116,Short
2342,22.761593,75.886362,22.831593,75.956362,Metropolitian ,10.586541004121191,Medium
2343,18.53408,73.89852,18.61408,73.97852,Metropolitian ,12.257012194098404,Medium
2344,18.546258,73.904337,18.596258,73.954337,Metropolitian ,7.660692882261083,Medium
2345,12.972532,77.608179,13.052532,77.688179,Metropolitian ,12.419794286436012,Medium
2346,26.88842,75.800689,26.99842,75.910689,Metropolitian ,16.38598063528595,Long
2347,18.516216,73.842527,18.556216,73.882527,Metropolitian ,6.129149863507101,Medium
2348,25.450317,81.831681,25.510317,81.891681,Metropolitian ,8.988056602876895,Medium
2349,12.935662,77.61413,12.985662,77.66413,Metropolitian ,7.76316102849308,Medium
2350,26.956431,75.776649,26.966431,75.786649,Metropolitian ,1.4895293820619868,Short
2351,18.530963,73.828972,18.550963,73.848972,Urban ,3.0645346577470782,Short
2352,26.849596,75.800512,26.909596,75.860512,Metropolitian ,8.940047176803803,Medium
2353,18.530963,73.828972,18.560963,73.858972,Other,4.596738270617085,Short
2354,23.371292,85.327872,23.401292,85.357872,Metropolitian ,4.527973054243249,Short
2355,17.483216,78.552111,17.493216,78.562111,Metropolitian ,1.5366213355986191,Short
2356,-15.5696,73.742294,15.6296,73.802294,Urban ,3469.19901131242,Very Long
2357,23.355164,85.324097,23.485164,85.454097,Metropolitian ,19.618918347480314,Long
2358,30.890184,75.829615,31.030184,75.969615,Metropolitian ,20.50719837503558,Long
2359,26.492106,80.327797,26.512106,80.347797,Metropolitian ,2.984400688567185,Short
2360,26.914142,75.805704,26.944142,75.835704,Metropolitian ,4.469154959263375,Short
2361,26.905287,75.794592,26.965287,75.854592,Other,8.938093974529659,Medium
2362,22.725835,75.887648,22.795835,75.957648,Metropolitian ,10.587815903448728,Medium
2363,12.970221,77.645396,12.980221,77.655396,Metropolitian ,1.552587981794941,Short
2364,21.15276,72.778059,21.26276,72.888059,Metropolitian ,16.72238039080439,Long
2365,18.546258,73.904337,18.606258,73.964337,Other,9.192703790075399,Medium
2366,12.979096,77.640625,13.059096,77.720625,Metropolitian ,12.41963411406132,Medium
2367,26.913726,75.75282,27.003726,75.842821,Metropolitian ,13.405971717381835,Medium
2368,17.426228,78.407495,17.496228,78.477495,Urban ,10.757108800258175,Medium
2369,22.31279,73.170283,22.34279,73.200283,Urban ,4.5441940135013885,Short
2370,19.003517,72.82765,19.113517,72.93765,Urban ,16.830461294557907,Long
2371,15.303897,73.914336,15.363897,73.974336,Metropolitian ,9.268782493954419,Medium
2372,11.025083,77.015393,11.045083,77.035393,Other,3.116127220770883,Short
2373,26.474986,80.342796,26.614986,80.482796,Urban ,20.88733123478813,Long
2374,19.103249,72.846749,19.153249,72.896749,Urban ,7.648690101362567,Medium
2375,13.091809,80.219104,13.101809,80.229104,Metropolitian ,1.5522165637175793,Short
2376,17.450851,78.379347,17.490851,78.419347,Metropolitian ,6.1467647273410435,Medium
2377,11.001852,76.976268,11.071852,77.046268,Metropolitian ,10.906412696832449,Medium
2378,13.029198,77.570997,13.159198,77.700997,Urban ,20.1789169247499,Long
2379,11.022477,76.995667,11.042477,77.015667,Other,3.1161407812913753,Short
2380,23.359033,85.325347,23.389033,85.355347,Urban ,4.5281645804083706,Short
2381,12.972793,80.249982,13.082793,80.359982,Urban ,17.076704210539905,Long
2382,9.985497,76.276999,10.035497,76.326999,Metropolitian ,7.8030471300847175,Medium
2383,23.354422,85.3329,23.364422,85.3429,Metropolitian ,1.5094642591454117,Short
2384,17.411028,78.329645,17.471028,78.389645,Other,9.22086597503729,Medium
2385,26.905287,75.794592,26.915287,75.804592,Metropolitian ,1.4898285870173964,Short
2386,26.913726,75.75282,27.053726,75.89282,Metropolitian ,20.851578809643392,Long
2387,21.149669,72.772629,21.169669,72.792629,Metropolitian ,3.0408931296411486,Short
2388,19.254567,72.848923,19.284567,72.878923,Metropolitian ,4.587356404161844,Short
2389,27.161661,78.011544,27.221661,78.071544,Metropolitian ,8.929061179190171,Medium
2390,18.53408,73.89852,18.57408,73.93852,Metropolitian ,6.128846407057289,Medium
2391,13.029198,77.570997,13.089198,77.630997,Metropolitian ,9.313990607668359,Medium
2392,22.514119,88.362504,22.604119,88.452504,Metropolitian ,13.622111101994047,Medium
2393,12.939496,77.625999,12.979496,77.665999,Metropolitian ,6.210543032490164,Medium
2394,11.025083,77.015393,11.155083,77.145393,Urban ,20.252959556511946,Long
2395,30.346994,78.062543,30.386994,78.102543,Urban ,5.8745153545384685,Medium
2396,12.334022,76.618203,12.354022,76.638203,Metropolitian ,3.108925571154758,Short
2397,26.766536,75.837333,26.856536,75.927333,Metropolitian ,13.413644078076189,Medium
2398,25.451517,81.832616,25.491517,81.872616,Metropolitian ,5.992234762408483,Medium
2399,22.526461,88.364453,22.566461,88.404453,Urban ,6.054527674480393,Medium
2400,18.530963,73.828972,18.580963,73.878972,Metropolitian ,7.6610179466416595,Medium
2401,30.340722,78.060221,30.480722,78.200221,Metropolitian ,20.556873469392407,Long
2402,12.3085,76.665808,12.3585,76.715808,Metropolitian ,7.772466272035481,Medium
2403,18.533811,73.899315,18.623811,73.989315,Urban ,13.788957415778432,Medium
2404,30.893081,75.821495,30.913081,75.841495,Metropolitian ,2.9303422228166385,Short
2405,26.481547,80.299775,26.591547,80.409775,Metropolitian ,16.41201262107594,Long
2406,25.454648,81.834502,25.474648,81.854502,Metropolitian ,2.9961942469469016,Short
2407,19.876428,75.364792,19.906428,75.394792,Urban ,4.579035880489491,Short
2408,19.22384,72.841347,19.33384,72.951347,Other,16.81985660809769,Long
2409,18.53408,73.89852,18.55408,73.91852,Metropolitian ,3.0645081868526045,Short
2410,26.911927,75.797282,26.981927,75.867282,Metropolitian ,10.427299400994743,Medium
2411,13.026279,80.174568,13.096279,80.244568,Metropolitian ,10.866277692518208,Medium
2412,13.091809,80.219104,13.111809,80.239104,Metropolitian ,3.104402431477633,Short
2413,21.149669,72.772629,21.219669,72.842629,Urban ,10.64228895373847,Medium
2414,12.323994,76.626167,12.383994,76.686167,Other,9.32660296123291,Medium
2415,11.026117,76.944652,11.116117,77.034652,Metropolitian ,14.021726512882225,Medium
2416,22.527893,88.368628,22.617893,88.458628,Metropolitian ,13.621484759968478,Medium
2417,12.979166,77.640709,12.999166,77.660709,Metropolitian ,3.1050910965093825,Short
2418,22.311844,73.165081,22.341844,73.195081,Metropolitian ,4.544208221888033,Short
2419,21.157735,72.768778,21.217735,72.828778,Metropolitian ,9.121874081415614,Medium
2420,9.985497,76.276999,10.055497,76.346999,Metropolitian ,10.924100022194843,Medium
2421,25.459775,81.834841,25.599775,81.974841,Urban ,20.968251711199535,Long
2422,12.972532,77.608179,12.982532,77.618179,Metropolitian ,1.5525809531930488,Short
2423,17.431668,78.408321,17.441668,78.418321,Urban ,1.5368285452421355,Short
2424,18.563934,73.915367,18.583935,73.935367,Urban ,3.0643351463854707,Short
2425,19.121999,72.908493,19.171999,72.958493,Metropolitian ,7.648280480148563,Medium
2426,22.725748,75.898497,22.755747,75.928497,Metropolitian ,4.537860442229112,Short
2427,21.175104,72.804342,21.265104,72.894342,Urban ,13.681416111912453,Medium
2428,13.005801,80.250744,13.025801,80.270744,Urban ,3.1049287712301434,Short
2429,10.994136,76.963303,11.014136,76.983303,Urban ,3.116288055541825,Short
2430,18.516216,73.842527,18.646216,73.972527,Metropolitian ,19.91724841572886,Long
2431,13.02978,80.208812,13.10978,80.288812,Other,12.418394742110715,Medium
2432,12.334022,76.618203,12.344022,76.628203,Urban ,1.5544772821915442,Short
2433,19.003517,72.82765,19.043517,72.86765,Metropolitian ,6.120777222727502,Medium
2434,19.055831,72.833984,19.115831,72.893984,Urban ,9.179538450825504,Medium
2435,26.913483,75.803139,26.923483,75.813139,Metropolitian ,1.4897806686907549,Short
2436,22.31279,73.170283,22.35279,73.210283,Urban ,6.05882516928704,Medium
2437,18.56245,73.916619,18.61245,73.966619,Metropolitian ,7.660348489151042,Medium
2438,23.374989,85.335486,23.484989,85.445486,Metropolitian ,16.60006026589117,Long
2439,18.592718,73.773572,18.632718,73.813572,Urban ,6.127848457033905,Medium
2440,26.891191,75.802083,26.941191,75.852083,Urban ,7.44897015193315,Medium
2441,12.321214,76.621094,12.341214,76.641094,Urban ,3.1089998000392547,Short
2442,22.753839,75.897429,22.803839,75.947429,Metropolitian ,7.562267471532915,Medium
2443,13.026286,80.275235,13.106286,80.355235,Urban ,12.418480328293056,Medium
2444,23.359033,85.325347,23.399033,85.365347,Metropolitian ,6.037448590044352,Medium
2445,21.170798,72.790489,21.300798,72.920489,Metropolitian ,19.761066328271667,Long
2446,21.170798,72.790489,21.240798,72.860489,Metropolitian ,10.64158125662718,Medium
2447,12.311072,76.654878,12.401072,76.744878,Metropolitian ,13.989849710372209,Medium
2448,12.975996,80.221898,13.045996,80.291898,Metropolitian ,10.867352908691045,Medium
2449,22.310329,73.169083,22.440329,73.299083,Metropolitian ,19.68840740892469,Long
2450,17.424114,78.347554,17.554114,78.477554,Metropolitian ,19.976027554946768,Long
2451,17.438263,78.397865,17.518263,78.477865,Metropolitian ,12.293290453034048,Medium
2452,26.902328,75.794257,26.972328,75.864257,Other,10.427692569177225,Medium
2453,22.311358,73.164798,22.331358,73.184798,Urban ,3.029527086813652,Short
2454,15.51315,73.78346,15.59315,73.86346,Urban ,12.352085635517236,Medium
2455,26.911927,75.797282,26.921927,75.807282,Metropolitian ,1.4897897668124565,Short
2456,19.178321,72.834715,19.308321,72.964715,Metropolitian ,19.880040740546313,Long
2457,15.506205,73.766668,15.586205,73.846668,Metropolitian ,12.35228618251591,Medium
2458,12.284747,76.625861,12.344747,76.685861,Urban ,9.327285157960466,Medium
2459,12.310972,76.659264,12.390972,76.739264,Metropolitian ,12.435540495461826,Medium
2460,12.321214,76.621094,12.411214,76.711094,Metropolitian ,13.98958472463614,Medium
2461,23.374878,85.335739,23.444878,85.405739,Urban ,10.564409665969912,Medium
2462,22.744648,75.894377,22.854648,76.004377,Urban ,16.635820545591837,Long
2463,30.893081,75.821495,31.033081,75.961495,Metropolitian ,20.50693477586549,Long
2464,18.53408,73.89852,18.61408,73.97852,Urban ,12.257012194098404,Medium
2465,22.761226,75.887522,22.801226,75.927522,Metropolitian ,6.049765396707846,Medium
2466,21.160522,72.771477,21.240522,72.851477,Metropolitian ,12.162009006258524,Medium
2467,21.170096,72.789122,21.240096,72.859122,Metropolitian ,10.641604779431981,Medium
2468,19.131141,72.813074,19.221141,72.903074,Metropolitian ,13.765756924310372,Medium
2469,22.753659,75.903365,22.793659,75.943365,Metropolitian ,6.049919555217213,Medium
2470,12.972793,80.249982,13.032793,80.309982,Metropolitian ,9.31502403899762,Medium
2471,12.316967,76.603067,12.426967,76.713067,Metropolitian ,17.098196997717192,Long
2472,18.593481,73.785901,18.663481,73.855901,Urban ,10.72326417216742,Medium
2473,18.994049,72.825203,19.004049,72.835203,Metropolitian ,1.5303005968357748,Short
2474,11.022477,76.995667,11.042477,77.015667,Urban ,3.1161407812913753,Short
2475,26.846156,75.8023,26.916156,75.8723,Urban ,10.429991108601625,Medium
2476,19.1813,72.836191,19.2713,72.926191,Metropolitian ,13.763778584950824,Medium
2477,27.165108,78.015053,27.295108,78.145053,Metropolitian ,19.343348762172415,Long
2478,13.086438,80.220672,13.096438,80.230672,Urban ,1.5522330405310387,Short
2479,-12.970324,-77.645748,13.010324,77.685748,Urban ,17343.331417753412,Very Long
2480,21.170798,72.790489,21.200798,72.820489,Metropolitian ,4.560964950803957,Short
2481,23.234249,77.434007,23.284249,77.484007,Urban ,7.549922797290035,Medium
2482,30.327968,78.046106,30.437968,78.156106,Metropolitian ,16.153788730847047,Long
2483,19.121999,72.908493,19.161999,72.948493,Urban ,6.118711846690412,Medium
2484,12.935662,77.61413,12.945662,77.62413,Metropolitian ,1.552692945660692,Short
2485,12.979166,77.640709,13.039166,77.700709,Metropolitian ,9.314907489513608,Medium
2486,19.1093,72.825451,19.1193,72.835451,Urban ,1.5297989528625522,Short
2487,22.75004,75.902847,22.88004,76.032847,Metropolitian ,19.659494006264435,Long
2488,17.483216,78.552111,17.543216,78.612111,Metropolitian ,9.21912356761151,Medium
2489,26.902328,75.794257,27.042328,75.934257,Metropolitian ,20.85251350342755,Long
2490,30.332735,78.054222,30.462735,78.184222,Urban ,19.08960903186433,Long
2491,11.010375,76.95295,11.020375,76.96295,Urban ,1.558114851290099,Short
2492,30.890184,75.829615,30.900184,75.839615,Urban ,1.465222367891512,Short
2493,18.546258,73.904337,18.566258,73.924337,Metropolitian ,3.0644047273695776,Short
2494,12.913041,77.683237,13.023041,77.793237,Metropolitian ,17.07870639063114,Long
2495,18.516216,73.842527,18.556216,73.882527,Urban ,6.129149863507101,Medium
2496,13.005801,80.250744,13.025801,80.270744,Metropolitian ,3.1049287712301434,Short
2497,26.902328,75.794257,26.962328,75.854257,Metropolitian ,8.938197833559254,Medium
2498,18.530963,73.828972,18.640963,73.938972,Urban ,16.852834881459735,Long
2499,12.284747,76.625861,12.364747,76.705861,Metropolitian ,12.436148456121176,Medium
2500,19.176269,72.836721,19.306269,72.966721,Urban ,19.880157869977058,Long
2501,22.539129,88.365507,22.609129,88.435507,Urban ,10.594444749553652,Medium
2502,12.321214,76.621094,12.351214,76.651094,Metropolitian ,4.663456229762273,Short
2503,15.544419,73.755736,15.594419,73.805736,Metropolitian ,7.719759937618361,Medium
2504,18.592718,73.773572,18.622718,73.803572,Metropolitian ,4.595950274789243,Short
2505,19.091458,72.827808,19.101458,72.837808,Urban ,1.5298767913552258,Short
2506,18.569156,73.774723,18.599156,73.804723,Metropolitian ,4.596251207088208,Short
2507,9.985497,76.276999,10.115497,76.406999,Metropolitian ,20.286687211609923,Long
2508,21.160522,72.771477,21.190522,72.801477,Metropolitian ,4.561112369848115,Short
2509,30.885814,75.786976,30.915814,75.816976,Other,4.395557447433842,Short
2510,11.003008,76.97544,11.093008,77.06544,Urban ,14.022268860182079,Medium
2511,13.058616,80.264151,13.098616,80.304151,Metropolitian ,6.209089325963488,Medium
2512,21.175104,72.804342,21.265104,72.894342,Metropolitian ,13.681416111912453,Medium
2513,30.361281,78.068022,30.501281,78.208022,Urban ,20.555026364273633,Long
2514,21.170798,72.790489,21.220798,72.840489,Metropolitian ,7.601368938115055,Medium
2515,13.054347,80.257221,13.134347,80.337221,Metropolitian ,12.41779235161686,Medium
2516,19.065838,72.832658,19.105838,72.872658,Urban ,6.119692285952751,Medium
2517,13.045479,80.23311,13.125479,80.31311,Metropolitian ,12.418009922382737,Medium
2518,19.121999,72.908493,19.131999,72.918493,Metropolitian ,1.5297435115833462,Short
2519,22.307898,73.167788,22.347898,73.207788,Metropolitian ,6.0589231475258885,Medium
2520,18.546258,73.904337,18.626258,73.984337,Urban ,12.256597748689702,Medium
2521,11.026117,76.944652,11.106117,77.024652,Urban ,12.463861442061827,Medium
2522,19.121999,72.908493,19.231999,73.018493,Metropolitian ,16.824772113251285,Long
2523,12.304569,76.643622,12.374569,76.713622,Metropolitian ,10.88132949340842,Medium
2524,13.066762,80.251865,13.106762,80.291865,Urban ,6.2089894502097405,Medium
2525,19.091458,72.827808,19.101458,72.837808,Metropolitian ,1.5298767913552258,Short
2526,23.264015,77.408236,23.344015,77.488236,Metropolitian ,12.078017632302174,Medium
2527,15.561295,73.749478,15.651295,73.839478,Urban ,13.894366560077227,Medium
2528,23.266261,77.379605,23.336261,77.449605,Metropolitian ,10.568365698817711,Medium
2529,22.695207,75.866059,22.705207,75.876059,Urban ,1.5128534404979816,Short
2530,23.214294,77.435361,23.344294,77.565361,Urban ,19.628444862002613,Long
2531,12.972532,77.608179,13.002532,77.638179,Urban ,4.657651549280557,Short
2532,12.323194,76.630583,12.453194,76.760583,Metropolitian ,20.20634606758321,Long
2533,17.431477,78.40035,17.521477,78.49035,Other,13.830016226508361,Medium
2534,19.121999,72.908493,19.201999,72.988493,Urban ,12.236723616598821,Medium
2535,21.186608,72.794136,21.216608,72.824136,Urban ,4.560738018710983,Short
2536,30.346994,78.062543,30.416994,78.132543,Metropolitian ,10.279728368311755,Medium
2537,17.458998,78.500366,17.468998,78.510366,Urban ,1.5367187556839161,Short
2538,11.001852,76.976268,11.111852,77.086268,Urban ,17.13807458855237,Long
2539,13.054347,80.257221,13.184347,80.387221,Metropolitian ,20.177913041347885,Long
2540,10.027014,76.308053,10.067014,76.348053,Metropolitian ,6.2420913755209915,Medium
2541,18.546258,73.904337,18.626258,73.984337,Metropolitian ,12.256597748689702,Medium
2542,21.149669,72.772629,21.279669,72.902629,Metropolitian ,19.762382255532415,Long
2543,19.065838,72.832658,19.075838,72.842658,Metropolitian ,1.5299884479318047,Short
2544,9.979363,76.285001,10.069363,76.375001,Urban ,14.0451886858139,Medium
2545,26.913483,75.803139,26.973483,75.863139,Metropolitian ,8.937806252924398,Medium
2546,12.323225,76.630028,12.383225,76.690028,Metropolitian ,9.326616348119142,Medium
2547,13.066762,80.251865,13.116762,80.301865,Urban ,7.761160094159413,Medium
2548,23.234249,77.434007,23.264249,77.464007,Metropolitian ,4.530109268846795,Short
2549,12.979096,77.640625,12.989096,77.650625,Other,1.5525609831259377,Short
2550,22.761226,75.887522,22.891226,76.017522,Metropolitian ,19.658752171965087,Long
2551,15.496162,73.825364,15.586162,73.915364,Metropolitian ,13.896485534989692,Medium
2552,11.024839,77.007003,11.084839,77.067003,Urban ,9.348072739622447,Medium
2553,21.186438,72.794115,21.266438,72.874115,Metropolitian ,12.16101621891181,Medium
2554,12.972793,80.249982,13.042793,80.319982,Metropolitian ,10.867421265092155,Medium
2555,26.910262,75.783013,26.920262,75.793013,Urban ,1.4897995018088561,Short
2556,22.732225,75.874765,22.812225,75.954765,Metropolitian ,12.099896960230081,Medium
2557,18.569156,73.774723,18.649156,73.854723,Urban ,12.255817809722014,Medium
2558,9.970717,76.285447,10.050717,76.365447,Metropolitian ,12.484870900142962,Medium
2559,26.902908,75.792934,26.952908,75.842934,Urban ,7.448627554424468,Medium
2560,12.978453,77.643685,13.058453,77.723685,Metropolitian ,12.41964980772783,Medium
2561,17.45971,78.368855,17.48971,78.398855,Metropolitian ,4.610027010711543,Short
2562,19.065838,72.832658,19.115838,72.882658,Metropolitian ,7.64950631832897,Medium
2563,30.327968,78.046106,30.467968,78.186106,Metropolitian ,20.55801888595123,Long
2564,19.176269,72.836721,19.286269,72.946721,Urban ,16.822155609316784,Long
2565,12.914264,77.6784,12.954264,77.7184,Metropolitian ,6.2108493245340295,Medium
2566,26.90519,75.810753,26.94519,75.850753,Other,5.958965689666703,Medium
2567,10.028047,76.310019,10.068047,76.350019,Metropolitian ,6.242081559530351,Medium
2568,21.157729,72.768726,21.247729,72.858726,Metropolitian ,13.682164847733418,Medium
2569,23.333017,85.3172,23.413017,85.3972,Metropolitian ,12.075147204184079,Medium
2570,26.902908,75.792934,26.922908,75.812934,Urban ,2.9796265189930105,Short
2571,23.354422,85.3329,23.404422,85.3829,Metropolitian ,7.546800541055667,Medium
2572,12.934365,77.616155,12.944365,77.626155,Urban ,1.5526968797449292,Short
2573,13.091809,80.219104,13.171809,80.299104,Urban ,12.416871691607229,Medium
2574,12.297954,76.665169,12.427954,76.795169,Metropolitian ,20.207299688871007,Long
2575,12.972793,80.249982,12.982793,80.259982,Urban ,1.5525801593205812,Short
2576,12.970221,77.645396,13.030221,77.705396,Metropolitian ,9.315071060295129,Medium
2577,17.41233,78.449654,17.48233,78.519654,Urban ,10.757499697083032,Medium
2578,19.207222,72.972281,19.227222,72.992281,Metropolitian ,3.058697313880567,Short
2579,17.483216,78.552111,17.503216,78.572111,Urban ,3.0732024062609007,Short
2580,19.254567,72.848923,19.274567,72.868923,Metropolitian ,3.0582815752496066,Short
2581,12.934365,77.616155,12.984365,77.666155,Urban ,7.763180727989849,Medium
2582,26.956431,75.776649,27.046431,75.866649,Urban ,13.403654333870259,Medium
2583,12.323994,76.626167,12.363994,76.666167,Metropolitian ,6.21785141201631,Medium
2584,18.536718,73.830327,18.626718,73.920327,Metropolitian ,13.788846116844857,Medium
2585,12.310972,76.659264,12.440972,76.789264,Metropolitian ,20.206808074128055,Long
2586,23.416792,85.316842,23.446792,85.346842,Metropolitian ,4.527261449200269,Short
2587,18.56245,73.916619,18.57245,73.926619,Metropolitian ,1.5321547990761482,Short
2588,10.020683,76.310631,10.080683,76.370631,Urban ,9.363084628484573,Medium
2589,23.355164,85.324097,23.375164,85.344097,Urban ,3.018868742009604,Short
2590,22.311844,73.165081,22.371844,73.225081,Metropolitian ,9.087965501261843,Medium
2591,23.351058,85.325731,23.361058,85.335731,Urban ,1.5094817638290983,Short
2592,26.914142,75.805704,26.924142,75.815704,Urban ,1.4897768153108437,Short
2593,26.914142,75.805704,26.924142,75.815704,Metropolitian ,1.4897768153108437,Short
2594,18.546947,73.900626,18.586947,73.940626,Metropolitian ,6.12862767048463,Medium
2595,26.90519,75.810753,26.92519,75.830753,Metropolitian ,2.979599835600388,Short
2596,18.543626,73.905101,18.593626,73.955101,Metropolitian ,7.660748837425962,Medium
2597,26.910262,75.783013,27.040262,75.913013,Semi-Urban ,19.362825446415616,Long
2598,9.988483,76.295211,10.038483,76.345211,Metropolitian ,7.80301178453781,Medium
2599,26.846156,75.8023,26.976156,75.9323,Metropolitian ,19.367701972031373,Long
2600,22.307898,73.167788,22.327898,73.187788,Metropolitian ,3.02956172135288,Short
2601,18.55144,73.804855,18.64144,73.894855,Urban ,13.788282220013693,Medium
2602,11.000762,76.981876,11.010762,76.991876,Urban ,1.5581398113181721,Short
2603,12.913041,77.683237,12.973041,77.743237,Metropolitian ,9.316114128266072,Medium
2604,22.75004,75.902847,22.83004,75.982847,Metropolitian ,12.099170988010787,Medium
2605,18.536718,73.830327,18.556718,73.850327,Urban ,3.064485780675921,Short
2606,22.310237,73.158921,22.360237,73.208921,Metropolitian ,7.573470125639261,Medium
2607,15.498603,73.826911,15.548603,73.876911,Metropolitian ,7.720586657032439,Medium
2608,26.90519,75.810753,27.03519,75.940753,Metropolitian ,19.363211606720807,Long
2609,25.450329,81.834279,25.580329,81.964279,Metropolitian ,19.471572069892005,Long
2610,26.913483,75.803139,27.023483,75.913139,Metropolitian ,16.38436680922718,Long
2611,17.428294,78.404423,17.518294,78.494423,Urban ,13.830131455505844,Medium
2612,26.891191,75.802083,26.951191,75.862083,Urban ,8.938588654178862,Medium
2613,12.297954,76.665169,12.367954,76.735169,Metropolitian ,10.881463659821659,Medium
2614,12.981615,80.231598,13.091615,80.341598,Metropolitian ,17.07640785616604,Long
2615,9.979363,76.285001,10.009363,76.315001,Metropolitian ,4.681942811802728,Short
2616,23.374989,85.335486,23.444989,85.405486,Metropolitian ,10.564405615162721,Medium
2617,19.878028,75.317475,20.008028,75.447475,Metropolitian ,19.83944816388011,Long
2618,13.027018,80.254791,13.117018,80.344791,Metropolitian ,13.970632221183653,Medium
2619,21.17106,72.789292,21.22106,72.839292,Metropolitian ,7.601362669751016,Medium
2620,19.221315,72.862381,19.351315,72.992381,Metropolitian ,19.877584031407785,Long
2621,23.359033,85.325347,23.449033,85.415347,Other,13.583086214934681,Medium
2622,12.913041,77.683237,12.993041,77.763237,Urban ,12.421242442901876,Medium
2623,22.751234,75.88949,22.821234,75.95949,Metropolitian ,10.586910515510715,Medium
2624,12.3085,76.665808,12.3585,76.715808,Urban ,7.772466272035481,Medium
2625,27.160934,78.044095,27.250934,78.134095,Metropolitian ,13.392833798998245,Medium
2626,19.120083,72.907385,19.130083,72.917385,Urban ,1.529751878579701,Short
2627,12.934179,77.615797,12.984179,77.665797,Urban ,7.763183552897893,Medium
2628,19.207222,72.972281,19.297222,73.062281,Other,13.762754362295912,Medium
2629,22.307898,73.167788,22.337898,73.197788,Metropolitian ,4.544267482983502,Short
2630,12.933298,77.614293,13.063298,77.744293,Metropolitian ,20.182728114833115,Long
2631,22.744648,75.894377,22.814648,75.964377,Urban ,10.587145367061963,Medium
2632,26.482419,80.320939,26.562419,80.400939,Urban ,11.936663195863416,Medium
2633,17.431477,78.40035,17.461477,78.43035,Urban ,4.610367445745231,Short
2634,30.327968,78.046106,30.357968,78.076106,Urban ,4.406348380307673,Short
2635,12.970324,77.645748,13.050324,77.725748,Metropolitian ,12.419848147906764,Medium
2636,13.02978,80.208812,13.07978,80.258812,Metropolitian ,7.761726486394692,Medium
2637,23.351489,85.324253,23.391489,85.364253,Urban ,6.0376057117840665,Medium
2638,21.183434,72.814492,21.193434,72.824492,Other,1.5203090529375691,Short
2639,23.357804,85.325146,23.397804,85.365146,Urban ,6.037474189823589,Medium
2640,18.636215,73.751081,18.746215,73.861081,Metropolitian ,16.8478956316427,Long
2641,12.323994,76.626167,12.353994,76.656167,Metropolitian ,4.663432062512783,Short
2642,18.51421,73.838429,18.59421,73.918429,Metropolitian ,12.257687886803152,Medium
2643,11.016298,76.972076,11.076298,77.032076,Urban ,9.348206267360819,Medium
2644,12.981615,80.231598,13.001615,80.251598,Metropolitian ,3.1050761845071997,Short
2645,22.311358,73.164798,22.391358,73.244798,Metropolitian ,12.116905670047371,Medium
2646,26.483042,80.317833,26.573042,80.407833,Metropolitian ,13.428453377806186,Medium
2647,22.745049,75.892471,22.795049,75.942471,Metropolitian ,7.5624912888618505,Medium
2648,26.911378,75.789034,27.021378,75.899034,Metropolitian ,16.384502397510587,Long
2649,26.483042,80.317833,26.533042,80.367833,Urban ,7.460830127736771,Medium
2650,18.554382,73.798206,18.604382,73.848206,Metropolitian ,7.660520124204573,Medium
2651,23.359407,85.325055,23.399407,85.365055,Metropolitian ,6.037440799485034,Medium
2652,22.751857,75.866699,22.861857,75.976699,Metropolitian ,16.635416274182578,Long
2653,18.554382,73.798206,18.624382,73.868206,Metropolitian ,10.724430107278733,Medium
2654,10.96185,76.971082,11.00185,77.011082,Metropolitian ,6.232807160866213,Medium
2655,17.41233,78.449654,17.44233,78.479654,Urban ,4.6105980334864025,Short
2656,11.000762,76.981876,11.030762,77.011876,Urban ,4.674341511233819,Short
2657,0.0,0.0,0.01,0.01,Other,1.5725337292863206,Short
2658,18.536718,73.830327,18.646718,73.940327,Metropolitian ,16.85256546542981,Long
2659,22.31279,73.170283,22.42279,73.280283,Metropolitian ,16.65983831917015,Long
2660,10.027364,76.308258,10.097364,76.378258,Metropolitian ,10.92340421813533,Medium
2661,21.183434,72.814492,21.233434,72.864492,Metropolitian ,7.601066543768449,Medium
2662,19.874103,75.368419,19.924103,75.418419,Metropolitian ,7.6315527431907375,Medium
2663,26.956431,75.776649,27.036431,75.856649,Metropolitian ,11.914594077317831,Medium
2664,18.927584,72.832585,18.947584,72.852585,Metropolitian ,3.061134013686154,Short
2665,22.695207,75.866059,22.805207,75.976059,Metropolitian ,16.638590183209914,Long
2666,17.429585,78.392621,17.439585,78.402621,Other,1.536836906549508,Short
2667,30.914057,75.83982,31.024057,75.94982,Metropolitian ,16.112165851091362,Long
2668,21.186884,72.793616,21.316884,72.923616,Metropolitian ,19.760063712199027,Long
2669,22.569358,88.433452,22.699358,88.563452,Metropolitian ,19.671433318359885,Long
2670,12.934179,77.615797,12.954179,77.635797,Metropolitian ,3.1053645449071565,Short
2671,17.455894,78.375467,17.505894,78.425467,Urban ,7.683253857182236,Medium
2672,12.933284,77.615428,12.943284,77.625428,Metropolitian ,1.5527001583669442,Short
2673,26.474133,80.3481,26.494133,80.3681,Urban ,2.98460822562342,Short
2674,21.17106,72.789292,21.30106,72.919292,Metropolitian ,19.76105000353837,Long
2675,15.51315,73.78346,15.53315,73.80346,Metropolitian ,3.0882379795296475,Short
2676,13.02978,80.208812,13.07978,80.258812,Urban ,7.761726486394692,Medium
2677,26.766536,75.837333,26.876536,75.947333,Metropolitian ,16.39381188080044,Long
2678,21.185047,72.80859,21.245047,72.86859,Urban ,9.121089774937934,Medium
2679,11.022298,76.998349,11.082298,77.058349,Other,9.348112475389005,Medium
2680,21.170096,72.789122,21.180096,72.799122,Other,1.520372837972029,Short
2681,30.890184,75.829615,30.980184,75.919615,Metropolitian ,13.184662740824999,Medium
2682,23.359194,85.325447,23.469194,85.435447,Metropolitian ,16.600966466271768,Long
2683,23.416792,85.316842,23.526792,85.426842,Metropolitian ,16.5976594203346,Long
2684,22.722634,75.886959,22.752634,75.916959,Metropolitian ,4.537989684962777,Short
2685,13.058616,80.264151,13.148616,80.354151,Urban ,13.969760212954572,Medium
2686,22.308096,73.167753,22.318096,73.177753,Metropolitian ,1.514804895193716,Short
2687,30.902872,75.826808,30.922872,75.846808,Metropolitian ,2.9302151110570045,Short
2688,25.459775,81.834841,25.509775,81.884841,Metropolitian ,7.489922545713217,Medium
2689,15.574828,73.766883,15.654828,73.846883,Metropolitian ,12.350300915304496,Medium
2690,25.454648,81.834502,25.594648,81.974502,Metropolitian ,20.96865387891948,Long
2691,19.103249,72.846749,19.213249,72.956749,Metropolitian ,16.825674553493787,Long
2692,26.482419,80.320939,26.512419,80.350939,Metropolitian ,4.476682206848175,Short
2693,12.975377,77.696664,13.035377,77.756664,Metropolitian ,9.314976789361035,Medium
2694,11.025083,77.015393,11.045083,77.035393,Metropolitian ,3.116127220770883,Short
2695,30.895817,75.813112,30.975817,75.893112,Metropolitian ,11.719667572431574,Medium
2696,9.985697,76.281128,10.035697,76.331128,Metropolitian ,7.8030447629890025,Medium
2697,12.310972,76.659264,12.320972,76.669264,Metropolitian ,1.5545440228102219,Short
2698,12.978453,77.643685,13.008453,77.673685,Urban ,4.65759746927107,Short
2699,12.299524,76.64262,12.389524,76.73262,Urban ,13.990151177257284,Medium
2700,21.173493,72.801953,21.193493,72.821953,Metropolitian ,3.0406653633174847,Short
2701,22.753659,75.903365,22.823659,75.973365,Metropolitian ,10.586824027282663,Medium
2702,12.323225,76.630028,12.393225,76.700028,Metropolitian ,10.88095073745088,Medium
2703,27.160832,78.011608,27.220832,78.071608,Metropolitian ,8.929090496037942,Medium
2704,12.913041,77.683237,12.953041,77.723237,Metropolitian ,6.210864156063145,Medium
2705,22.310237,73.158921,22.400237,73.248921,Urban ,13.631343698143361,Medium
2706,19.22384,72.841347,19.30384,72.921347,Metropolitian ,12.233151216488869,Medium
2707,23.333017,85.3172,23.463017,85.4472,Urban ,19.620419296539414,Long
2708,18.539299,73.897902,18.559299,73.917902,Urban ,3.0644638558360477,Short
2709,12.334022,76.618203,12.394022,76.678203,Other,9.326428318804075,Medium
2710,22.761226,75.887522,22.811226,75.937522,Urban ,7.562079321186873,Medium
2711,18.994049,72.825203,19.014049,72.845203,Metropolitian ,3.0605577730406264,Short
2712,19.1093,72.825451,19.1593,72.875451,Metropolitian ,7.648557947934951,Medium
2713,22.310237,73.158921,22.320237,73.168921,Metropolitian ,1.5147941817696424,Short
2714,18.533811,73.899315,18.603811,73.969315,Other,10.725042643843,Medium
2715,18.536718,73.830327,18.606718,73.900327,Metropolitian ,10.72495612030263,Medium
2716,19.12663,72.829976,19.15663,72.859976,Metropolitian ,4.589038751024413,Short
2717,19.1813,72.836191,19.2113,72.866191,Urban ,4.588321086013784,Short
2718,22.569358,88.433452,22.579358,88.443452,Metropolitian ,1.5134910203794971,Short
2719,12.316967,76.603067,12.396967,76.683067,Metropolitian ,12.435401342193384,Medium
2720,12.970324,77.645748,13.060324,77.735748,Metropolitian ,13.972191759502778,Medium
2721,22.75004,75.902847,22.82004,75.972847,Metropolitian ,10.58695309692167,Medium
2722,30.893384,75.821202,31.033384,75.961202,Metropolitian ,20.506907204759138,Long
2723,21.186438,72.794115,21.216438,72.824115,Metropolitian ,4.5607404596308045,Short
2724,19.065838,72.832658,19.175838,72.942658,Metropolitian ,16.827472773146546,Long
2725,21.149569,72.772697,21.189569,72.812697,Metropolitian ,6.081596950436747,Medium
2726,18.516216,73.842527,18.606216,73.932527,Urban ,13.789630729980109,Medium
2727,26.913726,75.75282,27.043726,75.88282,Urban ,19.362561679297414,Long
2728,18.592718,73.773572,18.612718,73.793572,Urban ,3.06400945550929,Short
2729,-30.902872,75.826808,31.012872,75.936808,Metropolitian ,6884.726398933316,Very Long
2730,30.342509,78.061187,30.402509,78.121187,Urban ,8.811560720685513,Medium
2731,13.081878,80.248519,13.101878,80.268519,Metropolitian ,3.104463374954503,Short
2732,18.56245,73.916619,18.64245,73.996619,Metropolitian ,12.256046315965719,Medium
2733,23.374878,85.335739,23.384878,85.345739,Urban ,1.5093577696342253,Short
2734,18.554382,73.798206,18.564382,73.808206,Metropolitian ,1.5321890925572603,Short
2735,22.761226,75.887522,22.811226,75.937522,Other,7.562079321186873,Medium
2736,12.978453,77.643685,12.998453,77.663685,Urban ,3.105095437473068,Short
2737,18.55144,73.804855,18.60144,73.854855,Urban ,7.660582694185124,Medium
2738,25.45235,81.841889,25.56235,81.951889,Urban ,16.47643795427438,Long
2739,26.902908,75.792934,27.012908,75.902934,Semi-Urban ,16.385047886584985,Long
2740,22.53796,88.349843,22.57796,88.389843,Metropolitian ,6.05429540051117,Medium
2741,18.539299,73.897902,18.609299,73.967902,Metropolitian ,10.72487928947891,Medium
2742,9.991703,76.293136,10.071703,76.373136,Metropolitian ,12.484473082437827,Medium
2743,13.005801,80.250744,13.055801,80.300744,Urban ,7.762092914972131,Medium
2744,23.266261,77.379605,23.356261,77.469605,Metropolitian ,13.587430881048272,Medium
2745,17.429585,78.392621,17.519585,78.482621,Urban ,13.830084721845129,Medium
2746,10.006881,76.345397,10.096881,76.435397,Other,14.044600875522605,Medium
2747,22.308096,73.167753,22.358096,73.217753,Urban ,7.573523734183611,Medium
2748,12.321214,76.621094,12.371214,76.671094,Urban ,7.772282029629256,Medium
2749,12.934365,77.616155,12.964365,77.646155,Metropolitian ,4.657999585570764,Short
2750,26.891191,75.802083,26.961191,75.872083,Metropolitian ,10.42814859368776,Medium
2751,21.149669,72.772629,21.189669,72.812629,Metropolitian ,6.081595038517454,Medium
2752,18.516216,73.842527,18.626216,73.952527,Metropolitian ,16.853524905844964,Long
2753,19.221315,72.862381,19.251315,72.892381,Urban ,4.587794632025385,Short
2754,18.593481,73.785901,18.703481,73.895901,Metropolitian ,16.849904095492146,Long
2755,23.211529,77.419399,23.251529,77.459399,Metropolitian ,6.040512901945316,Medium
2756,15.157944,73.950889,15.217944,74.010889,Urban ,9.271888389476212,Medium
2757,11.025083,77.015393,11.065083,77.055393,Metropolitian ,6.2321502588297575,Medium
2758,12.933298,77.614293,12.993298,77.674293,Urban ,9.315745106316637,Medium
2759,21.149569,72.772697,21.179569,72.802697,Metropolitian ,4.561269432005657,Short
2760,11.003008,76.97544,11.073009,77.04544,Metropolitian ,10.906470984869511,Medium
2761,19.176269,72.836721,19.246269,72.906721,Metropolitian ,10.705622903497021,Medium
2762,10.994136,76.963303,11.004136,76.973303,Metropolitian ,1.558157003350965,Short
2763,18.593481,73.785901,18.683481,73.875901,Metropolitian ,13.786669693634837,Medium
2764,17.458998,78.500366,17.538998,78.580366,Urban ,12.29262273944321,Medium
2765,17.45971,78.368855,17.53971,78.448855,Other,12.29259979853271,Medium
2766,30.892978,75.821847,30.902978,75.831847,Urban ,1.4652042361074888,Short
2767,17.424114,78.347554,17.504114,78.427554,Metropolitian ,12.29374566524453,Medium
2768,18.536718,73.830327,18.566719,73.860327,Urban ,4.59674562664972,Short
2769,13.027018,80.254791,13.097018,80.324791,Metropolitian ,10.86626186071393,Medium
2770,12.939496,77.625999,12.999496,77.685999,Metropolitian ,9.315632087047462,Medium
2771,30.372202,78.077151,30.402202,78.107151,Metropolitian ,4.40549791159424,Short
2772,23.230791,77.43702,23.260791,77.46702,Metropolitian ,4.530163033904196,Short
2773,13.044694,80.26147,13.174694,80.39147,Urban ,20.178298581848452,Long
2774,21.149834,72.778666,21.229834,72.858666,Metropolitian ,12.162418131176223,Medium
2775,17.450851,78.379347,17.560851,78.489347,Urban ,16.90205180024438,Long
2776,11.024839,77.007003,11.074839,77.057003,Metropolitian ,7.790125828454186,Medium
2777,23.211529,77.419399,23.291529,77.499399,Metropolitian ,12.080196181741478,Medium
2778,18.592718,73.773572,18.652718,73.833572,Metropolitian ,9.191516816253756,Medium
2779,23.353783,85.326967,23.433783,85.406967,Metropolitian ,12.074281945769592,Medium
2780,12.979096,77.640625,13.019096,77.680625,Metropolitian ,6.210061176099969,Medium
2781,11.016298,76.972076,11.026298,76.982076,Metropolitian ,1.5580994617893935,Short
2782,19.888716,75.321461,19.978716,75.411461,Metropolitian ,13.735383556628369,Medium
2783,19.876994,75.372353,19.906994,75.402353,Urban ,4.579028199695274,Short
2784,23.351058,85.325731,23.431058,85.405731,Metropolitian ,12.074395525684995,Medium
2785,19.1813,72.836191,19.2413,72.896191,Urban ,9.176247492588644,Medium
2786,12.934179,77.615797,13.014179,77.695797,Metropolitian ,12.420728618905871,Medium
2787,19.875016,75.322405,20.005016,75.452405,Metropolitian ,19.839625679582436,Long
2788,12.310972,76.659264,12.340972,76.689264,Urban ,4.663545220953049,Short
2789,22.551084,88.354127,22.661084,88.464127,Metropolitian ,16.6466343914473,Long
2790,22.515082,88.36783,22.605082,88.45783,Metropolitian ,13.6220673223932,Medium
2791,22.539129,88.365507,22.569129,88.395507,Metropolitian ,4.540779627969778,Short
2792,22.32,73.17,22.37,73.22,Metropolitian ,7.573225613488835,Medium
2793,30.914057,75.83982,31.004057,75.92982,Metropolitian ,13.183266786378312,Medium
2794,17.450851,78.379347,17.520851,78.449347,Urban ,10.756415548797493,Medium
2795,19.876219,75.346017,19.946219,75.416017,Metropolitian ,10.683789736660612,Medium
2796,12.979166,77.640709,13.059166,77.720709,Metropolitian ,12.419632405530358,Medium
2797,26.88842,75.800689,27.02842,75.940689,Metropolitian ,20.853653606522226,Long
2798,30.340722,78.060221,30.390722,78.110221,Metropolitian ,7.343184872968669,Medium
2799,23.359033,85.325347,23.409033,85.375347,Urban ,7.546680469081777,Medium
2800,26.90519,75.810753,26.93519,75.840753,Metropolitian ,4.469312021755073,Short
2801,26.956431,75.776649,27.026431,75.846649,Metropolitian ,10.42547510005715,Medium
2802,18.56245,73.916619,18.62245,73.976619,Metropolitian ,9.192290417404571,Medium
2803,12.935662,77.61413,13.065662,77.74413,Urban ,20.182634488293992,Long
2804,17.451976,78.385883,17.531976,78.465883,Metropolitian ,12.292848945038156,Medium
2805,21.173343,72.792731,21.253343,72.872731,Metropolitian ,12.161517993711405,Medium
2806,22.753839,75.897429,22.793838,75.937429,Urban ,6.049834150687111,Medium
2807,26.472001,80.354002,26.522001,80.404002,Urban ,7.4611489486437295,Medium
2808,12.323994,76.626167,12.343994,76.646167,Metropolitian ,3.1089836948122804,Short
2809,13.027018,80.254791,13.057018,80.284791,Urban ,4.657153007153035,Short
2810,27.195928,77.998092,27.225928,78.028092,Metropolitian ,4.464189945567775,Short
2811,26.911927,75.797282,26.941927,75.827282,Urban ,4.469193825204425,Short
2812,26.911927,75.797282,26.951927,75.837282,Metropolitian ,5.958808071070323,Medium
2813,17.455894,78.375467,17.495894,78.415467,Metropolitian ,6.146683594472918,Medium
2814,22.552996,88.35231,22.662996,88.46231,Metropolitian ,16.646527960596046,Long
2815,27.159795,78.04299,27.179795,78.06299,Metropolitian ,2.9766115118208294,Short
2816,11.024839,77.007003,11.034839,77.017003,Metropolitian ,1.5580772559335063,Short
2817,12.323978,76.627961,12.403978,76.707961,Urban ,12.435238523728827,Medium
2818,21.170096,72.789122,21.300096,72.919122,Urban ,19.761110067713506,Long
2819,12.284747,76.625861,12.314747,76.655861,Metropolitian ,4.663772762376507,Short
2820,21.186438,72.794115,21.276438,72.884115,Urban ,13.680927409308628,Medium
2821,22.539129,88.365507,22.649129,88.475507,Urban ,16.647299687284015,Long
2822,13.064181,80.236442,13.114181,80.286442,Other,7.761199672759796,Medium
2823,17.428294,78.404423,17.448294,78.424423,Urban ,3.0736440277233705,Short
2824,17.411028,78.329645,17.461028,78.379645,Urban ,7.68415541716563,Medium
2825,18.927584,72.832585,18.947584,72.852585,Urban ,3.061134013686154,Short
2826,25.450317,81.831681,25.520317,81.901681,Urban ,10.48587006741055,Medium
2827,19.207222,72.972281,19.337222,73.102281,Metropolitian ,19.878389859458043,Long
2828,30.893234,75.82172,30.903234,75.83172,Metropolitian ,1.465202574726603,Short
2829,21.185047,72.80859,21.215047,72.83859,Metropolitian ,4.560760431453068,Short
2830,27.160832,78.011608,27.230832,78.081608,Urban ,10.417065790358764,Medium
2831,12.972532,77.608179,13.012532,77.648179,Other,6.210141144622192,Medium
2832,21.157729,72.768726,21.207729,72.818726,Urban ,7.6016815283420005,Medium
2833,12.334022,76.618203,12.354022,76.638203,Urban ,3.108925571154758,Short
2834,22.722634,75.886959,22.832634,75.996959,Metropolitian ,16.63705438488544,Long
2835,23.369746,85.33982,23.379746,85.34982,Metropolitian ,1.5093844931457416,Short
2836,12.970221,77.645396,13.030221,77.705396,Urban ,9.315071060295129,Medium
2837,26.90294,75.793007,26.93294,75.823007,Metropolitian ,4.469351491410609,Short
2838,19.876428,75.364792,19.956428,75.444792,Metropolitian ,12.209856560906877,Medium
2839,12.311072,76.654878,12.321072,76.664878,Metropolitian ,1.5545437335219463,Short
2840,27.157772,78.04725,27.237772,78.12725,Metropolitian ,11.90512635589496,Medium
2841,26.88842,75.800689,26.93842,75.850689,Urban ,7.449051156906783,Medium
2842,17.429585,78.392621,17.439585,78.402621,Metropolitian ,1.536836906549508,Short
2843,18.533811,73.899315,18.613811,73.979315,Metropolitian ,12.257021346005944,Medium
2844,18.539299,73.897902,18.549299,73.907902,Metropolitian ,1.5322531674038395,Short
2845,22.310237,73.158921,22.330237,73.178921,Urban ,3.0295383085110155,Short
2846,30.895817,75.813112,31.025817,75.943112,Other,19.04234565793041,Long
2847,12.906229,77.596791,12.986229,77.676791,Urban ,12.421407858788074,Medium
2848,12.913041,77.683237,12.983041,77.753237,Semi-Urban ,10.868693504672912,Medium
2849,12.986047,80.218114,13.056047,80.288114,Metropolitian ,10.867138302160235,Medium
2850,23.355164,85.324097,23.445164,85.414097,Metropolitian ,13.583267699065841,Medium
2851,18.563934,73.915367,18.623935,73.975367,Urban ,9.19233320768987,Medium
2852,15.544419,73.755736,15.614419,73.825736,Metropolitian ,10.807410660610424,Medium
2853,22.751234,75.88949,22.771234,75.90949,Metropolitian ,3.0250863295462196,Short
2854,18.546947,73.900626,18.656947,74.010626,Urban ,16.852086415672474,Long
2855,11.022169,76.999594,11.052169,77.029594,Other,4.674174529063673,Short
2856,30.895204,75.822103,30.985204,75.912103,Urban ,13.184369264233393,Medium
2857,25.451646,81.832796,25.591646,81.972796,Metropolitian ,20.968889328635026,Long
2858,22.725748,75.898497,22.855747,76.028497,Metropolitian ,19.66102221350671,Long
2859,19.878028,75.317475,19.908028,75.347475,Metropolitian ,4.579014167492638,Short
2860,15.51315,73.78346,15.52315,73.79346,Metropolitian ,1.54413700968358,Short
2861,19.22384,72.841347,19.26384,72.881347,Urban ,6.116927321899819,Medium
2862,22.695207,75.866059,22.775207,75.946059,Metropolitian ,12.101403911098085,Medium
2863,22.745049,75.892471,22.825049,75.972471,Urban ,12.099374423361004,Medium
2864,23.214294,77.435361,23.234294,77.455361,Metropolitian ,3.0203314264584233,Short
2865,23.264015,77.408236,23.334015,77.478236,Metropolitian ,10.568447337504661,Medium
2866,30.893081,75.821495,30.963081,75.891495,Metropolitian ,10.255061029110436,Medium
2867,13.054347,80.257221,13.074347,80.277221,Urban ,3.1046320933509697,Short
2868,22.695207,75.866059,22.735207,75.906059,Metropolitian ,6.051108888205529,Medium
2869,13.045479,80.23311,13.175479,80.36311,Metropolitian ,20.178267239099995,Long
2870,19.065838,72.832658,19.125838,72.892658,Metropolitian ,9.17927668802904,Medium
2871,27.163303,78.057044,27.253303,78.147044,Metropolitian ,13.392708074822767,Medium
2872,22.577821,88.400581,22.607821,88.430581,Metropolitian ,4.54019298395871,Short
2873,12.337978,76.616792,12.347978,76.626792,Urban ,1.5544658156548814,Short
2874,26.921411,75.793604,27.011411,75.883604,Metropolitian ,13.405500819757053,Medium
2875,11.001852,76.976268,11.091852,77.066268,Urban ,14.022295961634216,Medium
2876,12.979096,77.640625,13.109096,77.770625,Urban ,20.18091138270937,Long
2877,9.985697,76.281128,9.995697,76.291128,Metropolitian ,1.56065627521662,Short
2878,15.576683,73.75575,15.626683,73.80575,Metropolitian ,7.71917638674241,Medium
2879,12.970324,77.645748,13.000324,77.675748,Urban ,4.657671710225091,Short
2880,25.450329,81.834279,25.490329,81.874279,Metropolitian ,5.992261339612258,Medium
2881,19.065838,72.832658,19.195838,72.962658,Urban ,19.886444745109635,Long
2882,12.334022,76.618203,12.374022,76.658203,Metropolitian ,6.217735074215029,Medium
2883,12.979096,77.640625,13.019096,77.680625,Urban ,6.210061176099969,Medium
2884,26.911927,75.797282,26.971927,75.857282,Metropolitian ,8.937860881830986,Medium
2885,30.362686,78.06889,30.472686,78.17889,Metropolitian ,16.151339134808524,Long
2886,22.761593,75.886362,22.891593,76.016362,Metropolitian ,19.658727827948344,Long
2887,13.066762,80.251865,13.176762,80.361865,Urban ,17.073537690613623,Long
2888,13.026279,80.174568,13.106279,80.254568,Metropolitian ,12.418480499738493,Medium
2889,13.064181,80.236442,13.144181,80.316442,Urban ,12.417550916012667,Medium
2890,19.254567,72.848923,19.364567,72.958923,Metropolitian ,16.818368923733058,Long
2891,23.354422,85.3329,23.414422,85.3929,Urban ,9.056004306816801,Medium
2892,11.003681,76.975525,11.053681,77.025525,Urban ,7.790401204068435,Medium
2893,21.157729,72.768726,21.217729,72.828726,Metropolitian ,9.121874253617262,Medium
2894,18.569156,73.774723,18.609156,73.814723,Urban ,6.1282497979816,Medium
2895,13.081878,80.248519,13.191878,80.358519,Metropolitian ,17.073026289642574,Long
2896,11.022477,76.995667,11.092477,77.065667,Metropolitian ,10.906036622245397,Medium
2897,11.016298,76.972076,11.096298,77.052076,Metropolitian ,12.46406630979387,Medium
2898,13.022394,80.242439,13.052394,80.272439,Urban ,4.657195393807256,Short
2899,26.911378,75.789034,26.971378,75.849034,Urban ,8.93788015582957,Medium
2900,17.440827,78.393391,17.480827,78.433391,Metropolitian ,6.146925931738674,Medium
2901,19.874733,75.353942,19.914733,75.393942,Metropolitian ,6.105321332080542,Medium
2902,0.0,0.0,0.07,0.07,Other,11.007734763744619,Medium
2903,12.979096,77.640625,13.049096,77.710625,Semi-Urban ,10.867286735129932,Medium
2904,22.695207,75.866059,22.755207,75.926059,Metropolitian ,9.076358225887306,Medium
2905,30.893384,75.821202,30.943384,75.871202,Metropolitian ,7.325358653271573,Medium
2906,26.47775,80.351569,26.60775,80.481569,Metropolitian ,19.395547662925267,Long
2907,22.577821,88.400581,22.647821,88.470581,Metropolitian ,10.593074871169927,Medium
2908,19.12663,72.829976,19.17663,72.879976,Urban ,7.648179253473649,Medium
2909,30.332735,78.054222,30.372735,78.094222,Metropolitian ,5.874880844729651,Medium
2910,12.284747,76.625861,12.354747,76.695861,Metropolitian ,10.881731319465594,Medium
2911,21.183434,72.814492,21.313434,72.944492,Urban ,19.760278801545002,Long
2912,19.003517,72.82765,19.053517,72.87765,Other,7.650862810437259,Medium
2913,25.450377,81.834236,25.590377,81.974236,Urban ,20.968988850718944,Long
2914,12.939496,77.625999,12.969496,77.655999,Urban ,4.657952854119634,Short
2915,22.553227,88.353273,22.633227,88.433273,Metropolitian ,12.107164214711837,Medium
2916,10.003064,76.307589,10.033064,76.337589,Metropolitian ,4.681774575928857,Short
2917,10.020683,76.310631,10.050683,76.340631,Metropolitian ,4.681649260143227,Short
2918,21.160437,72.774209,21.220437,72.834209,Metropolitian ,9.121796528794677,Medium
2919,23.184992,77.417227,23.264992,77.497227,Urban ,12.081296070553636,Medium
2920,22.745049,75.892471,22.835049,75.982471,Urban ,13.611566722125016,Medium
2921,26.469003,80.316344,26.529003,80.376344,Metropolitian ,8.95330926779881,Medium
2922,15.506205,73.766668,15.556205,73.816668,Other,7.720449641812487,Medium
2923,23.232537,77.429845,23.282537,77.479845,Metropolitian ,7.549967178616396,Medium
2924,18.51421,73.838429,18.57421,73.898429,Metropolitian ,9.193520993944482,Medium
2925,17.428294,78.404423,17.508294,78.484423,Metropolitian ,12.293611218402292,Medium
2926,22.514585,88.39331,22.604585,88.48331,Metropolitian ,13.622089917050285,Medium
2927,19.207222,72.972281,19.257222,73.022281,Urban ,7.6464141030690085,Medium
2928,21.175104,72.804342,21.305104,72.934342,Metropolitian ,19.760798007029955,Long
2929,10.027014,76.308053,10.037014,76.318053,Urban ,1.560558466677844,Short
2930,22.744648,75.894377,22.794648,75.944377,Urban ,7.562501497648628,Medium
2931,12.935662,77.61413,12.965662,77.64413,Metropolitian ,4.657987774596273,Short
2932,27.161661,78.011544,27.191661,78.041544,Metropolitian ,4.464795901126843,Short
2933,21.15276,72.778059,21.16276,72.788059,Metropolitian ,1.5204556895834413,Short
2934,27.160934,78.044095,27.240934,78.124095,Urban ,11.904977225765439,Medium
2935,22.744648,75.894377,22.764648,75.914377,Urban ,3.025153366886616,Short
2936,13.027018,80.254791,13.107018,80.334791,Metropolitian ,12.418462399626803,Medium
2937,22.310329,73.169083,22.420329,73.279083,Metropolitian ,16.659974055073732,Long
2938,26.902908,75.792934,26.962908,75.852934,Metropolitian ,8.938177476638094,Medium
2939,23.369746,85.33982,23.439746,85.40982,Metropolitian ,10.564596934159045,Medium
2940,25.449872,81.836167,25.509872,81.896167,Urban ,8.988071540167574,Medium
2941,26.902908,75.792934,26.982908,75.872934,Urban ,11.917101549463018,Medium
2942,12.978453,77.643685,13.018453,77.683685,Urban ,6.210069011406299,Medium
2943,11.006686,76.951736,11.036686,76.981736,Urban ,4.674295333360993,Short
2944,26.88842,75.800689,26.97842,75.890689,Metropolitian ,13.407238587856547,Medium
2945,18.51421,73.838429,18.64421,73.968429,Metropolitian ,19.917359352866548,Long
2946,18.539299,73.897902,18.599299,73.957902,Metropolitian ,9.19288134903859,Medium
2947,12.979166,77.640709,13.049166,77.710709,Metropolitian ,10.867285240714288,Medium
2948,27.159795,78.04299,27.249795,78.13299,Urban ,13.392894243306252,Medium
2949,11.022477,76.995667,11.112477,77.085667,Urban ,14.021812013195877,Medium
2950,18.927584,72.832585,18.967584,72.872585,Metropolitian ,6.122094799492485,Medium
2951,26.921411,75.793604,26.971411,75.843604,Metropolitian ,7.448086298120305,Medium
2952,17.422819,78.449578,17.532819,78.559578,Urban ,16.90329321306572,Long
2953,22.311358,73.164798,22.381358,73.234798,Urban ,10.602467987619454,Medium
2954,30.885915,75.788259,30.915915,75.818259,Metropolitian ,4.395555480906785,Short
2955,12.949934,77.699386,12.979934,77.729386,Metropolitian ,4.657857733630863,Short
2956,11.022169,76.999594,11.092169,77.069594,Metropolitian ,10.906042243292454,Medium
2957,21.170096,72.789122,21.280096,72.899122,Urban ,16.721467133858347,Long
2958,22.31279,73.170283,22.37279,73.230283,Urban ,9.087937068016329,Medium
2959,30.319528,78.040267,30.349528,78.070267,Metropolitian ,4.406510550372563,Short
2960,11.016298,76.972076,11.076298,77.032076,Metropolitian ,9.348206267360819,Medium
2961,12.933298,77.614293,12.963298,77.644293,Urban ,4.658009301231545,Short
2962,11.001852,76.976268,11.041852,77.016268,Urban ,6.232392020791474,Medium
2963,13.029198,77.570997,13.049198,77.590997,Metropolitian ,3.1047859175292585,Short
2964,17.458998,78.500366,17.478998,78.520366,Metropolitian ,3.073397297635909,Short
2965,26.913726,75.75282,26.923726,75.762821,Urban ,1.4898452333107741,Short
2966,17.431668,78.408321,17.471668,78.448321,Metropolitian ,6.147073151032031,Medium
2967,17.431668,78.408321,17.561668,78.538321,Metropolitian ,19.975632175541328,Long
2968,11.010375,76.95295,11.140375,77.08295,Urban ,20.253459166411766,Long
2969,22.32,73.17,22.33,73.18,Urban ,1.5147453171158403,Short
2970,27.163303,78.057044,27.233303,78.127044,Urban ,10.416963824321542,Medium
2971,23.351489,85.324253,23.461489,85.434253,Urban ,16.601408334261222,Long
2972,10.028047,76.310019,10.108047,76.390019,Metropolitian ,12.48378221390165,Medium
2973,30.914057,75.83982,30.954057,75.87982,Other,5.859879867526011,Medium
2974,30.893081,75.821495,31.023081,75.951495,Urban ,19.042576813839357,Long
2975,22.514585,88.39331,22.624585,88.50331,Metropolitian ,16.648664613482133,Long
2976,21.157729,72.768726,21.237729,72.848726,Urban ,12.16211593670245,Medium
2977,19.131141,72.813074,19.151141,72.833074,Metropolitian ,3.0593634547238002,Short
2978,0.0,0.0,0.04,0.04,Semi-Urban ,6.290134677634678,Medium
2979,23.371292,85.327872,23.451292,85.407872,Metropolitian ,12.073551890748877,Medium
2980,18.546947,73.900626,18.676947,74.030626,Metropolitian ,19.915547551520856,Long
2981,25.457687,81.835585,25.597687,81.975585,Metropolitian ,20.968415504250004,Long
2982,23.374878,85.335739,23.444878,85.405739,Metropolitian ,10.564409665969912,Medium
2983,26.956431,75.776649,26.966431,75.786649,Urban ,1.4895293820619868,Short
2984,11.001852,76.976268,11.011852,76.986268,Urban ,1.5581369822074376,Short
2985,22.307898,73.167788,22.377898,73.237788,Metropolitian ,10.602589325657606,Medium
2986,13.054347,80.257221,13.184347,80.387221,Other,20.177913041347885,Long
2987,26.956431,75.776649,26.976431,75.796649,Urban ,2.979000203434651,Short
2988,10.000706,76.349516,10.030706,76.379516,Metropolitian ,4.6817913310164405,Short
2989,17.45971,78.368855,17.56971,78.478855,Urban ,16.901659094573038,Long
2990,11.02091,76.940432,11.07091,76.990432,Other,7.79017700382207,Medium
2991,12.323194,76.630583,12.353194,76.660583,Metropolitian ,4.663439017652866,Short
2992,26.956431,75.776649,27.016431,75.836649,Metropolitian ,8.93629742495783,Medium
2993,17.455894,78.375467,17.525894,78.445467,Urban ,10.756273454296805,Medium
2994,19.003517,72.82765,19.133517,72.95765,Urban ,19.889978303743785,Long
2995,17.45971,78.368855,17.54971,78.458855,Metropolitian ,13.828993309155068,Medium
2996,22.753659,75.903365,22.843659,75.993365,Metropolitian ,13.611171805239522,Medium
2997,12.970324,77.645748,12.980324,77.655748,Metropolitian ,1.5525876685605666,Short
2998,22.5491,88.400467,22.6191,88.470467,Metropolitian ,10.594091922123798,Medium
2999,25.453436,81.833167,25.503436,81.883167,Metropolitian ,7.490099871671273,Medium
3000,12.304569,76.643622,12.324569,76.663622,Urban ,3.109096155702616,Short
3001,26.90519,75.810753,26.93519,75.840753,Urban ,4.469312021755073,Short
3002,30.905562,75.832841,30.935562,75.862841,Urban ,4.3951728553761775,Short
3003,26.956431,75.776649,27.096431,75.916649,Urban ,20.84807400544794,Long
3004,21.149834,72.778666,21.159834,72.788666,Urban ,1.5204696675472833,Short
3005,30.361281,78.068022,30.491281,78.198022,Urban ,19.087228045297614,Long
3006,12.933284,77.615428,12.993284,77.675428,Urban ,9.31574536154532,Medium
3007,18.536562,73.896485,18.646562,74.006485,Metropolitian ,16.8525727694511,Long
3008,26.463504,80.372929,26.483504,80.392929,Metropolitian ,2.984730907363123,Short
3009,21.173343,72.792731,21.243343,72.862731,Metropolitian ,10.641495972351645,Medium
3010,23.369746,85.33982,23.499746,85.46982,Urban ,19.617929437389737,Long
3011,26.914142,75.805704,27.044142,75.935704,Metropolitian ,19.3625300010744,Long
3012,18.539299,73.897902,18.579299,73.937902,Metropolitian ,6.128757701630158,Medium
3013,22.310526,73.170937,22.320526,73.180937,Metropolitian ,1.5147927355659148,Short
3014,9.966783,76.242981,9.986783,76.262981,Metropolitian ,3.121378243248263,Short
3015,26.474986,80.342796,26.484986,80.352796,Metropolitian ,1.4923280527584792,Short
3016,22.745536,75.893106,22.855536,76.003106,Metropolitian ,16.635770753608117,Long
3017,26.474986,80.342796,26.584986,80.452796,Urban ,16.412429811078788,Long
3018,22.5491,88.400467,22.6291,88.480467,Metropolitian ,12.107331188827189,Medium
3019,22.514119,88.362504,22.544119,88.392504,Metropolitian ,4.541158367023228,Short
3020,26.90294,75.793007,26.92294,75.813007,Metropolitian ,2.9796261448298735,Short
3021,26.481547,80.299775,26.621547,80.439775,Urban ,20.886800025589316,Long
3022,9.957144,76.296783,10.017144,76.356783,Metropolitian ,9.36398777657922,Medium
3023,17.451976,78.385883,17.581976,78.515883,Metropolitian ,19.974568469352192,Long
3024,21.186438,72.794115,21.216438,72.824115,Urban ,4.5607404596308045,Short
3025,13.022394,80.242439,13.102394,80.322439,Urban ,12.418575637818305,Medium
3026,11.024839,77.007003,11.104839,77.087003,Metropolitian ,12.46388811675802,Medium
3027,11.022477,76.995667,11.052477,77.025667,Urban ,4.674172124263596,Short
3028,22.728163,75.884212,22.768163,75.924212,Metropolitian ,6.050438648835256,Medium
3029,10.96185,76.971082,11.04185,77.051082,Other,12.465199139447055,Medium
3030,12.297954,76.665169,12.387954,76.755169,Metropolitian ,13.990192142065474,Medium
3031,21.149569,72.772697,21.159569,72.782697,Metropolitian ,1.5204709334102882,Short
3032,18.563934,73.915367,18.603935,73.955367,Urban ,6.128419378458112,Medium
3033,23.264015,77.408236,23.294015,77.438236,Metropolitian ,4.529646185416041,Short
3034,11.026117,76.944652,11.096117,77.014652,Metropolitian ,10.905970180191467,Medium
3035,23.214294,77.435361,23.324294,77.545361,Metropolitian ,16.609255559078086,Long
3036,19.103249,72.846749,19.113249,72.856749,Metropolitian ,1.529825358632522,Short
3037,13.005801,80.250744,13.065801,80.310744,Urban ,9.314419797614722,Medium
3038,26.479108,80.315042,26.539108,80.375042,Metropolitian ,8.952959100099301,Medium
3039,23.374989,85.335486,23.434989,85.395486,Metropolitian ,9.055361318454347,Medium
3040,19.055831,72.833984,19.145831,72.923984,Metropolitian ,13.768718508386257,Medium
3041,17.431477,78.40035,17.541477,78.51035,Urban ,16.902909983696322,Long
3042,22.533662,88.366217,22.613662,88.446217,Urban ,12.107955561823152,Medium
3043,-17.451976,-78.385883,17.561976,78.495883,Metropolitian ,17565.024412199604,Very Long
3044,27.160934,78.044095,27.180934,78.064095,Urban ,2.976598093374338,Short
3045,26.902908,75.792934,26.962908,75.852934,Other,8.938177476638094,Medium
3046,17.438263,78.397865,17.488263,78.447865,Metropolitian ,7.6836083972334634,Medium
3047,22.732225,75.874765,22.812225,75.954765,Other,12.099896960230081,Medium
3048,23.233219,77.433571,23.323219,77.523571,Metropolitian ,13.588974754474128,Medium
3049,21.173343,72.792731,21.243343,72.862731,Urban ,10.641495972351645,Medium
3050,12.970221,77.645396,13.040221,77.715396,Metropolitian ,10.86747614344571,Medium
3051,15.546594,73.760431,15.626594,73.840431,Urban ,12.351118717305003,Medium
3052,17.426228,78.407495,17.536228,78.517495,Metropolitian ,16.903142341180338,Long
3053,17.428294,78.404423,17.458294,78.434423,Urban ,4.610405794807837,Short
3054,15.561295,73.749478,15.581295,73.769478,Urban ,3.08789046683249,Short
3055,30.885915,75.788259,30.965915,75.868259,Urban ,11.720182056112101,Medium
3056,13.005801,80.250744,13.065801,80.310744,Metropolitian ,9.314419797614722,Medium
3057,11.003008,76.97544,11.133009,77.10544,Urban ,20.253788516086214,Long
3058,18.546947,73.900626,18.576947,73.930626,Urban ,4.59653454224411,Short
3059,12.334022,76.618203,12.394022,76.678203,Metropolitian ,9.326428318804075,Medium
3060,13.044694,80.26147,13.074694,80.29147,Metropolitian ,4.656990844808465,Short
3061,23.354422,85.3329,23.404422,85.3829,Urban ,7.546800541055667,Medium
3062,26.892312,75.806896,26.962312,75.876896,Metropolitian ,10.428102699087209,Medium
3063,23.333017,85.3172,23.383017,85.3672,Metropolitian ,7.547357671334428,Medium
3064,13.02978,80.208812,13.06978,80.248812,Metropolitian ,6.209442398392231,Medium
3065,27.201725,78.007553,27.211725,78.017553,Metropolitian ,1.4880881137148374,Short
3066,22.760072,75.892574,22.830072,75.962574,Metropolitian ,10.58659526806034,Medium
3067,26.492106,80.327797,26.522106,80.357797,Metropolitian ,4.476514374571422,Short
3068,19.221315,72.862381,19.291315,72.932381,Metropolitian ,10.704238934519108,Medium
3069,30.372202,78.077151,30.502202,78.207151,Metropolitian ,19.086316709451943,Long
3070,17.458998,78.500366,17.528998,78.570366,Metropolitian ,10.756185975480696,Medium
3071,12.972161,77.596014,13.002161,77.626014,Urban ,4.657654937060371,Short
3072,22.74806,75.8934,22.82806,75.9734,Metropolitian ,12.099251698245435,Medium
3073,30.885915,75.788259,30.895915,75.798259,Metropolitian ,1.4652500694880737,Short
3074,17.410371,78.437225,17.500371,78.527225,Metropolitian ,13.83077993292672,Medium
3075,12.352058,76.60665,12.382058,76.63665,Urban ,4.663187802147038,Short
3076,30.327968,78.046106,30.367968,78.086106,Metropolitian ,5.8750030058179235,Medium
3077,12.934179,77.615797,12.984179,77.665797,Metropolitian ,7.763183552897893,Medium
3078,9.970717,76.285447,9.990717,76.305447,Metropolitian ,3.1213596766581317,Short
3079,22.53796,88.349843,22.55796,88.369843,Urban ,3.027248735926831,Short
3080,22.526461,88.364453,22.636461,88.474453,Metropolitian ,16.648004331661927,Long
3081,12.323994,76.626167,12.403994,76.706167,Metropolitian ,12.435238152054817,Medium
3082,12.939496,77.625999,13.009496,77.695999,Metropolitian ,10.86813091566954,Medium
3083,30.327968,78.046106,30.457968,78.176106,Metropolitian ,19.09000648338952,Long
3084,13.027018,80.254791,13.077018,80.304791,Urban ,7.761768725951301,Medium
3085,22.31279,73.170283,22.35279,73.210283,Metropolitian ,6.05882516928704,Medium
3086,23.214294,77.435361,23.224294,77.445361,Metropolitian ,1.5101916067115402,Short
3087,22.310526,73.170937,22.340526,73.200937,Metropolitian ,4.544228016639861,Short
3088,12.323194,76.630583,12.343194,76.650583,Metropolitian ,3.1089883297664818,Short
3089,17.455894,78.375467,17.495894,78.415467,Urban ,6.146683594472918,Medium
3090,26.913987,75.752891,26.983987,75.822891,Metropolitian ,10.427215010406718,Medium
3091,26.474986,80.342796,26.524986,80.392796,Metropolitian ,7.461062763989567,Medium
3092,26.90519,75.810753,26.94519,75.850753,Metropolitian ,5.958965689666703,Medium
3093,9.985697,76.281128,10.095697,76.391128,Urban ,17.16591503105246,Long
3094,19.003517,72.82765,19.093517,72.91765,Urban ,13.770769583770821,Medium
3095,23.357804,85.325146,23.427804,85.395146,Metropolitian ,10.565032566503788,Medium
3096,12.933284,77.615428,13.043284,77.725428,Urban ,17.078029070272784,Long
3097,18.530963,73.828972,18.620963,73.918972,Urban ,13.78906644048547,Medium
3098,22.311844,73.165081,22.321844,73.175081,Urban ,1.514786139865219,Short
3099,19.207222,72.972281,19.287222,73.052281,Metropolitian ,12.23373531013507,Medium
3100,17.433809,78.386744,17.503809,78.456744,Metropolitian ,10.756895455613957,Medium
3101,18.56245,73.916619,18.60245,73.956619,Metropolitian ,6.128363939648328,Medium
3102,18.536718,73.830327,18.606718,73.900327,Semi-Urban ,10.72495612030263,Medium
3103,12.975377,77.696664,13.055377,77.776664,Metropolitian ,12.419724873245672,Medium
3104,22.307898,73.167788,22.357898,73.217788,Metropolitian ,7.5735286916855955,Medium
3105,27.195928,77.998092,27.215928,78.018092,Metropolitian ,2.976185616575837,Short
3106,11.003008,76.97544,11.083009,77.05544,Urban ,12.464422665211641,Medium
3107,22.745049,75.892471,22.805049,75.952471,Metropolitian ,9.074836683459448,Medium
3108,15.561295,73.749478,15.631295,73.819478,Metropolitian ,10.806983276576679,Medium
3109,26.911378,75.789034,26.991378,75.869034,Metropolitian ,11.916705005077912,Medium
3110,26.913483,75.803139,26.983483,75.873139,Urban ,10.427235657896192,Medium
3111,19.876994,75.372353,19.956994,75.452353,Metropolitian ,12.209836055800576,Medium
3112,23.359194,85.325447,23.379194,85.345447,Metropolitian ,3.018826787154069,Short
3113,22.732225,75.874765,22.772225,75.914765,Metropolitian ,6.050355980667544,Medium
3114,15.561295,73.749478,15.691295,73.879478,Metropolitian ,20.068696929514683,Long
3115,10.994136,76.963303,11.054136,77.023303,Urban ,9.348552276073129,Medium
3116,12.975377,77.696664,13.035377,77.756664,Urban ,9.314976789361035,Medium
3117,17.438263,78.397865,17.548263,78.507865,Metropolitian ,16.90260949288213,Long
3118,22.728163,75.884212,22.838163,75.994212,Metropolitian ,16.63674459183079,Long
3119,21.186438,72.794115,21.276438,72.884115,Metropolitian ,13.680927409308628,Medium
3120,30.899584,75.809346,30.909584,75.819346,Metropolitian ,1.4651613615191275,Short
3121,17.428294,78.404423,17.538294,78.514423,Metropolitian ,16.903050893203687,Long
3122,10.035573,76.336958,10.045573,76.346958,Urban ,1.5605381560428593,Short
3123,26.905287,75.794592,26.985287,75.874592,Metropolitian ,11.916990180555231,Medium
3124,18.546258,73.904337,18.616258,73.974337,Urban ,10.7246720867354,Medium
3125,9.957144,76.296783,10.027144,76.366783,Urban ,10.92456962686083,Medium
3126,18.543626,73.905101,18.573626,73.935101,Metropolitian ,4.596576884052145,Short
3127,17.428294,78.404423,17.468294,78.444423,Metropolitian ,6.14712736591018,Medium
3128,21.185047,72.80859,21.275047,72.89859,Metropolitian ,13.680987399156825,Medium
3129,12.334022,76.618203,12.404022,76.688203,Urban ,10.880731284671885,Medium
3130,19.207222,72.972281,19.257222,73.022281,Metropolitian ,7.6464141030690085,Medium
3131,26.913483,75.803139,27.043483,75.933139,Urban ,19.36258018346535,Long
3132,12.986047,80.218114,12.996047,80.228114,Urban ,1.5525398251391473,Short
3133,17.431477,78.40035,17.441477,78.41035,Metropolitian ,1.5368293119664589,Short
3134,12.325461,76.632278,12.335461,76.642278,Urban ,1.5545020843143542,Short
3135,18.554382,73.798206,18.584382,73.828206,Metropolitian ,4.596439723177868,Short
3136,26.891191,75.802083,26.921191,75.832083,Metropolitian ,4.469557550709459,Short
3137,12.304569,76.643622,12.314569,76.653622,Metropolitian ,1.5545625412411683,Short
3138,12.939496,77.625999,13.049496,77.735999,Metropolitian ,17.077821017428217,Long
3139,21.175975,72.795503,21.205975,72.825503,Urban ,4.5608906580201936,Short
3140,23.234631,77.401663,23.324631,77.491663,Urban ,13.58890881742008,Medium
3141,15.51315,73.78346,15.54315,73.81346,Metropolitian ,4.632302885852763,Short
3142,12.304569,76.643622,12.334569,76.673622,Metropolitian ,4.663600819587713,Short
3143,22.728163,75.884212,22.788163,75.944212,Urban ,9.075352487619298,Medium
3144,23.351058,85.325731,23.461058,85.435731,Metropolitian ,16.601433047700773,Long
3145,25.459775,81.834841,25.489775,81.864841,Metropolitian ,4.494121436892431,Short
3146,12.316967,76.603067,12.386967,76.673067,Semi-Urban ,10.881077849232787,Medium
3147,12.972532,77.608179,13.102532,77.738179,Metropolitian ,20.181172140809643,Long
3148,10.994136,76.963303,11.104136,77.073303,Metropolitian ,17.138295790540273,Long
3149,19.875522,75.367127,19.955522,75.447127,Metropolitian ,12.20988938248342,Medium
3150,13.026279,80.174568,13.156279,80.304568,Metropolitian ,20.179033324549206,Long
3151,22.32,73.17,22.43,73.28,Metropolitian ,16.65944057912353,Long
3152,17.411028,78.329645,17.521028,78.439645,Metropolitian ,16.903814838158304,Long
3153,17.483216,78.552111,17.563216,78.632111,Metropolitian ,12.291841945089626,Medium
3154,23.359033,85.325347,23.419033,85.385347,Metropolitian ,9.055860194305815,Medium
3155,12.979166,77.640709,13.109166,77.770709,Metropolitian ,20.180908601249474,Long
3156,23.359194,85.325447,23.399194,85.365447,Metropolitian ,6.037445236368049,Medium
3157,11.021278,76.995017,11.051278,77.025017,Urban ,4.674181485440804,Short
3158,26.469003,80.316344,26.609003,80.456344,Metropolitian ,20.88781555498713,Long
3159,21.186608,72.794136,21.316608,72.924136,Urban ,19.76008092047381,Long
3160,25.450317,81.831681,25.490317,81.871681,Urban ,5.992261608063029,Medium
3161,12.914264,77.6784,12.944264,77.7084,Metropolitian ,4.658182488300042,Short
3162,22.727021,75.884167,22.817021,75.974167,Urban ,13.612393202818417,Medium
3163,11.001852,76.976268,11.111852,77.086268,Metropolitian ,17.13807458855237,Long
3164,12.970221,77.645396,13.080221,77.755396,Metropolitian ,17.07679057474322,Long
3165,12.906229,77.596791,13.016229,77.706791,Other,17.078934089495423,Long
3166,18.51421,73.838429,18.64421,73.968429,Urban ,19.917359352866548,Long
3167,23.369746,85.33982,23.399746,85.36982,Metropolitian ,4.527997212574592,Short
3168,23.355164,85.324097,23.385164,85.354097,Metropolitian ,4.52822500931378,Short
3169,12.979166,77.640709,13.089166,77.750709,Metropolitian ,17.07649014379418,Long
3170,-26.472001,80.354002,26.582001,80.464002,Metropolitian ,5899.347621425843,Very Long
3171,11.001753,76.986241,11.051753,77.036241,Metropolitian ,7.790426271963726,Medium
3172,26.472001,80.354002,26.492001,80.374002,Metropolitian ,2.984632836691962,Short
3173,22.533662,88.366217,22.563662,88.396217,Metropolitian ,4.540862448362204,Short
3174,17.431477,78.40035,17.471477,78.44035,Metropolitian ,6.147076220357757,Medium
3175,30.895817,75.813112,30.955817,75.873112,Metropolitian ,8.790140670524861,Medium
3176,23.234631,77.401663,23.294631,77.461663,Metropolitian ,9.059739810572683,Medium
3177,26.463504,80.372929,26.553504,80.462929,Metropolitian ,13.429469386591657,Medium
3178,17.422819,78.449578,17.442819,78.469578,Urban ,3.0736879816308624,Short
3179,12.352058,76.60665,12.362058,76.61665,Urban ,1.5544249758899429,Short
3180,12.972161,77.596014,13.062161,77.686014,Other,13.97214132886662,Medium
3181,22.311603,73.165012,22.321603,73.175012,Metropolitian ,1.5147873459316699,Short
3182,21.149669,72.772629,21.169669,72.792629,Urban ,3.0408931296411486,Short
3183,18.927584,72.832585,18.987584,72.892585,Metropolitian ,9.182882169249904,Medium
3184,22.310526,73.170937,22.390526,73.250937,Metropolitian ,12.116939023592979,Medium
3185,23.333017,85.3172,23.393017,85.3772,Metropolitian ,9.056672984546305,Medium
3186,11.003008,76.97544,11.033008,77.00544,Urban ,4.674324006382012,Short
3187,26.473698,80.352677,26.553698,80.432677,Metropolitian ,11.937066310217226,Medium
3188,23.234249,77.434007,23.274249,77.474007,Metropolitian ,6.040041980293914,Medium
3189,23.369746,85.33982,23.449746,85.41982,Metropolitian ,12.073616371381581,Medium
3190,10.020683,76.310631,10.060683,76.350631,Metropolitian ,6.242151513820097,Medium
3191,13.027018,80.254791,13.047018,80.274791,Urban ,3.104799238186696,Short
3192,26.914142,75.805704,27.004142,75.895704,Urban ,13.405883851779459,Medium
3193,12.323994,76.626167,12.403994,76.706167,Urban ,12.435238152054817,Medium
3194,26.910262,75.783013,26.960262,75.833013,Metropolitian ,7.448412467877719,Medium
3195,22.727021,75.884167,22.787021,75.944167,Metropolitian ,9.07538735961594,Medium
3196,30.361281,78.068022,30.371281,78.078022,Metropolitian ,1.4686334355934356,Short
3197,18.536718,73.830327,18.586718,73.880327,Urban ,7.660895664241893,Medium
3198,26.766536,75.837333,26.776536,75.847333,Urban ,1.490638044241681,Short
3199,26.482419,80.320939,26.492419,80.330939,Metropolitian ,1.4922851499514578,Short
3200,26.892312,75.806896,26.942312,75.856896,Metropolitian ,7.44893737972967,Medium
3201,19.207222,72.972281,19.277222,73.042281,Metropolitian ,10.704672233867438,Medium
3202,22.552672,88.352885,22.682672,88.482885,Urban ,19.672531807090436,Long
3203,15.51315,73.78346,15.55315,73.82346,Metropolitian ,6.176331704965016,Medium
3204,13.044694,80.26147,13.054694,80.27147,Metropolitian ,1.5523608800120052,Short
3205,26.902328,75.794257,27.032328,75.924257,Metropolitian ,19.363429481747797,Long
3206,19.121999,72.908493,19.191999,72.978493,Urban ,10.707286388619469,Medium
3207,11.025083,77.015393,11.085083,77.075393,Other,9.348068923522419,Medium
3208,11.003681,76.975525,11.093681,77.065525,Urban ,14.022253080995734,Medium
3209,11.022169,76.999594,11.052169,77.029594,Metropolitian ,4.674174529063673,Short
3210,21.170798,72.790489,21.180798,72.800489,Metropolitian ,1.5203694817444924,Short
3211,22.751234,75.88949,22.811234,75.94949,Metropolitian ,9.074647672837386,Medium
3212,21.183434,72.814492,21.213434,72.844492,Other,4.560783589287882,Short
3213,17.450851,78.379347,17.500851,78.429347,Metropolitian ,7.6833552999308585,Medium
3214,19.1093,72.825451,19.1893,72.905451,Metropolitian ,12.237167878708906,Medium
3215,26.47775,80.351569,26.58775,80.461569,Metropolitian ,16.412254068472386,Long
3216,9.979363,76.285001,10.039363,76.345001,Metropolitian ,9.363672588461588,Medium
3217,30.895204,75.822103,31.035204,75.962103,Metropolitian ,20.506741592080726,Long
3218,22.311844,73.165081,22.391844,73.245081,Metropolitian ,12.116886186591207,Medium
3219,21.170096,72.789122,21.300096,72.919122,Metropolitian ,19.761110067713506,Long
3220,10.027364,76.308258,10.157364,76.438258,Metropolitian ,20.28539124305944,Long
3221,17.410371,78.437225,17.430371,78.457225,Urban ,3.0737878683560815,Short
3222,22.311358,73.164798,22.341358,73.194798,Metropolitian ,4.5442155211325375,Short
3223,18.636215,73.751081,18.656215,73.771081,Metropolitian ,3.063638579713009,Short
3224,22.728163,75.884212,22.798163,75.954212,Metropolitian ,10.587732954177016,Medium
3225,26.913987,75.752891,27.043987,75.882891,Metropolitian ,19.36254180430375,Long
3226,12.323225,76.630028,12.333225,76.640028,Metropolitian ,1.5545085595199724,Short
3227,22.310237,73.158921,22.330237,73.178921,Metropolitian ,3.0295383085110155,Short
3228,26.910262,75.783013,26.950262,75.823013,Metropolitian ,5.958847028253512,Medium
3229,15.576683,73.75575,15.686683,73.86575,Metropolitian ,16.980990792659256,Long
3230,15.556561,73.763633,15.616561,73.823633,Metropolitian ,9.263339961123107,Medium
3231,12.979166,77.640709,13.049166,77.710709,Urban ,10.867285240714288,Medium
3232,19.1093,72.825451,19.2193,72.935451,Urban ,16.82538340490043,Long
3233,12.975377,77.696664,13.085377,77.806664,Metropolitian ,17.07661742698182,Long
3234,12.979096,77.640625,13.039096,77.700625,Metropolitian ,9.314908769970772,Medium
3235,12.352058,76.60665,12.422058,76.67665,Metropolitian ,10.880364286277024,Medium
3236,19.876106,75.340775,19.986106,75.450775,Metropolitian ,16.787820514671036,Long
3237,23.355164,85.324097,23.405164,85.374097,Metropolitian ,7.5467812204846325,Medium
3238,19.176269,72.836721,19.236269,72.896721,Urban ,9.176379825814594,Medium
3239,12.975996,80.221898,13.045996,80.291898,Urban ,10.867352908691045,Medium
3240,17.451976,78.385883,17.541976,78.475883,Metropolitian ,13.829273672566568,Medium
3241,23.359033,85.325347,23.389033,85.355347,Metropolitian ,4.5281645804083706,Short
3242,21.170096,72.789122,21.180096,72.799122,Metropolitian ,1.520372837972029,Short
3243,22.753839,75.897429,22.763838,75.907429,Urban ,1.5124736191444423,Short
3244,21.157735,72.768778,21.197735,72.808778,Metropolitian ,6.0814407970077005,Medium
3245,22.311358,73.164798,22.401358,73.254798,Metropolitian ,13.63129313218795,Medium
3246,17.429585,78.392621,17.559585,78.522621,Metropolitian ,19.97574121625775,Long
3247,23.232537,77.429845,23.242537,77.439845,Metropolitian ,1.510097125258773,Short
3248,23.374989,85.335486,23.504989,85.465486,Urban ,19.617573744443433,Long
3249,19.221315,72.862381,19.241315,72.882381,Metropolitian ,3.058573658857584,Short
3250,12.98041,77.640489,13.07041,77.730489,Urban ,13.971914787569208,Medium
3251,17.440827,78.393391,17.460827,78.413391,Metropolitian ,3.0735433636637217,Short
3252,22.527893,88.368628,22.637893,88.478628,Metropolitian ,16.647924695166076,Long
3253,17.429585,78.392621,17.459585,78.422621,Metropolitian ,4.610390241502114,Short
3254,26.90294,75.793007,26.95294,75.843007,Metropolitian ,7.4486266186033845,Medium
3255,26.766536,75.837333,26.836536,75.907333,Metropolitian ,10.43324260995406,Medium
3256,-26.910262,-75.783013,27.020262,75.893013,Metropolitian ,17213.9747052325,Very Long
3257,23.374878,85.335739,23.464878,85.425739,Metropolitian ,13.582342704259935,Medium
3258,12.337928,76.617889,12.357928,76.637889,Metropolitian ,3.108902919167669,Short
3259,19.12663,72.829976,19.14663,72.849976,Metropolitian ,3.0594028768205965,Short
3260,26.910262,75.783013,26.980262,75.853013,Semi-Urban ,10.427367606158207,Medium
3261,18.55144,73.804855,18.57144,73.824855,Metropolitian ,3.0643606844470583,Short
3262,18.536718,73.830327,18.576718,73.870328,Metropolitian ,6.128874096846778,Medium
3263,18.994049,72.825203,19.064049,72.895203,Urban ,10.711191521545658,Medium
3264,17.458998,78.500366,17.548998,78.590366,Metropolitian ,13.82901912445418,Medium
3265,22.751234,75.88949,22.841234,75.97949,Urban ,13.611283046203784,Medium
3266,25.457116,81.859682,25.547116,81.949682,Metropolitian ,13.48098627878453,Medium
3267,11.000762,76.981876,11.110762,77.091876,Metropolitian ,17.138105845699737,Long
3268,13.026279,80.174568,13.056279,80.204568,Metropolitian ,4.6571597822820685,Short
3269,22.744648,75.894377,22.804648,75.954377,Urban ,9.074848936307943,Medium
3270,18.51421,73.838429,18.52421,73.848429,Metropolitian ,1.532359644488455,Short
3271,26.766536,75.837333,26.906536,75.977333,Other,20.863625061565816,Long
3272,21.173343,72.792731,21.233343,72.852731,Urban ,9.12142598198074,Medium
3273,13.044694,80.26147,13.134694,80.35147,Metropolitian ,13.970144665452906,Medium
3274,21.186608,72.794136,21.206608,72.814136,Metropolitian ,3.040539883060228,Short
3275,19.003517,72.82765,19.033517,72.85765,Other,4.590648124312618,Short
3276,11.016298,76.972076,11.146298,77.102076,Urban ,20.25325804770789,Long
3277,30.359722,78.067079,30.449722,78.157079,Urban ,13.21548125999863,Medium
3278,22.74806,75.8934,22.75806,75.9034,Urban ,1.512584768578813,Short
3279,27.163303,78.057044,27.193303,78.087044,Metropolitian ,4.464766878776821,Short
3280,22.74806,75.8934,22.83806,75.9834,Urban ,13.611428630407518,Medium
3281,18.569156,73.774723,18.619156,73.824723,Metropolitian ,7.66020577723812,Medium
3282,18.56245,73.916619,18.58245,73.936619,Metropolitian ,3.0642670710680338,Short
3283,30.327968,78.046106,30.407968,78.126106,Urban ,11.748980070213381,Medium
3284,15.585658,73.743606,15.715658,73.873606,Metropolitian ,20.067547605062057,Long
3285,12.970324,77.645748,13.010324,77.685748,Urban ,6.210168035776879,Medium
3286,22.514688,88.393294,22.574688,88.453294,Metropolitian ,9.08184504208995,Medium
3287,19.866969,75.318894,19.886969,75.338894,Urban ,3.0528213653154195,Short
3288,12.933284,77.615428,13.043284,77.725428,Metropolitian ,17.078029070272784,Long
3289,21.183434,72.814492,21.233434,72.864492,Urban ,7.601066543768449,Medium
3290,13.081878,80.248519,13.121878,80.288519,Other,6.208803959900656,Medium
3291,22.761593,75.886362,22.811593,75.936362,Urban ,7.56206997216252,Medium
3292,19.131141,72.813074,19.181141,72.863074,Metropolitian ,7.648080628608015,Medium
3293,18.533811,73.899315,18.543811,73.909315,Urban ,1.5322764695191087,Short
3294,26.492106,80.327797,26.602106,80.437797,Metropolitian ,16.411341039815348,Long
3295,18.536718,73.830327,18.666719,73.960327,Urban ,19.916194656539723,Long
3296,13.005801,80.250744,13.045801,80.290744,Metropolitian ,6.209735433841793,Medium
3297,26.913726,75.75282,27.043726,75.88282,Metropolitian ,19.362561679297414,Long
3298,23.235123,77.398886,23.285123,77.448886,Metropolitian ,7.549900138928546,Medium
3299,17.455894,78.375467,17.545894,78.465467,Urban ,13.829131656291406,Medium
3300,22.539129,88.365507,22.599129,88.425507,Metropolitian ,9.0811043656779,Medium
3301,26.891191,75.802083,26.981191,75.892083,Urban ,13.407092693002163,Medium
3302,12.972161,77.596014,13.082161,77.706014,Metropolitian ,17.076725433736108,Long
3303,22.728163,75.884212,22.758163,75.914212,Metropolitian ,4.537905323142224,Short
3304,22.732225,75.874765,22.742225,75.884765,Metropolitian ,1.5126653201049498,Short
3305,22.308096,73.167753,22.358096,73.217753,Metropolitian ,7.573523734183611,Medium
3306,26.492106,80.327797,26.582106,80.417797,Metropolitian ,13.427981831458396,Medium
3307,9.970717,76.285447,10.020717,76.335447,Metropolitian ,7.803221931045076,Medium
3308,15.546594,73.760431,15.656594,73.870431,Metropolitian ,16.982190294886905,Long
3309,12.939496,77.625999,13.019496,77.705999,Urban ,12.420599246806894,Medium
3310,12.304569,76.643622,12.414569,76.753622,Metropolitian ,17.09859305393946,Long
3311,12.337978,76.616792,12.407978,76.686792,Urban ,10.88065083153164,Medium
3312,21.170798,72.790489,21.180798,72.800489,Other,1.5203694817444924,Short
3313,26.492106,80.327797,26.552106,80.387797,Metropolitian ,8.95250852459012,Medium
3314,30.89286,75.822199,30.97286,75.902199,Metropolitian ,11.719821223237933,Medium
3315,19.176269,72.836721,19.226269,72.886721,Urban ,7.647092834675559,Medium
3316,13.091809,80.219104,13.141809,80.269104,Metropolitian ,7.760775621293748,Medium
3317,26.473698,80.352677,26.513698,80.392677,Metropolitian ,5.968995503545939,Medium
3318,12.326356,76.619103,12.406356,76.699103,Metropolitian ,12.435183278612342,Medium
3319,11.000762,76.981876,11.060762,77.041876,Metropolitian ,9.348448896832888,Medium
3320,30.319528,78.040267,30.359528,78.080267,Metropolitian ,5.875219258491899,Medium
3321,22.732225,75.874765,22.862225,76.004765,Urban ,19.66067482059042,Long
3322,26.914142,75.805704,26.944142,75.835704,Urban ,4.469154959263375,Short
3323,10.994136,76.963303,11.064136,77.033303,Metropolitian ,10.906553214978015,Medium
3324,19.176269,72.836721,19.236269,72.896721,Metropolitian ,9.176379825814594,Medium
3325,26.902908,75.792934,26.932908,75.822934,Urban ,4.46935205273826,Short
3326,23.232537,77.429845,23.342537,77.539845,Metropolitian ,16.608214361065947,Long
3327,12.975996,80.221898,13.085996,80.331898,Metropolitian ,17.07659663544434,Long
3328,21.186608,72.794136,21.266608,72.874136,Metropolitian ,12.161009703058802,Medium
3329,18.51421,73.838429,18.53421,73.858429,Metropolitian ,3.0646768621689917,Short
3330,15.585658,73.743606,15.615658,73.773606,Metropolitian ,4.6315170249519495,Short
3331,19.207222,72.972281,19.297222,73.062281,Metropolitian ,13.762754362295912,Medium
3332,26.849596,75.800512,26.889596,75.840512,Urban ,5.960265171499854,Medium
3333,23.371292,85.327872,23.381292,85.337872,Metropolitian ,1.5093764432903987,Short
3334,17.422819,78.449578,17.552819,78.579578,Metropolitian ,19.97609532002446,Long
3335,17.410371,78.437225,17.430371,78.457225,Metropolitian ,3.0737878683560815,Short
3336,19.120083,72.907385,19.160083,72.947385,Metropolitian ,6.118745338337883,Medium
3337,30.873988,75.842739,30.953988,75.922739,Metropolitian ,11.720801597549594,Medium
3338,12.972532,77.608179,13.082532,77.718179,Metropolitian ,17.076712975301973,Long
3339,26.846156,75.8023,26.916156,75.8723,Metropolitian ,10.429991108601625,Medium
3340,12.323225,76.630028,12.363225,76.670028,Urban ,6.21786032966792,Medium
3341,25.45235,81.841889,25.54235,81.931889,Metropolitian ,13.481226399922276,Medium
3342,11.022169,76.999594,11.072169,77.049594,Urban ,7.790160607220327,Medium
3343,13.026286,80.275235,13.156286,80.405235,Urban ,20.17903304544265,Long
3344,21.175104,72.804342,21.305104,72.934342,Other,19.760798007029955,Long
3345,19.22384,72.841347,19.27384,72.891347,Metropolitian ,7.646049300624619,Medium
3346,11.001753,76.986241,11.111753,77.096241,Metropolitian ,17.138077427627362,Long
3347,18.569156,73.774723,18.579156,73.784723,Urban ,1.532126284558822,Short
3348,22.311603,73.165012,22.381603,73.235012,Metropolitian ,10.602459395149559,Medium
3349,19.12663,72.829976,19.16663,72.869976,Urban ,6.118630884411828,Medium
3350,18.56245,73.916619,18.69245,74.046619,Urban ,19.914688541860464,Long
3351,22.745536,75.893106,22.855536,76.003106,Semi-Urban ,16.635770753608117,Long
3352,21.170798,72.790489,21.190798,72.810489,Urban ,3.040691139804583,Short
3353,15.303897,73.914336,15.393897,74.004336,Metropolitian ,13.902692073631458,Medium
3354,17.426228,78.407495,17.436228,78.417495,Urban ,1.5368503798527686,Short
3355,27.16185,78.040165,27.17185,78.050165,Urban ,1.4883231072644927,Short
3356,12.981615,80.231598,13.001615,80.251598,Other,3.1050761845071997,Short
3357,30.893234,75.82172,31.023234,75.95172,Metropolitian ,19.04256388774231,Long
3358,12.972532,77.608179,12.982532,77.618179,Other,1.5525809531930488,Short
3359,22.310329,73.169083,22.330329,73.189083,Urban ,3.0295373875693077,Short
3360,17.431668,78.408321,17.481668,78.458321,Metropolitian ,7.683740930982834,Medium
3361,10.027364,76.308258,10.107364,76.388258,Metropolitian ,12.483795219584591,Medium
3362,22.725748,75.898497,22.735747,75.908497,Urban ,1.5126165219143393,Short
3363,23.374989,85.335486,23.464989,85.425486,Urban ,13.582337494193217,Medium
3364,11.008638,76.984311,11.118638,77.094311,Urban ,17.13787992418603,Long
3365,30.905562,75.832841,30.945562,75.872841,Metropolitian ,5.860100551762357,Medium
3366,26.902908,75.792934,27.032908,75.922934,Urban ,19.36338532965707,Long
3367,12.913041,77.683237,12.933041,77.703237,Metropolitian ,3.1054927165608044,Short
3368,9.985497,76.276999,9.995497,76.286999,Metropolitian ,1.5606567477133677,Short
3369,10.035573,76.336958,10.145573,76.446958,Urban ,17.164609401577046,Long
3370,18.543626,73.905101,18.553626,73.915101,Urban ,1.5322347904951212,Short
3371,27.159795,78.04299,27.269795,78.15299,Metropolitian ,16.36844353863734,Long
3372,12.321214,76.621094,12.381214,76.681094,Metropolitian ,9.326651352175686,Medium
3373,13.02978,80.208812,13.15978,80.338812,Metropolitian ,20.178893713604943,Long
3374,15.585658,73.743606,15.595658,73.753606,Metropolitian ,1.5438752136159457,Short
3375,17.411028,78.329645,17.451028,78.369645,Urban ,6.1474046526362285,Medium
3376,13.058616,80.264151,13.068616,80.274151,Urban ,1.5523182877494135,Short
3377,22.5491,88.400467,22.5791,88.430467,Metropolitian ,4.5406285313716,Short
3378,12.325461,76.632278,12.335461,76.642278,Metropolitian ,1.5545020843143542,Short
3379,12.978453,77.643685,13.038453,77.703685,Urban ,9.314920531575272,Medium
3380,22.753839,75.897429,22.803839,75.947429,Urban ,7.562267471532915,Medium
3381,22.310329,73.169083,22.330329,73.189083,Metropolitian ,3.0295373875693077,Short
3382,12.323225,76.630028,12.373225,76.680028,Urban ,7.772252870923863,Medium
3383,30.885915,75.788259,30.965915,75.868259,Metropolitian ,11.720182056112101,Medium
3384,19.131141,72.813074,19.14114,72.823074,Metropolitian ,1.5296227548410362,Short
3385,26.49095,80.318656,26.53095,80.358656,Urban ,5.968596969709576,Medium
3386,21.175104,72.804342,21.215104,72.844342,Other,6.081108484515621,Medium
3387,26.90519,75.810753,26.96519,75.870753,Metropolitian ,8.938097379310701,Medium
3388,18.51421,73.838429,18.55421,73.878429,Metropolitian ,6.129183922935669,Medium
3389,21.149669,72.772629,21.209669,72.832629,Metropolitian ,9.122105539589876,Medium
3390,17.458998,78.500366,17.478998,78.520366,Urban ,3.073397297635909,Short
3391,9.957144,76.296783,9.967144,76.306783,Metropolitian ,1.5607236381079856,Short
3392,12.975377,77.696664,13.045377,77.766664,Metropolitian ,10.86736612025195,Medium
3393,15.506205,73.766668,15.536205,73.796668,Metropolitian ,4.6323779777330785,Short
3394,12.323225,76.630028,12.433225,76.740028,Metropolitian ,17.09799694004491,Long
3395,15.556561,73.763633,15.686561,73.893633,Metropolitian ,20.06892006159492,Long
3396,19.878028,75.317475,19.988028,75.427475,Metropolitian ,16.787724706935688,Long
3397,13.026286,80.275235,13.076286,80.325235,Urban ,7.761779919073881,Medium
3398,11.003669,76.976494,11.043669,77.016494,Metropolitian ,6.2323731292832845,Medium
3399,22.745536,75.893106,22.835536,75.983106,Metropolitian ,13.611544388190243,Medium
3400,15.556561,73.763633,15.626561,73.833633,Metropolitian ,10.807103208635905,Medium
3401,15.498603,73.826911,15.558603,73.886911,Urban ,9.264595774312983,Medium
3402,22.761226,75.887522,22.771226,75.897522,Urban ,1.5125177574807769,Short
3403,23.218998,77.373573,23.278998,77.433573,Metropolitian ,9.060226100287554,Medium
3404,11.022298,76.998349,11.072298,77.048349,Urban ,7.790158927085036,Medium
3405,19.121999,72.908493,19.181999,72.968493,Metropolitian ,9.177805335296428,Medium
3406,23.355164,85.324097,23.435164,85.404097,Metropolitian ,12.074224380435789,Medium
3407,25.454648,81.834502,25.534648,81.914502,Metropolitian ,11.983433564440992,Medium
3408,22.552996,88.35231,22.642996,88.44231,Metropolitian ,13.620342411997008,Medium
3409,22.745049,75.892471,22.815049,75.962471,Metropolitian ,10.58713106938141,Medium
3410,12.334022,76.618203,12.394022,76.678203,Urban ,9.326428318804075,Medium
3411,21.149834,72.778666,21.239834,72.868666,Metropolitian ,13.68250488691743,Medium
3412,23.266261,77.379605,23.346261,77.459605,Metropolitian ,12.077924313931087,Medium
3413,27.165108,78.015053,27.185108,78.035053,Urban ,2.9765489161050946,Short
3414,30.873988,75.842739,30.933988,75.902739,Metropolitian ,8.79099099258771,Medium
3415,12.979096,77.640625,13.069096,77.730625,Metropolitian ,13.971950882977819,Medium
3416,26.483672,80.320708,26.543672,80.380708,Metropolitian ,8.952800909209857,Medium
3417,19.875908,75.358888,19.915908,75.398888,Metropolitian ,6.105300068486729,Medium
3418,21.160437,72.774209,21.180437,72.794209,Other,3.040790211399868,Short
3419,18.546947,73.900626,18.616947,73.970626,Metropolitian ,10.724651568075062,Medium
3420,19.103249,72.846749,19.213249,72.956749,Urban ,16.825674553493787,Long
3421,26.910262,75.783013,27.000262,75.873013,Metropolitian ,13.406088270680218,Medium
3422,19.875522,75.367127,19.935522,75.427127,Urban ,9.157688902749396,Medium
3423,27.160832,78.011608,27.190832,78.041608,Metropolitian ,4.464810553177014,Short
3424,19.131141,72.813074,19.19114,72.873074,Urban ,9.177484636525882,Medium
3425,30.362686,78.06889,30.402686,78.10889,Metropolitian ,5.874112989204212,Medium
3426,15.506205,73.766668,15.616205,73.876668,Metropolitian ,16.983797008030106,Long
3427,-25.449872,81.836167,25.499872,81.886167,Metropolitian ,5665.355592510087,Very Long
3428,18.546258,73.904337,18.586258,73.944337,Metropolitian ,6.128639386842631,Medium
3429,13.045479,80.23311,13.065479,80.25311,Metropolitian ,3.104686366913198,Short
3430,26.913483,75.803139,26.933483,75.823139,Other,2.9795028505763823,Short
3431,12.972161,77.596014,13.032161,77.656014,Urban ,9.315035594044328,Medium
3432,21.185047,72.80859,21.195047,72.81859,Metropolitian ,1.5203013368539595,Short
3433,17.422819,78.449578,17.502819,78.529578,Urban ,12.293787312037066,Medium
3434,21.149834,72.778666,21.219834,72.848666,Urban ,10.642283429606557,Medium
3435,11.010375,76.95295,11.140375,77.08295,Metropolitian ,20.253459166411766,Long
3436,18.536562,73.896485,18.606562,73.966485,Metropolitian ,10.724960763776876,Medium
3437,17.429585,78.392621,17.539585,78.502621,Other,16.90299374424528,Long
3438,18.994237,72.825553,19.064237,72.895553,Urban ,10.711185800959706,Medium
3439,13.022394,80.242439,13.032394,80.252439,Metropolitian ,1.5524290130727518,Short
3440,19.221315,72.862381,19.311315,72.952381,Metropolitian ,13.762197002525296,Medium
3441,19.103249,72.846749,19.183249,72.926749,Metropolitian ,12.237379473671204,Medium
3442,18.546947,73.900626,18.626947,73.980626,Metropolitian ,12.256574293065931,Medium
3443,18.536562,73.896485,18.616562,73.976485,Metropolitian ,12.256927745914059,Medium
3444,11.021278,76.995017,11.041278,77.015017,Metropolitian ,3.1161470193377827,Short
3445,11.000762,76.981876,11.040762,77.021876,Metropolitian ,6.232403352170581,Medium
3446,25.45235,81.841889,25.56235,81.951889,Other,16.47643795427438,Long
3447,21.183434,72.814492,21.263434,72.894492,Urban ,12.161131350319085,Medium
3448,23.359407,85.325055,23.469407,85.435055,Metropolitian ,16.600954249350806,Long
3449,27.16185,78.040165,27.21185,78.090165,Metropolitian ,7.441026180219768,Medium
3450,12.326356,76.619103,12.366356,76.659103,Urban ,6.217824017921914,Medium
3451,11.001852,76.976268,11.011852,76.986268,Metropolitian ,1.5581369822074376,Short
3452,15.49395,73.827423,15.53395,73.867423,Metropolitian ,6.176608482718789,Medium
3453,18.533811,73.899315,18.663811,74.029315,Metropolitian ,19.916274899796797,Long
3454,-27.159795,-78.04299,27.209795,78.09299,Metropolitian ,17658.249696622697,Very Long
3455,12.323225,76.630028,12.343225,76.650028,Urban ,3.108988150168421,Short
3456,23.357804,85.325146,23.447804,85.415146,Urban ,13.5831438666947,Medium
3457,25.45235,81.841889,25.49235,81.881889,Metropolitian ,5.992216126443336,Medium
3458,27.201725,78.007553,27.241725,78.047553,Metropolitian ,5.951998478304968,Medium
3459,15.516833,73.768172,15.646833,73.898172,Metropolitian ,20.070790105765074,Long
3460,18.530963,73.828972,18.580963,73.878972,Other,7.6610179466416595,Medium
3461,13.091809,80.219104,13.181809,80.309104,Urban ,13.96884202196083,Medium
3462,26.911378,75.789034,26.971378,75.849034,Metropolitian ,8.93788015582957,Medium
3463,12.321214,76.621094,12.371214,76.671094,Metropolitian ,7.772282029629256,Medium
3464,12.326356,76.619103,12.456356,76.749103,Metropolitian ,20.206226468829932,Long
3465,30.88722,75.804893,30.99722,75.914893,Metropolitian ,16.114084227697067,Long
3466,11.008638,76.984311,11.088638,77.064311,Urban ,12.464226008964989,Medium
3467,23.357804,85.325146,23.407804,85.375146,Urban ,7.546712474612291,Medium
3468,9.982834,76.283268,10.072834,76.373268,Urban ,14.045114628499029,Medium
3469,22.728163,75.884212,22.748163,75.904212,Metropolitian ,3.0253210909320245,Short
3470,22.547186,88.35068,22.577185,88.38068,Metropolitian ,4.540575857362515,Short
3471,12.323978,76.627961,12.393978,76.697961,Metropolitian ,10.880935438433784,Medium
3472,13.086438,80.220672,13.146439,80.280672,Urban ,9.313017158715258,Medium
3473,12.934365,77.616155,13.014365,77.696155,Metropolitian ,12.420724094049318,Medium
3474,21.185047,72.80859,21.205047,72.82859,Metropolitian ,3.0405548217967526,Short
3475,11.000762,76.981876,11.060762,77.041876,Other,9.348448896832888,Medium
3476,12.979096,77.640625,12.989096,77.650625,Metropolitian ,1.5525609831259377,Short
3477,12.979166,77.640709,13.019166,77.680709,Metropolitian ,6.2100603230883085,Medium
3478,9.960846,76.293936,10.020846,76.353936,Other,9.36393530915315,Medium
3479,0.0,0.0,0.11,0.11,Semi-Urban ,17.29786575291325,Long
3480,30.335259,78.053162,30.355259,78.073162,Metropolitian ,2.9375362543784136,Short
3481,18.593481,73.785901,18.653481,73.845901,Metropolitian ,9.191497300460385,Medium
3482,21.183434,72.814492,21.193434,72.824492,Urban ,1.5203090529375691,Short
3483,12.284747,76.625861,12.354747,76.695861,Other,10.881731319465594,Medium
3484,10.96185,76.971082,10.98185,76.991082,Metropolitian ,3.1164553828823514,Short
3485,30.890184,75.829615,31.020184,75.959615,Metropolitian ,19.04282155622611,Long
3486,17.424114,78.347554,17.554114,78.477554,Urban ,19.976027554946768,Long
3487,-22.553227,88.353273,22.643227,88.443273,Metropolitian ,5025.625829037923,Very Long
3488,17.458998,78.500366,17.498998,78.540366,Metropolitian ,6.146633645960491,Medium
3489,23.359407,85.325055,23.379407,85.345055,Metropolitian ,3.0188245695182854,Short
3490,22.308096,73.167753,22.348096,73.207753,Urban ,6.058919182290554,Medium
3491,19.12663,72.829976,19.13663,72.839976,Urban ,1.5297232853102503,Short
3492,15.576683,73.75575,15.586683,73.76575,Metropolitian ,1.543907680532274,Short
3493,18.994237,72.825553,19.024237,72.855553,Other,4.59076905574894,Short
3494,12.284747,76.625861,12.394747,76.735861,Metropolitian ,17.099225478911954,Long
3495,26.902328,75.794257,26.932328,75.824257,Urban ,4.469362226704669,Short
3496,13.064181,80.236442,13.194181,80.366442,Metropolitian ,20.177519993018986,Long
3497,26.892312,75.806896,27.002312,75.916896,Metropolitian ,16.38573010430759,Long
3498,26.463504,80.372929,26.523504,80.432929,Metropolitian ,8.953499779320266,Medium
3499,30.895204,75.822103,30.955204,75.882103,Metropolitian ,8.790164555048785,Medium
3500,11.001852,76.976268,11.031852,77.006268,Urban ,4.674333016435275,Short
3501,22.552996,88.35231,22.602996,88.40231,Metropolitian ,7.567362984077133,Medium
3502,17.426228,78.407495,17.466228,78.447495,Metropolitian ,6.147160558529806,Medium
3503,12.299524,76.64262,12.319524,76.66262,Metropolitian ,3.109125335839928,Short
3504,13.022394,80.242439,13.092394,80.312439,Metropolitian ,10.866360907886211,Medium
3505,0.0,0.0,0.06,0.06,Other,9.435201537430713,Medium
3506,23.353783,85.326967,23.383783,85.356967,Metropolitian ,4.528246576738902,Short
3507,17.429585,78.392621,17.539585,78.502621,Urban ,16.90299374424528,Long
3508,22.753839,75.897429,22.843839,75.987429,Urban ,13.611163547774316,Medium
3509,17.430448,78.418213,17.440448,78.428213,Metropolitian ,1.536833442519257,Short
3510,17.433809,78.386744,17.493809,78.446744,Metropolitian ,9.220316822180699,Medium
3511,12.935662,77.61413,13.065662,77.74413,Metropolitian ,20.182634488293992,Long
3512,17.41233,78.449654,17.49233,78.529654,Metropolitian ,12.294124530423833,Medium
3513,22.745536,75.893106,22.775536,75.923106,Metropolitian ,4.537640130462831,Short
3514,12.979166,77.640709,13.069166,77.730709,Urban ,13.971948960174704,Medium
3515,10.96185,76.971082,11.02185,77.031082,Metropolitian ,9.349055143285232,Medium
3516,22.695207,75.866059,22.785207,75.956059,Metropolitian ,13.613850325840245,Medium
3517,15.561295,73.749478,15.591295,73.779478,Metropolitian ,4.631781459847333,Short
3518,12.316967,76.603067,12.326967,76.613067,Urban ,1.5545266759914365,Short
3519,25.449659,81.839744,25.509659,81.899744,Metropolitian ,8.98807868985127,Medium
3520,22.515082,88.36783,22.555082,88.40783,Metropolitian ,6.054757424280501,Medium
3521,30.327968,78.046106,30.337968,78.056106,Metropolitian ,1.4688468549789202,Short
3522,22.725835,75.887648,22.735835,75.897648,Urban ,1.5126978119723455,Short
3523,26.482581,80.315628,26.622581,80.455628,Metropolitian ,20.886716298555353,Long
3524,12.972161,77.596014,13.032161,77.656014,Metropolitian ,9.315035594044328,Medium
3525,19.207222,72.972281,19.267222,73.032281,Urban ,9.17556515700711,Medium
3526,22.695207,75.866059,22.765207,75.936059,Metropolitian ,10.588906536688036,Medium
3527,11.008638,76.984311,11.078638,77.054311,Metropolitian ,10.90628903651009,Medium
3528,21.186608,72.794136,21.226608,72.834136,Urban ,6.080888252609413,Medium
3529,11.003681,76.975525,11.063681,77.035525,Metropolitian ,9.34840333533469,Medium
3530,23.211529,77.419399,23.261529,77.469399,Metropolitian ,7.550511557032621,Medium
3531,23.357804,85.325146,23.447804,85.415146,Metropolitian ,13.5831438666947,Medium
3532,17.430448,78.418213,17.540448,78.528213,Metropolitian ,16.902955539488524,Long
3533,17.424114,78.347554,17.484114,78.407554,Urban ,9.220550607824642,Medium
3534,18.520016,73.830547,18.600016,73.910547,Metropolitian ,12.257490517738725,Medium
3535,22.725835,75.887648,22.735835,75.897648,Metropolitian ,1.5126978119723455,Short
3536,23.351489,85.324253,23.431489,85.404253,Metropolitian ,12.074377562048717,Medium
3537,15.496162,73.825364,15.576162,73.905364,Metropolitian ,12.352576040470097,Medium
3538,9.979186,76.317361,10.109186,76.447361,Metropolitian ,20.286882109879233,Long
3539,23.355164,85.324097,23.365164,85.334097,Metropolitian ,1.50946039783608,Short
3540,18.592718,73.773572,18.612718,73.793572,Metropolitian ,3.06400945550929,Short
3541,30.328174,78.049117,30.468174,78.189117,Metropolitian ,20.55800038818809,Long
3542,22.538999,88.322337,22.668999,88.452337,Metropolitian ,19.673431422538805,Long
3543,23.333017,85.3172,23.363017,85.3472,Metropolitian ,4.528570754218039,Short
3544,12.323994,76.626167,12.453994,76.756167,Metropolitian ,20.206315811338996,Long
3545,26.913726,75.75282,26.953726,75.792821,Other,5.958831946914483,Medium
3546,22.74806,75.8934,22.80806,75.9534,Metropolitian ,9.074744674240508,Medium
3547,22.727021,75.884167,22.767021,75.924167,Urban ,6.0504618880756365,Medium
3548,19.221315,72.862381,19.291315,72.932381,Urban ,10.704238934519108,Medium
3549,15.561295,73.749478,15.621295,73.809478,Other,9.263237193071491,Medium
3550,11.006686,76.951736,11.086686,77.031736,Metropolitian ,12.464266688013891,Medium
3551,13.066762,80.251865,13.156762,80.341865,Urban ,13.9695350822038,Medium
3552,25.451517,81.832616,25.461517,81.842616,Metropolitian ,1.498142588598348,Short
3553,22.569367,88.433187,22.699367,88.563187,Metropolitian ,19.671432725675597,Long
3554,23.264015,77.408236,23.304015,77.448236,Metropolitian ,6.0394244229246015,Medium
3555,11.008638,76.984311,11.038638,77.014311,Metropolitian ,4.674280112157594,Short
3556,10.003064,76.307589,10.073064,76.377589,Metropolitian ,10.92380841341895,Medium
3557,19.091458,72.827808,19.141458,72.877808,Urban ,7.64894750775558,Medium
3558,18.51421,73.838429,18.60421,73.928429,Urban ,13.789707457541457,Medium
3559,9.988483,76.295211,9.998483,76.305211,Urban ,1.560649692363443,Short
3560,11.001753,76.986241,11.061753,77.046241,Metropolitian ,9.34843343001985,Medium
3561,21.157735,72.768778,21.267735,72.878778,Metropolitian ,16.722118375772798,Long
3562,26.891191,75.802083,26.911191,75.822083,Urban ,2.979763497462095,Short
3563,21.160522,72.771477,21.220522,72.831477,Urban ,9.121794088989688,Medium
3564,25.450377,81.834236,25.520377,81.904236,Metropolitian ,10.48586771732872,Medium
3565,12.914264,77.6784,12.974264,77.7384,Metropolitian ,9.316091864518503,Medium
3566,27.165108,78.015053,27.225108,78.075053,Metropolitian ,8.928939271551036,Medium
3567,22.695207,75.866059,22.705207,75.876059,Metropolitian ,1.5128534404979816,Short
3568,26.913483,75.803139,26.963483,75.853139,Metropolitian ,7.448318246839861,Medium
3569,25.451646,81.832796,25.531646,81.912796,Metropolitian ,11.983567977944464,Medium
3570,17.411028,78.329645,17.481028,78.399645,Metropolitian ,10.757536302641883,Medium
3571,26.483672,80.320708,26.553672,80.390708,Metropolitian ,10.444732029058875,Medium
3572,12.913041,77.683237,12.923041,77.693237,Metropolitian ,1.5527615060232507,Short
3573,18.994237,72.825553,19.064237,72.895553,Metropolitian ,10.711185800959706,Medium
3574,18.554382,73.798206,18.584382,73.828206,Urban ,4.596439723177868,Short
3575,19.120083,72.907385,19.150083,72.937385,Metropolitian ,4.5891245712574165,Short
3576,12.979096,77.640625,13.039096,77.700625,Urban ,9.314908769970772,Medium
3577,12.98041,77.640489,13.02041,77.680489,Other,6.21004516313671,Medium
3578,17.424114,78.347554,17.494114,78.417554,Urban ,10.75716827731576,Medium
3579,21.175975,72.795503,21.225975,72.845503,Urban ,7.601245065528898,Medium
3580,-9.966783,76.242981,10.016783,76.292981,Metropolitian ,2222.0780402009805,Very Long
3581,13.045479,80.23311,13.055479,80.24311,Metropolitian ,1.552358479578188,Short
3582,27.160832,78.011608,27.290832,78.141608,Metropolitian ,19.34367674754589,Long
3583,13.022394,80.242439,13.132394,80.352439,Urban ,17.075035490453462,Long
3584,11.000762,76.981876,11.060762,77.041876,Urban ,9.348448896832888,Medium
3585,11.024839,77.007003,11.154839,77.137003,Metropolitian ,20.252967850083508,Long
3586,22.310329,73.169083,22.340329,73.199083,Urban ,4.54423097525285,Short
3587,13.054347,80.257221,13.114347,80.317221,Metropolitian ,9.313528459379997,Medium
3588,22.308096,73.167753,22.388096,73.247753,Urban ,12.117036432265767,Medium
3589,23.354422,85.3329,23.434422,85.4129,Metropolitian ,12.074255310176936,Medium
3590,-19.878028,75.317475,19.918028,75.357475,Urban ,4425.121672361822,Very Long
3591,18.546947,73.900626,18.566947,73.920626,Urban ,3.0643988720550097,Short
3592,19.131141,72.813074,19.16114,72.843074,Urban ,4.588898780684235,Short
3593,12.323994,76.626167,12.353994,76.656167,Urban ,4.663432062512783,Short
3594,25.450377,81.834236,25.530377,81.914236,Metropolitian ,11.983624793092554,Medium
3595,22.538999,88.322337,22.608999,88.392336,Urban ,10.594379693652762,Medium
3596,15.56155,73.749092,15.64155,73.829092,Metropolitian ,12.35068568704794,Medium
3597,17.426228,78.407495,17.456228,78.437495,Metropolitian ,4.610430682716122,Short
3598,22.311844,73.165081,22.371844,73.225081,Urban ,9.087965501261843,Medium
3599,15.556561,73.763633,15.566561,73.773633,Metropolitian ,1.5439804079494726,Short
3600,12.304569,76.643622,12.364569,76.703622,Metropolitian ,9.326940869812669,Medium
3601,12.284747,76.625861,12.334747,76.675861,Metropolitian ,7.772809995408218,Medium
3602,11.000762,76.981876,11.090762,77.071876,Urban ,14.022321513257122,Medium
3603,22.514119,88.362504,22.574119,88.422504,Metropolitian ,9.081862277229234,Medium
3604,23.266261,77.379605,23.306261,77.419605,Metropolitian ,6.039377797768455,Medium
3605,11.02091,76.940432,11.09091,77.010432,Metropolitian ,10.90606521866252,Medium
3606,26.766536,75.837333,26.846536,75.917333,Other,11.923472540743463,Medium
3607,30.332735,78.054222,30.462735,78.184222,Metropolitian ,19.08960903186433,Long
3608,26.88842,75.800689,26.94842,75.860689,Metropolitian ,8.938685874464054,Medium
3609,21.175104,72.804342,21.215104,72.844342,Metropolitian ,6.081108484515621,Medium
3610,11.026117,76.944652,11.116117,77.034652,Other,14.021726512882225,Medium
3611,13.005801,80.250744,13.015801,80.260744,Urban ,1.552479637305569,Short
3612,30.885814,75.786976,30.925814,75.826976,Metropolitian ,5.860613400500769,Medium
3613,17.455894,78.375467,17.535894,78.455467,Metropolitian ,12.292722741488804,Medium
3614,13.091809,80.219104,13.181809,80.309104,Metropolitian ,13.96884202196083,Medium
3615,26.463504,80.372929,26.483504,80.392929,Urban ,2.984730907363123,Short
3616,-9.970717,76.285447,10.030717,76.345447,Urban ,2224.0678913870083,Very Long
3617,21.149834,72.778666,21.259834,72.888666,Metropolitian ,16.722534467336015,Long
3618,11.022169,76.999594,11.092169,77.069594,Urban ,10.906042243292454,Medium
3619,12.972793,80.249982,13.062793,80.339982,Urban ,13.972123977178395,Medium
3620,26.913483,75.803139,27.023483,75.913139,Semi-Urban ,16.38436680922718,Long
3621,22.547186,88.35068,22.637186,88.44068,Urban ,13.62060690138349,Medium
3622,18.539299,73.897902,18.629299,73.987902,Metropolitian ,13.788747286078769,Medium
3623,22.75004,75.902847,22.76004,75.912847,Metropolitian ,1.5125746930786603,Short
3624,26.90294,75.793007,26.97294,75.863007,Metropolitian ,10.427667505405765,Medium
3625,19.065838,72.832658,19.075838,72.842658,Urban ,1.5299884479318047,Short
3626,25.459775,81.834841,25.589775,81.964841,Urban ,19.470884197808044,Long
3627,26.956431,75.776649,27.016431,75.836649,Urban ,8.93629742495783,Medium
3628,30.359722,78.067079,30.489722,78.197079,Metropolitian ,19.087358121416788,Long
3629,22.514585,88.39331,22.544585,88.42331,Metropolitian ,4.541151313453608,Short
3630,13.086438,80.220672,13.166438,80.300672,Other,12.41700384268753,Medium
3631,17.455894,78.375467,17.515894,78.435467,Other,9.219783818325867,Medium
3632,12.325461,76.632278,12.435461,76.742278,Metropolitian ,17.097925435354377,Long
3633,23.359194,85.325447,23.389194,85.355447,Urban ,4.528162065607325,Short
3634,26.88842,75.800689,26.90842,75.820689,Urban ,2.9797958851313022,Short
3635,23.359033,85.325347,23.389033,85.355347,Semi-Urban ,4.5281645804083706,Short
3636,12.972161,77.596014,13.022161,77.646014,Metropolitian ,7.762605890245343,Medium
3637,21.15276,72.778059,21.21276,72.838059,Metropolitian ,9.122016850833283,Medium
3638,13.029198,77.570997,13.069198,77.610997,Urban ,6.20944951682266,Medium
3639,17.428294,78.404423,17.478294,78.454423,Urban ,7.683808717426696,Medium
3640,11.003681,76.975525,11.023681,76.995525,Metropolitian ,3.1162384958439002,Short
3641,22.725835,75.887648,22.775835,75.937648,Metropolitian ,7.562980271914304,Medium
3642,12.934179,77.615797,13.014179,77.695797,Urban ,12.420728618905871,Medium
3643,22.514585,88.39331,22.584585,88.46331,Metropolitian ,10.595312677353679,Medium
3644,11.024839,77.007003,11.114839,77.097003,Metropolitian ,14.021756535050264,Medium
3645,25.45235,81.841889,25.46235,81.851889,Urban ,1.498137931848185,Short
3646,22.732225,75.874765,22.792225,75.934765,Urban ,9.075228438646683,Medium
3647,22.307898,73.167788,22.317898,73.177788,Metropolitian ,1.5148058859286486,Short
3648,21.170096,72.789122,21.260096,72.879122,Urban ,13.681631975373133,Medium
3649,21.186438,72.794115,21.266438,72.874115,Urban ,12.16101621891181,Medium
3650,11.022298,76.998349,11.152298,77.128349,Urban ,20.25305420828057,Long
3651,17.430448,78.418213,17.490448,78.478213,Metropolitian ,9.220397882984454,Medium
3652,21.149669,72.772629,21.179669,72.802629,Urban ,4.561267998363487,Short
3653,25.457116,81.859682,25.507116,81.909682,Metropolitian ,7.48999693244905,Medium
3654,18.994049,72.825203,19.024049,72.855203,Metropolitian ,4.590771505102444,Short
3655,12.323994,76.626167,12.383994,76.686167,Urban ,9.32660296123291,Medium
3656,18.536562,73.896485,18.546562,73.906485,Metropolitian ,1.5322647895219275,Short
3657,27.160934,78.044095,27.190934,78.074095,Urban ,4.4648087504102945,Short
3658,11.02091,76.940432,11.13091,77.050432,Urban ,17.137527593798623,Long
3659,22.753839,75.897429,22.863838,76.007429,Other,16.635223376952894,Long
3660,13.026286,80.275235,13.096286,80.345235,Metropolitian ,10.866277542559258,Medium
3661,30.335259,78.053162,30.445259,78.163162,Metropolitian ,16.153274468616157,Long
3662,11.026117,76.944652,11.086117,77.004652,Metropolitian ,9.348052751111045,Medium
3663,21.149834,72.778666,21.169834,72.798666,Metropolitian ,3.040891552952415,Short
3664,-15.5696,73.742294,15.6596,73.832294,Metropolitian ,3472.5426648058724,Very Long
3665,26.47775,80.351569,26.58775,80.461569,Urban ,16.412254068472386,Long
3666,30.335259,78.053162,30.395259,78.113162,Metropolitian ,8.811839531570051,Medium
3667,26.911927,75.797282,26.991927,75.877282,Urban ,11.916679298853872,Medium
3668,17.451976,78.385883,17.471976,78.405883,Metropolitian ,3.0734537599374083,Short
3669,22.533662,88.366217,22.643662,88.476217,Metropolitian ,16.64760382513973,Long
3670,30.328174,78.049117,30.378174,78.099117,Metropolitian ,7.343586910762344,Medium
3671,21.157735,72.768778,21.187735,72.798778,Urban ,4.5611523412091035,Short
3672,23.369746,85.33982,23.389746,85.35982,Metropolitian ,3.0187169050721665,Short
3673,19.876106,75.340775,19.956106,75.420775,Metropolitian ,12.209868226123518,Medium
3674,12.949934,77.699386,13.029934,77.779386,Metropolitian ,12.420345124241244,Medium
3675,12.972532,77.608179,13.012532,77.648179,Urban ,6.210141144622192,Medium
3676,15.496162,73.825364,15.556162,73.885364,Metropolitian ,9.264648568906269,Medium
3677,26.90519,75.810753,26.91519,75.820753,Metropolitian ,1.489829154062601,Short
3678,22.751234,75.88949,22.761234,75.89949,Urban ,1.512568616883653,Short
3679,23.355164,85.324097,23.375164,85.344097,Metropolitian ,3.018868742009604,Short
3680,12.299524,76.64262,12.329524,76.67262,Metropolitian ,4.663644606869416,Short
3681,21.173493,72.801953,21.283493,72.911953,Urban ,16.721288103917647,Long
3682,18.530963,73.828972,18.620963,73.918972,Metropolitian ,13.78906644048547,Medium
3683,13.091809,80.219104,13.161809,80.289104,Metropolitian ,10.86487049885657,Medium
3684,26.913987,75.752891,27.003987,75.842891,Metropolitian ,13.40589201844482,Medium
3685,26.482419,80.320939,26.562419,80.400939,Metropolitian ,11.936663195863416,Medium
3686,21.149569,72.772697,21.179569,72.802697,Urban ,4.561269432005657,Short
3687,18.569156,73.774723,18.639156,73.844723,Other,10.723989806656157,Medium
3688,26.956431,75.776649,27.086431,75.906649,Urban ,19.359307695551315,Long
3689,25.450317,81.831681,25.580317,81.961681,Urban ,19.47157294361749,Long
3690,12.311072,76.654878,12.421072,76.764878,Urban ,17.098385362043125,Long
3691,18.520016,73.830547,18.650016,73.960547,Metropolitian ,19.917038235830525,Long
3692,19.103249,72.846749,19.143249,72.886749,Metropolitian ,6.119039466470349,Medium
3693,22.744648,75.894377,22.774648,75.924377,Metropolitian ,4.537653689675302,Short
3694,18.520016,73.830547,18.610016,73.920547,Urban ,13.789485363023905,Medium
3695,9.979363,76.285001,9.989363,76.295001,Metropolitian ,1.5606712347477756,Short
3696,10.96185,76.971082,11.00185,77.011082,Urban ,6.232807160866213,Medium
3697,30.895204,75.822103,30.925204,75.852103,Metropolitian ,4.395374599206013,Short
3698,23.39925,85.390464,23.44925,85.440464,Urban ,7.545632353879244,Medium
3699,17.45971,78.368855,17.58971,78.498855,Metropolitian ,19.97416307478467,Long
3700,17.440827,78.393391,17.530827,78.483391,Other,13.829677632106632,Medium
3701,12.334022,76.618203,12.404022,76.688203,Metropolitian ,10.880731284671885,Medium
3702,12.933298,77.614293,12.953298,77.634293,Metropolitian ,3.1053698909093623,Short
3703,15.49395,73.827423,15.55395,73.887423,Urban ,9.264696403914938,Medium
3704,18.536562,73.896485,18.556562,73.916485,Urban ,3.064487105761538,Short
3705,30.362686,78.06889,30.442686,78.14889,Metropolitian ,11.747199184812027,Medium
3706,19.875337,75.316722,19.905337,75.346722,Metropolitian ,4.579050685145586,Short
3707,22.533662,88.366217,22.543662,88.376217,Metropolitian ,1.5136713101650987,Short
3708,12.939496,77.625999,12.949496,77.635999,Urban ,1.5526813140975844,Short
3709,23.333017,85.3172,23.443017,85.4272,Urban ,16.602467168326267,Long
3710,12.970221,77.645396,13.080221,77.755396,Semi-Urban ,17.07679057474322,Long
3711,21.186608,72.794136,21.206608,72.814136,Urban ,3.040539883060228,Short
3712,13.045479,80.23311,13.105479,80.29311,Urban ,9.31369151832629,Medium
3713,23.39925,85.390464,23.52925,85.520464,Urban ,19.61592696438906,Long
3714,13.045479,80.23311,13.125479,80.31311,Urban ,12.418009922382737,Medium
3715,23.369746,85.33982,23.449746,85.41982,Other,12.073616371381581,Medium
3716,22.651847,75.881991,22.761847,75.991991,Metropolitian ,16.641014927987452,Long
3717,22.761226,75.887522,22.811226,75.937522,Metropolitian ,7.562079321186873,Medium
3718,22.761226,75.887522,22.841226,75.967522,Metropolitian ,12.098714903153878,Medium
3719,12.934179,77.615797,12.964179,77.645797,Metropolitian ,4.658001279265716,Short
3720,22.728163,75.884212,22.778163,75.934212,Urban ,7.562921044749852,Medium
3721,22.538731,88.364878,22.588731,88.414878,Urban ,7.5677234223369325,Medium
3722,25.45235,81.841889,25.53235,81.921889,Metropolitian ,11.983536457749711,Medium
3723,18.994237,72.825553,19.054237,72.885553,Metropolitian ,9.181146899050779,Medium
3724,22.551084,88.354127,22.621084,88.424127,Metropolitian ,10.594021701600093,Medium
3725,22.553227,88.353273,22.663227,88.463273,Metropolitian ,16.646515101533584,Long
3726,27.161694,78.034714,27.301694,78.174714,Metropolitian ,20.831167014164624,Long
3727,23.351489,85.324253,23.381489,85.354253,Urban ,4.5282824003252955,Short
3728,27.157772,78.04725,27.217772,78.10725,Metropolitian ,8.929198704119871,Medium
3729,27.159795,78.04299,27.289795,78.17299,Metropolitian ,19.343756283259417,Long
3730,19.1813,72.836191,19.2213,72.876191,Metropolitian ,6.117673772819492,Medium
3731,12.970324,77.645748,13.010324,77.685748,Metropolitian ,6.210168035776879,Medium
3732,27.161694,78.034714,27.291694,78.164714,Metropolitian ,19.34361063214757,Long
3733,22.751857,75.866699,22.761857,75.876699,Urban ,1.5125654463649516,Short
3734,13.064181,80.236442,13.114181,80.286442,Metropolitian ,7.761199672759796,Medium
3735,10.994136,76.963303,11.034136,77.003303,Metropolitian ,6.232472211119566,Medium
3736,12.913041,77.683237,13.043041,77.813237,Urban ,20.18352972873287,Long
3737,15.556561,73.763633,15.576561,73.783633,Other,3.0879246817054824,Short
3738,23.359194,85.325447,23.409194,85.375447,Metropolitian ,7.546676276224407,Medium
3739,12.949934,77.699386,13.039934,77.789386,Metropolitian ,13.97275106350409,Medium
3740,13.045479,80.23311,13.135479,80.32311,Metropolitian ,13.970122998262735,Medium
3741,12.297954,76.665169,12.367954,76.735169,Urban ,10.881463659821659,Medium
3742,9.988483,76.295211,10.008483,76.315211,Urban ,3.1212757408532275,Short
3743,23.351489,85.324253,23.361489,85.334253,Urban ,1.509479521226578,Short
3744,21.186884,72.793616,21.246884,72.853616,Metropolitian ,9.121036990826411,Medium
3745,25.453436,81.833167,25.593436,81.973167,Metropolitian ,20.968748939951453,Long
3746,26.913483,75.803139,26.953483,75.843139,Metropolitian ,5.958771662511033,Medium
3747,22.761226,75.887522,22.851226,75.977522,Urban ,13.610824622426307,Medium
3748,19.120083,72.907385,19.140083,72.927385,Metropolitian ,3.0594600768348914,Short
3749,22.514688,88.393294,22.624688,88.503294,Urban ,16.648658888171504,Long
3750,23.355164,85.324097,23.465164,85.434097,Metropolitian ,16.601197594952083,Long
3751,17.424114,78.347554,17.464114,78.387554,Urban ,6.147194518583758,Medium
3752,22.527893,88.368628,22.597893,88.438628,Metropolitian ,10.594842179012113,Medium
3753,17.428294,78.404423,17.468294,78.444423,Urban ,6.14712736591018,Medium
3754,19.003517,72.82765,19.113517,72.93765,Metropolitian ,16.830461294557907,Long
3755,-22.526461,88.364453,22.596461,88.434453,Metropolitian ,5017.4457239041585,Very Long
3756,22.761226,75.887522,22.771226,75.897522,Metropolitian ,1.5125177574807769,Short
3757,12.299524,76.64262,12.379524,76.72262,Metropolitian ,12.435806041181142,Medium
3758,11.022169,76.999594,11.152169,77.129594,Urban ,20.253058591951973,Long
3759,12.906229,77.596791,12.976229,77.666791,Urban ,10.868838190114497,Medium
3760,12.310972,76.659264,12.370972,76.719264,Metropolitian ,9.326829542520041,Medium
3761,22.745536,75.893106,22.815536,75.963106,Urban ,10.587113705075794,Medium
3762,12.979096,77.640625,13.029096,77.690625,Urban ,7.762500242365809,Medium
3763,27.157772,78.04725,27.297772,78.18725,Urban ,20.831491003915616,Long
3764,21.186438,72.794115,21.256438,72.864115,Metropolitian ,10.641057010178105,Medium
3765,22.307898,73.167788,22.357898,73.217788,Urban ,7.5735286916855955,Medium
3766,22.727021,75.884167,22.757021,75.914167,Urban ,4.537922749288607,Short
3767,17.429585,78.392621,17.499585,78.462621,Metropolitian ,10.757014337994818,Medium
3768,27.160832,78.011608,27.200832,78.051608,Metropolitian ,5.952962854609519,Medium
3769,19.178321,72.834715,19.268321,72.924715,Urban ,13.763896210757894,Medium
3770,25.451646,81.832796,25.501646,81.882796,Metropolitian ,7.490149938263644,Medium
3771,30.89286,75.822199,30.95286,75.882199,Urban ,8.790255881984072,Medium
3772,25.451517,81.832616,25.471517,81.852616,Urban ,2.9962292605397924,Short
3773,9.979186,76.317361,10.109186,76.447361,Urban ,20.286882109879233,Long
3774,26.911927,75.797282,26.961927,75.847282,Metropolitian ,7.448363764234143,Medium
3775,11.022169,76.999594,11.042169,77.019594,Urban ,3.1161423837879867,Short
3776,19.254567,72.848923,19.334567,72.928923,Urban ,12.232070021478455,Medium
3777,-19.876994,75.372353,19.926994,75.422353,Metropolitian ,4426.004876187799,Very Long
3778,22.307898,73.167788,22.387898,73.247788,Metropolitian ,12.117044368866042,Medium
3779,17.428294,78.404423,17.478294,78.454423,Metropolitian ,7.683808717426696,Medium
3780,18.51421,73.838429,18.54421,73.868429,Urban ,4.596951629499317,Short
3781,12.337978,76.616792,12.357978,76.636792,Urban ,3.108902629159079,Short
3782,12.986047,80.218114,13.066047,80.298114,Metropolitian ,12.419464414086296,Medium
3783,13.026286,80.275235,13.156286,80.405235,Metropolitian ,20.17903304544265,Long
3784,19.055831,72.833984,19.065831,72.843984,Urban ,1.5300320235204852,Short
3785,23.39925,85.390464,23.48925,85.480464,Urban ,13.581198240268998,Medium
3786,22.753659,75.903365,22.833659,75.983365,Metropolitian ,12.099023452116999,Medium
3787,17.410371,78.437225,17.450371,78.477225,Other,6.147415198874891,Medium
3788,23.359033,85.325347,23.419033,85.385347,Urban ,9.055860194305815,Medium
3789,26.921411,75.793604,26.961411,75.833604,Urban ,5.958586130824136,Medium
3790,18.554382,73.798206,18.644382,73.888206,Urban ,13.788169484006964,Medium
3791,15.5696,73.742294,15.5896,73.762294,Metropolitian ,3.087830419112998,Short
3792,22.547186,88.35068,22.627185,88.43068,Other,12.107326941361091,Medium
3793,13.086438,80.220672,13.136439,80.270672,Urban ,7.760937776419154,Medium
3794,12.310972,76.659264,12.330972,76.679264,Urban ,3.109059104393339,Short
3795,22.569358,88.433452,22.649358,88.513452,Metropolitian ,12.106511319929293,Medium
3796,19.176269,72.836721,19.236269,72.896721,Other,9.176379825814594,Medium
3797,13.026286,80.275235,13.066286,80.315235,Metropolitian ,6.209485128886022,Medium
3798,19.876428,75.364792,19.966428,75.454792,Other,13.735884617705464,Medium
3799,12.310972,76.659264,12.390972,76.739264,Urban ,12.435540495461826,Medium
3800,13.005801,80.250744,13.075801,80.320744,Urban ,10.866716057986824,Medium
3801,9.960846,76.293936,10.010846,76.343936,Urban ,7.803338533819981,Medium
3802,27.157772,78.04725,27.287772,78.17725,Urban ,19.343911436232514,Long
3803,21.173343,72.792731,21.203343,72.822731,Other,4.560928430651236,Short
3804,18.56245,73.916619,18.64245,73.996619,Urban ,12.256046315965719,Medium
3805,22.760072,75.892574,22.840072,75.972574,Other,12.098761963862684,Medium
3806,22.75004,75.902847,22.79004,75.942847,Urban ,6.049993267691926,Medium
3807,17.426228,78.407495,17.486228,78.467495,Metropolitian ,9.220499640906151,Medium
3808,11.006686,76.951736,11.036686,76.981736,Metropolitian ,4.674295333360993,Short
3809,26.463504,80.372929,26.603504,80.512929,Metropolitian ,20.88826061875364,Long
3810,12.311072,76.654878,12.441072,76.784878,Metropolitian ,20.20680429578236,Long
3811,9.979186,76.317361,10.009186,76.347361,Metropolitian ,4.681944066734308,Short
3812,26.766536,75.837333,26.806536,75.877333,Urban ,5.962202685728364,Medium
3813,23.374989,85.335486,23.384989,85.345486,Urban ,1.509357191576567,Short
3814,23.353783,85.326967,23.443783,85.416967,Other,13.583332471810742,Medium
3815,26.483042,80.317833,26.623042,80.457833,Metropolitian ,20.88667896873856,Long
3816,-25.449659,81.839744,25.579659,81.969744,Metropolitian ,5674.218451041705,Very Long
3817,11.003681,76.975525,11.113681,77.085525,Metropolitian ,17.13802213292784,Long
3818,22.538731,88.364878,22.618731,88.444878,Metropolitian ,12.107750592114119,Medium
3819,26.905287,75.794592,26.985287,75.874592,Urban ,11.916990180555231,Medium
3820,23.264015,77.408236,23.304015,77.448236,Urban ,6.0394244229246015,Medium
3821,21.160437,72.774209,21.270437,72.884209,Urban ,16.721976048741656,Long
3822,22.753839,75.897429,22.783839,75.927429,Metropolitian ,4.537513326842027,Short
3823,22.727021,75.884167,22.767021,75.924167,Metropolitian ,6.0504618880756365,Medium
3824,12.323978,76.627961,12.373978,76.677961,Urban ,7.772241951547877,Medium
3825,22.311844,73.165081,22.441844,73.295081,Urban ,19.68830862050937,Long
3826,21.157735,72.768778,21.167735,72.778778,Metropolitian ,1.5204319193289748,Short
3827,23.333017,85.3172,23.353017,85.3372,Metropolitian ,3.0190991967407927,Short
3828,12.939496,77.625999,13.019496,77.705999,Metropolitian ,12.420599246806894,Medium
3829,18.530963,73.828972,18.600963,73.898972,Metropolitian ,10.725127399399016,Medium
3830,13.064181,80.236442,13.154181,80.326442,Urban ,13.969606427684226,Medium
3831,23.359033,85.325347,23.489033,85.455347,Metropolitian ,19.618656013660114,Long
3832,15.574828,73.766883,15.644828,73.836883,Metropolitian ,10.806640241071362,Medium
3833,12.284747,76.625861,12.294747,76.635861,Metropolitian ,1.5546198107730695,Short
3834,18.636215,73.751081,18.766215,73.881081,Urban ,19.910592397095474,Long
3835,13.066762,80.251865,13.176762,80.361865,Metropolitian ,17.073537690613623,Long
3836,27.158822,78.045359,27.288822,78.175359,Metropolitian ,19.34383090814025,Long
3837,23.353783,85.326967,23.413783,85.386967,Urban ,9.056024276265703,Medium
3838,25.454697,81.834492,25.544697,81.924492,Metropolitian ,13.481108157687123,Medium
3839,30.893081,75.821495,30.953081,75.881495,Metropolitian ,8.790247271592659,Medium
3840,22.745049,75.892471,22.755049,75.902471,Urban ,1.5126000890229543,Short
3841,11.008638,76.984311,11.058638,77.034311,Metropolitian ,7.790336733567776,Medium
3842,11.02091,76.940432,11.05091,76.970432,Urban ,4.674184358398579,Short
3843,18.53408,73.89852,18.54408,73.90852,Metropolitian ,1.532275327486691,Short
3844,22.725835,75.887648,22.805835,75.967648,Metropolitian ,12.100157238169174,Medium
3845,12.972161,77.596014,13.052161,77.676014,Metropolitian ,12.419803337139792,Medium
3846,19.221315,72.862381,19.271315,72.912381,Other,7.646104748321333,Medium
3847,12.316967,76.603067,12.326967,76.613067,Metropolitian ,1.5545266759914365,Short
3848,21.185047,72.80859,21.265047,72.88859,Urban ,12.161069532201594,Medium
3849,23.369746,85.33982,23.419746,85.38982,Other,7.546401421474732,Medium
3850,25.459775,81.834841,25.519775,81.894841,Metropolitian ,8.987739076343049,Medium
3851,11.000762,76.981876,11.040762,77.021876,Urban ,6.232403352170581,Medium
3852,12.321214,76.621094,12.451214,76.751094,Metropolitian ,20.206420943723945,Long
3853,26.849596,75.800512,26.869596,75.820512,Urban ,2.980249384918674,Short
3854,21.149834,72.778666,21.199834,72.828666,Urban ,7.60187028254755,Medium
3855,21.157729,72.768726,21.217729,72.828726,Urban ,9.121874253617262,Medium
3856,15.516833,73.768172,15.586833,73.838172,Metropolitian ,10.808108342406852,Medium
3857,18.994237,72.825553,19.084237,72.915553,Metropolitian ,13.771132894838225,Medium
3858,23.371292,85.327872,23.391292,85.347872,Metropolitian ,3.0187008024389756,Short
3859,18.636215,73.751081,18.696215,73.811081,Urban ,9.190403105302817,Medium
3860,15.157944,73.950889,15.187944,73.980889,Metropolitian ,4.636103104061094,Short
3861,23.234631,77.401663,23.344631,77.511663,Metropolitian ,16.60809480410271,Long
3862,26.910262,75.783013,26.980262,75.853013,Metropolitian ,10.427367606158207,Medium
3863,23.230791,77.43702,23.270791,77.47702,Metropolitian ,6.040113680144417,Medium
3864,18.593481,73.785901,18.633481,73.825901,Metropolitian ,6.127835452843913,Medium
3865,18.55144,73.804855,18.63144,73.884855,Metropolitian ,12.25642131854294,Medium
3866,18.55144,73.804855,18.63144,73.884855,Urban ,12.25642131854294,Medium
3867,22.651847,75.881991,22.661847,75.891991,Urban ,1.5130734557289574,Short
3868,26.956431,75.776649,26.996431,75.816649,Metropolitian ,5.957766072701184,Medium
3869,19.065838,72.832658,19.085838,72.852658,Urban ,3.0599333272413856,Short
3870,22.32,73.17,22.35,73.2,Urban ,4.5440857063035835,Short
3871,18.533811,73.899315,18.553811,73.919315,Urban ,3.0645104714745766,Short
3872,12.325461,76.632278,12.415461,76.722278,Metropolitian ,13.989473698865314,Medium
3873,9.970717,76.285447,10.100717,76.415447,Metropolitian ,20.287143464812914,Long
3874,30.914057,75.83982,30.934057,75.85982,Urban ,2.930069866451488,Short
3875,19.875522,75.367127,19.945522,75.437127,Metropolitian ,10.683811825489315,Medium
3876,26.913726,75.75282,26.923726,75.762821,Metropolitian ,1.4898452333107741,Short
3877,13.026286,80.275235,13.046286,80.295235,Urban ,3.10480371051839,Short
3878,19.1813,72.836191,19.2613,72.916191,Metropolitian ,12.23464551715604,Medium
3879,22.745536,75.893106,22.805536,75.953106,Metropolitian ,9.074821802568325,Medium
3880,23.374989,85.335486,23.484989,85.445486,Urban ,16.60006026589117,Long
3881,22.533662,88.366217,22.603662,88.436217,Metropolitian ,10.59463814448895,Medium
3882,11.022169,76.999594,11.042169,77.019594,Other,3.1161423837879867,Short
3883,18.53408,73.89852,18.54408,73.90852,Urban ,1.532275327486691,Short
3884,13.026286,80.275235,13.036286,80.285235,Metropolitian ,1.5524171298907212,Short
3885,25.45235,81.841889,25.47235,81.861889,Metropolitian ,2.9962199455461738,Short
3886,12.970324,77.645748,13.000324,77.675748,Metropolitian ,4.657671710225091,Short
3887,26.90519,75.810753,26.92519,75.830753,Urban ,2.979599835600388,Short
3888,22.744648,75.894377,22.774648,75.924377,Urban ,4.537653689675302,Short
3889,12.978453,77.643685,13.068453,77.733685,Metropolitian ,13.971968544834713,Medium
3890,22.515082,88.36783,22.535082,88.38783,Urban ,3.027479659697228,Short
3891,18.563934,73.915367,18.673935,74.025367,Other,16.851371030914677,Long
3892,12.970221,77.645396,13.000221,77.675396,Metropolitian ,4.657672650623743,Short
3893,30.902872,75.826808,30.992872,75.916808,Metropolitian ,13.183920915999495,Medium
3894,12.337928,76.617889,12.387928,76.667889,Urban ,7.772039544673123,Medium
3895,19.178321,72.834715,19.188321,72.844715,Urban ,1.5294972211336797,Short
3896,21.175104,72.804342,21.225104,72.854342,Urban ,7.6012659082245335,Medium
3897,10.035573,76.336958,10.125573,76.426958,Metropolitian ,14.04398631631329,Medium
3898,17.431668,78.408321,17.501668,78.478321,Urban ,10.756955716295018,Medium
3899,22.695207,75.866059,22.825207,75.996059,Metropolitian ,19.663125922534313,Long
3900,30.372202,78.077151,30.452202,78.157151,Metropolitian ,11.746710796658686,Medium
3901,23.235123,77.398886,23.365123,77.528886,Metropolitian ,19.62703934775151,Long
3902,19.876994,75.372353,19.986994,75.482353,Metropolitian ,16.78777625072735,Long
3903,17.41233,78.449654,17.52233,78.559654,Metropolitian ,16.903757254525896,Long
3904,21.186884,72.793616,21.226884,72.833616,Metropolitian ,6.08088296759392,Medium
3905,12.906229,77.596791,12.936229,77.626791,Urban ,4.658255524232583,Short
3906,18.546258,73.904337,18.556258,73.914337,Urban ,1.5322236104024627,Short
3907,11.02091,76.940432,11.11091,77.030432,Urban ,14.021848812228113,Medium
3908,13.049645,80.242268,13.159645,80.352268,Urban ,17.07411611001929,Long
3909,15.585658,73.743606,15.695658,73.853606,Metropolitian ,16.980632584393415,Long
3910,12.933298,77.614293,12.973298,77.654293,Other,6.210618323093113,Medium
3911,25.453436,81.833167,25.543436,81.923167,Metropolitian ,13.481171688172807,Medium
3912,27.16185,78.040165,27.25185,78.130165,Metropolitian ,13.392785187380445,Medium
3913,19.091458,72.827808,19.121458,72.857808,Urban ,4.589499486380557,Short
3914,22.514585,88.39331,22.574585,88.45331,Metropolitian ,9.081848162011076,Medium
3915,21.183434,72.814492,21.233434,72.864492,Other,7.601066543768449,Medium
3916,17.483216,78.552111,17.493216,78.562111,Urban ,1.5366213355986191,Short
3917,25.453436,81.833167,25.483436,81.863167,Urban ,4.494227798361721,Short
3918,22.727021,75.884167,22.797021,75.954167,Metropolitian ,10.587773645835737,Medium
3919,23.230791,77.43702,23.280791,77.48702,Metropolitian ,7.5500124384890075,Medium
3920,23.353783,85.326967,23.403783,85.376967,Urban ,7.546817179242882,Medium
3921,23.351058,85.325731,23.391058,85.365731,Urban ,6.0376146870844325,Medium
3922,11.022169,76.999594,11.072169,77.049594,Metropolitian ,7.790160607220327,Medium
3923,11.001753,76.986241,11.011753,76.996241,Metropolitian ,1.5581372391744734,Short
3924,26.921411,75.793604,27.031411,75.903604,Metropolitian ,16.383856071848488,Long
3925,21.160437,72.774209,21.290437,72.904209,Other,19.761711761320647,Long
3926,18.546258,73.904337,18.636258,73.994337,Urban ,13.78848075238681,Medium
3927,26.892312,75.806896,26.932312,75.846896,Metropolitian ,5.95926689591955,Medium
3928,19.055831,72.833984,19.105831,72.883984,Metropolitian ,7.649724402449725,Medium
3929,18.569156,73.774723,18.589156,73.794723,Urban ,3.0642100281010207,Short
3930,19.091458,72.827808,19.131458,72.867808,Urban ,6.1192453430297755,Medium
3931,23.374989,85.335486,23.384989,85.345486,Metropolitian ,1.509357191576567,Short
3932,26.914142,75.805704,26.954142,75.845704,Urban ,5.958756242189132,Medium
3933,23.232357,77.429989,23.342357,77.539989,Metropolitian ,16.608224637742598,Long
3934,18.55144,73.804855,18.58144,73.834855,Urban ,4.596477246825863,Short
3935,21.160522,72.771477,21.290522,72.901477,Metropolitian ,19.7617064674139,Long
3936,22.515082,88.36783,22.555082,88.40783,Urban ,6.054757424280501,Medium
3937,12.972532,77.608179,13.032532,77.668179,Metropolitian ,9.315028811003378,Medium
3938,12.352058,76.60665,12.392058,76.64665,Semi-Urban ,6.217525604923989,Medium
3939,30.892978,75.821847,31.022978,75.951847,Urban ,19.042585515695496,Long
3940,22.753839,75.897429,22.883838,76.027429,Metropolitian ,19.65916037097808,Long
3941,13.058616,80.264151,13.188616,80.394151,Other,20.177742451193726,Long
3942,19.1813,72.836191,19.2913,72.946191,Urban ,16.821912713961073,Long
3943,27.160934,78.044095,27.250934,78.134095,Urban ,13.392833798998245,Medium
3944,9.985497,76.276999,10.065497,76.356999,Urban ,12.48459080997576,Medium
3945,12.299524,76.64262,12.409524,76.75262,Urban ,17.098754108174983,Long
3946,23.351489,85.324253,23.401489,85.374253,Urban ,7.546876906900319,Medium
3947,26.47775,80.351569,26.52775,80.401569,Metropolitian ,7.460982953255124,Medium
3948,19.22384,72.841347,19.31384,72.931347,Urban ,13.762097103298219,Medium
3949,23.264015,77.408236,23.374015,77.518236,Metropolitian ,16.606416161295382,Long
3950,21.173493,72.801953,21.223493,72.851953,Metropolitian ,7.601304456856132,Medium
3951,23.214459,77.434976,23.234459,77.454976,Metropolitian ,3.020329717623773,Short
3952,10.000706,76.349516,10.010706,76.359516,Metropolitian ,1.5606207903224962,Short
3953,12.337978,76.616792,12.447978,76.726792,Urban ,17.097524927197277,Long
3954,30.361281,78.068022,30.401281,78.108022,Metropolitian ,5.874149021568547,Medium
3955,12.939496,77.625999,13.069496,77.755999,Urban ,20.182482607604825,Long
3956,12.939496,77.625999,13.029496,77.715999,Metropolitian ,13.97303705667121,Medium
3957,12.970324,77.645748,13.020324,77.695748,Metropolitian ,7.762633866101948,Medium
3958,23.184992,77.417227,23.274992,77.507227,Metropolitian ,13.591224800423413,Medium
3959,23.374878,85.335739,23.504878,85.465739,Metropolitian ,19.61758127554797,Long
3960,17.431477,78.40035,17.471477,78.44035,Urban ,6.147076220357757,Medium
3961,12.975996,80.221898,13.015996,80.261898,Metropolitian ,6.210098947886211,Medium
3962,11.003008,76.97544,11.043008,77.01544,Urban ,6.232380002107321,Medium
3963,11.02091,76.940432,11.04091,76.960432,Metropolitian ,3.116148933802485,Short
3964,22.552672,88.352885,22.592672,88.392885,Metropolitian ,6.053998077148439,Medium
3965,-12.352058,-76.60665,12.372058,76.62665,Metropolitian ,17109.0102698665,Very Long
3966,19.874103,75.368419,19.894103,75.388419,Metropolitian ,3.052756857307437,Short
3967,22.538731,88.364878,22.668731,88.494878,Urban ,19.673449050938544,Long
3968,22.311844,73.165081,22.391844,73.245081,Other,12.116886186591207,Medium
3969,-25.450317,81.831681,25.510317,81.891681,Urban ,5666.567624546699,Very Long
3970,10.006881,76.345397,10.086881,76.425397,Metropolitian ,12.484184857474988,Medium
3971,30.905562,75.832841,30.975562,75.902841,Semi-Urban ,10.25449356195068,Medium
3972,22.753839,75.897429,22.773839,75.917429,Metropolitian ,3.0250598092769923,Short
3973,12.284747,76.625861,12.414747,76.755861,Semi-Urban ,20.20779793335838,Long
3974,12.299524,76.64262,12.319524,76.66262,Urban ,3.109125335839928,Short
3975,17.410371,78.437225,17.470371,78.497225,Metropolitian ,9.220881802737226,Medium
3976,19.221315,72.862381,19.231315,72.872381,Metropolitian ,1.5293087736828395,Short
3977,19.254567,72.848923,19.334567,72.928923,Metropolitian ,12.232070021478455,Medium
3978,22.744648,75.894377,22.854648,76.004377,Metropolitian ,16.635820545591837,Long
3979,22.551084,88.354127,22.681084,88.484127,Metropolitian ,19.672636313576874,Long
3980,26.482581,80.315628,26.612581,80.445628,Metropolitian ,19.395184495163477,Long
3981,30.895204,75.822103,30.915204,75.842103,Metropolitian ,2.9303146633917123,Short
3982,11.022298,76.998349,11.062298,77.038349,Metropolitian ,6.232179267965744,Medium
3983,19.875522,75.367127,20.005522,75.497127,Metropolitian ,19.839595859560124,Long
3984,17.422819,78.449578,17.442819,78.469578,Metropolitian ,3.0736879816308624,Short
3985,25.449659,81.839744,25.559659,81.949744,Urban ,16.476603694343236,Long
3986,22.527893,88.368628,22.537893,88.378628,Metropolitian ,1.513700424630498,Short
3987,25.459775,81.834841,25.499775,81.874841,Metropolitian ,5.992049991557103,Medium
3988,12.311072,76.654878,12.371072,76.714878,Other,9.326827803406037,Medium
3989,23.354422,85.3329,23.414422,85.3929,Metropolitian ,9.056004306816801,Medium
3990,26.90519,75.810753,27.03519,75.940753,Urban ,19.363211606720807,Long
3991,26.891191,75.802083,27.001191,75.912083,Urban ,16.385802266862363,Long
3992,18.994237,72.825553,19.074237,72.905553,Metropolitian ,12.241181140730985,Medium
3993,19.1093,72.825451,19.1993,72.915451,Urban ,13.7666169082024,Medium
3994,26.913483,75.803139,27.053483,75.943139,Metropolitian ,20.851598740135532,Long
3995,26.849596,75.800512,26.899596,75.850512,Metropolitian ,7.4501854082461625,Medium
3996,12.323194,76.630583,12.383194,76.690583,Metropolitian ,9.32661688775577,Medium
3997,23.359033,85.325347,23.379033,85.345347,Urban ,3.018828463384802,Short
3998,13.066762,80.251865,13.196762,80.381865,Urban ,20.17741678822209,Long
3999,30.342509,78.061187,30.482509,78.201187,Metropolitian ,20.556712953900423,Long
4000,26.483672,80.320708,26.573672,80.410708,Urban ,13.428420606792411,Medium
4001,27.158822,78.045359,27.268822,78.155359,Metropolitian ,16.36850666448607,Long
4002,15.49395,73.827423,15.60395,73.937423,Metropolitian ,16.98428375279725,Long
4003,19.131141,72.813074,19.14114,72.823074,Urban ,1.5296227548410362,Short
4004,19.22384,72.841347,19.35384,72.971347,Metropolitian ,19.87743959766268,Long
4005,10.994136,76.963303,11.044136,77.013303,Urban ,7.790525266841116,Medium
4006,26.473698,80.352677,26.543698,80.422677,Metropolitian ,10.445135379078707,Medium
4007,22.760072,75.892574,22.810072,75.942574,Metropolitian ,7.562108717550336,Medium
4008,22.538999,88.322337,22.608999,88.392336,Metropolitian ,10.594379693652762,Medium
4009,22.526461,88.364453,22.546461,88.384453,Metropolitian ,3.0273648286284986,Short
4010,25.450329,81.834279,25.520329,81.904279,Metropolitian ,10.485869597395501,Medium
4011,18.593481,73.785901,18.623481,73.815901,Urban ,4.595940524023034,Short
4012,11.003669,76.976494,11.033669,77.006494,Metropolitian ,4.674318854029878,Short
4013,22.311603,73.165012,22.421603,73.275012,Metropolitian ,16.659903789496603,Long
4014,21.157735,72.768778,21.287735,72.898778,Metropolitian ,19.76188003558642,Long
4015,12.98041,77.640489,13.05041,77.710489,Metropolitian ,10.867258681531938,Medium
4016,17.426228,78.407495,17.556228,78.537495,Metropolitian ,19.97591692313584,Long
4017,23.39925,85.390464,23.46925,85.460464,Urban ,10.563519849475368,Medium
4018,17.431668,78.408321,17.451668,78.428321,Metropolitian ,3.0736169345595563,Short
4019,17.431477,78.40035,17.561477,78.53035,Metropolitian ,19.975642174490165,Long
4020,30.895817,75.813112,30.935817,75.853112,Metropolitian ,5.8603536553143,Medium
4021,13.081878,80.248519,13.131878,80.298519,Metropolitian ,7.760928146684985,Medium
4022,11.003681,76.975525,11.013681,76.985525,Urban ,1.558132234403597,Short
4023,18.543626,73.905101,18.673626,74.035101,Metropolitian ,19.915731481294415,Long
4024,22.31279,73.170283,22.44279,73.300283,Metropolitian ,19.68824693188188,Long
4025,21.160437,72.774209,21.250437,72.864209,Urban ,13.682048188062451,Medium
4026,22.761593,75.886362,22.791593,75.916362,Urban ,4.537394871786458,Short
4027,12.978453,77.643685,13.108453,77.773685,Metropolitian ,20.180936931739446,Long
4028,21.149834,72.778666,21.239834,72.868666,Urban ,13.68250488691743,Medium
4029,21.17106,72.789292,21.20106,72.819292,Metropolitian ,4.560961191343126,Short
4030,27.16185,78.040165,27.20185,78.080165,Metropolitian ,5.9529388610567615,Medium
4031,23.359407,85.325055,23.389407,85.355055,Urban ,4.528158738548553,Short
4032,12.337978,76.616792,12.417978,76.696792,Metropolitian ,12.434913132379515,Medium
4033,30.359722,78.067079,30.439722,78.147079,Metropolitian ,11.747351283055835,Medium
4034,-26.49095,80.318656,26.53095,80.358656,Metropolitian ,5895.767837300708,Very Long
4035,26.913726,75.75282,27.023726,75.86282,Urban ,16.38435115645366,Long
4036,12.949934,77.699386,13.029934,77.779386,Urban ,12.420345124241244,Medium
4037,19.876428,75.364792,19.896428,75.384792,Urban ,3.052735829416948,Short
4038,26.905287,75.794592,26.945287,75.834592,Urban ,5.958963420480979,Medium
4039,12.906229,77.596791,13.016229,77.706791,Metropolitian ,17.078934089495423,Long
4040,22.514688,88.393294,22.624688,88.503294,Metropolitian ,16.648658888171504,Long
4041,27.158822,78.045359,27.228822,78.115359,Urban ,10.41714872780641,Medium
4042,26.913987,75.752891,26.953987,75.792891,Metropolitian ,5.958759869150673,Medium
4043,12.949934,77.699386,13.019934,77.769386,Urban ,10.867908640310205,Medium
4044,17.431668,78.408321,17.461668,78.438321,Metropolitian ,4.610365144356333,Short
4045,23.359033,85.325347,23.369033,85.335347,Metropolitian ,1.5094402621801488,Short
4046,26.892312,75.806896,26.902313,75.816896,Other,1.4899874085572802,Short
4047,13.054347,80.257221,13.094347,80.297221,Metropolitian ,6.2091416432126145,Medium
4048,12.323225,76.630028,12.413225,76.720028,Metropolitian ,13.98953215730711,Medium
4049,23.353783,85.326967,23.373783,85.346967,Urban ,3.0188831176824724,Short
4050,17.411028,78.329645,17.441028,78.359645,Urban ,4.6106137050519,Short
4051,11.024839,77.007003,11.054839,77.037003,Metropolitian ,4.674153680097568,Short
4052,26.905287,75.794592,26.945287,75.834592,Metropolitian ,5.958963420480979,Medium
4053,23.359407,85.325055,23.489407,85.455055,Metropolitian ,19.618630653002565,Long
4054,18.536718,73.830327,18.666719,73.960327,Metropolitian ,19.916194656539723,Long
4055,22.725748,75.898497,22.775748,75.948497,Urban ,7.562982485199944,Medium
4056,22.569358,88.433452,22.579358,88.443452,Urban ,1.5134910203794971,Short
4057,30.359722,78.067079,30.429722,78.137079,Metropolitian ,10.279157046350859,Medium
4058,19.176269,72.836721,19.186269,72.846721,Metropolitian ,1.5295062057769913,Short
4059,13.029198,77.570997,13.079198,77.620997,Urban ,7.7617353876913695,Medium
4060,18.53408,73.89852,18.64408,74.00852,Urban ,16.85268897082353,Long
4061,19.876219,75.346017,19.966219,75.436017,Metropolitian ,13.735893137599676,Medium
4062,12.934179,77.615797,12.974179,77.655797,Metropolitian ,6.210607623189759,Medium
4063,12.352058,76.60665,12.382058,76.63665,Metropolitian ,4.663187802147038,Short
4064,18.927584,72.832585,19.037584,72.942585,Metropolitian ,16.834090663220277,Long
4065,19.254567,72.848923,19.384567,72.978923,Urban ,19.87568060491079,Long
4066,21.157735,72.768778,21.227735,72.838778,Metropolitian ,10.642018863256776,Medium
4067,22.753659,75.903365,22.803659,75.953365,Metropolitian ,7.562272055566006,Medium
4068,26.891191,75.802083,26.901191,75.812083,Metropolitian ,1.4899109729393811,Short
4069,9.979186,76.317361,9.999186,76.337361,Metropolitian ,3.1213196828456646,Short
4070,19.207222,72.972281,19.237222,73.002281,Urban ,4.587980157997274,Short
4071,21.149569,72.772697,21.219569,72.842697,Urban ,10.642292301678225,Medium
4072,12.284747,76.625861,12.374747,76.715861,Urban ,13.990536544119859,Medium
4073,26.914142,75.805704,26.984142,75.875704,Urban ,10.427208660422876,Medium
4074,23.234249,77.434007,23.344249,77.544007,Metropolitian ,16.608116615080007,Long
4075,15.49395,73.827423,15.50395,73.837423,Metropolitian ,1.5442061415009132,Short
4076,26.471529,80.313458,26.501529,80.343458,Metropolitian ,4.47687082314696,Short
4077,26.90519,75.810753,27.01519,75.920753,Metropolitian ,16.3849009334588,Long
4078,9.970717,76.285447,10.000717,76.315447,Metropolitian ,4.682004086722838,Short
4079,15.56155,73.749092,15.59155,73.779092,Metropolitian ,4.631778694091748,Short
4080,21.160437,72.774209,21.230437,72.844209,Metropolitian ,10.641928366460249,Medium
4081,21.160437,72.774209,21.210437,72.824209,Metropolitian ,7.601616771071131,Medium
4082,21.17106,72.789292,21.21106,72.829292,Urban ,6.081185877714354,Medium
4083,11.001852,76.976268,11.041852,77.016268,Metropolitian ,6.232392020791474,Medium
4084,-30.319528,78.040267,30.429528,78.150267,Metropolitian ,6754.9968421421845,Very Long
4085,22.753659,75.903365,22.883659,76.033365,Urban ,19.659254035109655,Long
4086,17.422819,78.449578,17.462819,78.489578,Metropolitian ,6.147215320061263,Medium
4087,19.091458,72.827808,19.141458,72.877808,Metropolitian ,7.64894750775558,Medium
4088,12.326356,76.619103,12.346356,76.639103,Metropolitian ,3.1089700084220624,Short
4089,26.891191,75.802083,26.951191,75.862083,Metropolitian ,8.938588654178862,Medium
4090,13.081878,80.248519,13.191878,80.358519,Other,17.073026289642574,Long
4091,10.027364,76.308258,10.067364,76.348258,Metropolitian ,6.2420880497878395,Medium
4092,18.55144,73.804855,18.66144,73.914855,Urban ,16.851875921652915,Long
4093,17.431668,78.408321,17.521668,78.498321,Urban ,13.830009311431366,Medium
4094,12.321214,76.621094,12.331214,76.631094,Metropolitian ,1.554514382187431,Short
4095,25.451517,81.832616,25.501517,81.882616,Metropolitian ,7.490153546303769,Medium
4096,30.914057,75.83982,30.924057,75.84982,Metropolitian ,1.4650674052308583,Short
4097,13.058616,80.264151,13.108616,80.314151,Urban ,7.761284984440791,Medium
4098,27.160934,78.044095,27.190934,78.074095,Metropolitian ,4.4648087504102945,Short
4099,18.569156,73.774723,18.579156,73.784723,Metropolitian ,1.532126284558822,Short
4100,12.316967,76.603067,12.386967,76.673067,Metropolitian ,10.881077849232787,Medium
4101,12.337978,76.616792,12.467978,76.746792,Other,20.205786629218224,Long
4102,26.913987,75.752891,27.023987,75.862891,Metropolitian ,16.384334344091382,Long
4103,9.979363,76.285001,10.019363,76.325001,Metropolitian ,6.242543106402403,Medium
4104,21.186884,72.793616,21.206884,72.813616,Urban ,3.040537241644738,Short
4105,11.022298,76.998349,11.032298,77.008349,Urban ,1.558083864052165,Short
4106,11.026117,76.944652,11.136117,77.054652,Metropolitian ,17.13737798601565,Long
4107,11.026117,76.944652,11.076117,76.994652,Metropolitian ,7.790109178658928,Medium
4108,17.433809,78.386744,17.463809,78.416744,Metropolitian ,4.610339345524889,Short
4109,21.185047,72.80859,21.215047,72.83859,Urban ,4.560760431453068,Short
4110,23.374878,85.335739,23.404878,85.365739,Urban ,4.527917012951369,Short
4111,13.005801,80.250744,13.085801,80.330744,Urban ,12.41898167230392,Medium
4112,12.972532,77.608179,13.032532,77.668179,Urban ,9.315028811003378,Medium
4113,15.585658,73.743606,15.675658,73.833606,Metropolitian ,13.893571826472009,Medium
4114,26.474133,80.3481,26.494133,80.3681,Metropolitian ,2.98460822562342,Short
4115,18.56245,73.916619,18.58245,73.936619,Urban ,3.0642670710680338,Short
4116,11.024839,77.007003,11.114839,77.097003,Urban ,14.021756535050264,Medium
4117,23.39925,85.390464,23.44925,85.440464,Metropolitian ,7.545632353879244,Medium
4118,21.186608,72.794136,21.316608,72.924136,Metropolitian ,19.76008092047381,Long
4119,26.913483,75.803139,26.963483,75.853139,Urban ,7.448318246839861,Medium
4120,27.201725,78.007553,27.261725,78.067553,Metropolitian ,8.92764351264051,Medium
4121,18.546947,73.900626,18.636947,73.990626,Metropolitian ,13.788454358366558,Medium
4122,26.913726,75.75282,26.943726,75.78282,Metropolitian ,4.469162258883854,Short
4123,18.546947,73.900626,18.596947,73.950626,Urban ,7.660678233235358,Medium
4124,22.514119,88.362504,22.534119,88.382504,Metropolitian ,3.0274893755135532,Short
4125,19.1093,72.825451,19.2193,72.935451,Metropolitian ,16.82538340490043,Long
4126,11.021278,76.995017,11.071278,77.045017,Urban ,7.790172211356753,Medium
4127,13.027018,80.254791,13.047018,80.274791,Metropolitian ,3.104799238186696,Short
4128,15.56155,73.749092,15.60155,73.789092,Urban ,6.175632572234411,Medium
4129,13.044694,80.26147,13.064694,80.28147,Other,3.1046911695396355,Short
4130,26.472001,80.354002,26.602001,80.484002,Metropolitian ,19.39597977202596,Long
4131,26.766536,75.837333,26.906536,75.977333,Metropolitian ,20.863625061565816,Long
4132,25.457687,81.835585,25.487687,81.865585,Metropolitian ,4.494156473630103,Short
4133,12.972161,77.596014,13.012161,77.636014,Metropolitian ,6.210145663324481,Medium
4134,-10.028047,76.310019,10.138047,76.420019,Metropolitian ,2242.400357096829,Very Long
4135,18.994049,72.825203,19.024049,72.855203,Urban ,4.590771505102444,Short
4136,19.876994,75.372353,19.896994,75.392353,Metropolitian ,3.0527307100356755,Short
4137,23.369746,85.33982,23.419746,85.38982,Metropolitian ,7.546401421474732,Medium
4138,22.526461,88.364453,22.536461,88.374453,Other,1.51370765052474,Short
4139,22.308096,73.167753,22.338096,73.197753,Urban ,4.5442645096317325,Short
4140,30.332735,78.054222,30.362735,78.084222,Metropolitian ,4.406256770469206,Short
4141,22.74806,75.8934,22.76806,75.9134,Metropolitian ,3.0251186390180176,Short
4142,11.016298,76.972076,11.036298,76.992076,Urban ,3.1161729217941097,Short
4143,25.450329,81.834279,25.480329,81.864279,Metropolitian ,4.494279922521241,Short
4144,19.121999,72.908493,19.231999,73.018493,Urban ,16.824772113251285,Long
4145,22.514585,88.39331,22.554585,88.43331,Metropolitian ,6.054767456777892,Medium
4146,26.90294,75.793007,26.95294,75.843007,Urban ,7.4486266186033845,Medium
4147,25.459775,81.834841,25.569775,81.944841,Metropolitian ,16.47598057072413,Long
4148,9.985697,76.281128,10.045697,76.341128,Urban ,9.363582612379771,Medium
4149,25.443994,81.860187,25.503994,81.920187,Metropolitian ,8.988268826683885,Medium
4150,17.440827,78.393391,17.550827,78.503391,Urban ,16.902495928547932,Long
4151,18.563934,73.915367,18.633934,73.985367,Metropolitian ,10.724145471030434,Medium
4152,26.910262,75.783013,26.980262,75.853013,Urban ,10.427367606158207,Medium
4153,26.902328,75.794257,26.952328,75.844257,Urban ,7.448644516028947,Medium
4154,11.02091,76.940432,11.08091,77.000432,Urban ,9.348134176983455,Medium
4155,9.966783,76.242981,10.046783,76.322981,Metropolitian ,12.484945384051937,Medium
4156,22.310329,73.169083,22.390329,73.249083,Urban ,12.11694692085026,Medium
4157,19.866969,75.318894,19.906969,75.358894,Metropolitian ,6.105461806498072,Medium
4158,12.972161,77.596014,12.982161,77.606014,Metropolitian ,1.5525820816222442,Short
4159,12.933298,77.614293,12.993298,77.674293,Metropolitian ,9.315745106316637,Medium
4160,12.906229,77.596791,12.976229,77.666791,Metropolitian ,10.868838190114497,Medium
4161,9.991703,76.293136,10.101703,76.403136,Metropolitian ,17.165758142606936,Long
4162,13.049645,80.242268,13.089645,80.282268,Metropolitian ,6.209199248060677,Medium
4163,10.028047,76.310019,10.158047,76.440019,Urban ,20.28537005770416,Long
4164,21.183434,72.814492,21.273434,72.904492,Other,13.681056958913599,Medium
4165,12.299524,76.64262,12.359524,76.70262,Metropolitian ,9.327028546828888,Medium
4166,23.266261,77.379605,23.316261,77.429605,Metropolitian ,7.549092417510281,Medium
4167,21.160437,72.774209,21.290437,72.904209,Metropolitian ,19.761711761320647,Long
4168,12.323194,76.630583,12.393194,76.700583,Other,10.880951367270638,Medium
4169,10.028047,76.310019,10.048047,76.330019,Metropolitian ,3.121088297487618,Short
4170,12.979096,77.640625,13.049096,77.710625,Metropolitian ,10.867286735129932,Medium
4171,22.308096,73.167753,22.398096,73.257753,Metropolitian ,13.631440268080997,Medium
4172,17.451976,78.385883,17.491976,78.425883,Metropolitian ,6.1467466299623235,Medium
4173,17.426228,78.407495,17.556228,78.537495,Urban ,19.97591692313584,Long
4174,13.091809,80.219104,13.121809,80.249104,Metropolitian ,4.6565575795105785,Short
4175,11.016298,76.972076,11.086298,77.042076,Urban ,10.90614936096952,Medium
4176,12.323978,76.627961,12.343978,76.647961,Urban ,3.1089837875131368,Short
4177,30.335259,78.053162,30.365259,78.083162,Metropolitian ,4.406208261254435,Short
4178,22.722634,75.886959,22.732634,75.896959,Urban ,1.512714085470906,Short
4179,23.214459,77.434976,23.324459,77.544976,Urban ,16.609246145001745,Long
4180,-15.546594,73.760431,15.566594,73.780431,Metropolitian ,3459.629354463765,Very Long
4181,13.064181,80.236442,13.084181,80.256442,Metropolitian ,3.104571866545023,Short
4182,12.972532,77.608179,13.012532,77.648179,Metropolitian ,6.210141144622192,Medium
4183,25.454697,81.834492,25.464697,81.844492,Metropolitian ,1.4981248106594827,Short
4184,9.960846,76.293936,9.980846,76.313936,Metropolitian ,3.1214062495328907,Short
4185,17.451976,78.385883,17.461976,78.395883,Urban ,1.5367469794085726,Short
4186,18.516216,73.842527,18.526216,73.852527,Metropolitian ,1.5323511358883408,Short
4187,22.308096,73.167753,22.438096,73.297753,Urban ,19.688553005364827,Long
4188,30.902872,75.826808,30.952872,75.876808,Metropolitian ,7.325050600164491,Medium
4189,17.438263,78.397865,17.468263,78.427865,Other,4.610285665960272,Short
4190,18.51421,73.838429,18.53421,73.858429,Urban ,3.0646768621689917,Short
4191,26.474133,80.3481,26.604133,80.4781,Metropolitian ,19.395819534341044,Long
4192,11.006686,76.951736,11.086686,77.031736,Urban ,12.464266688013891,Medium
4193,21.175975,72.795503,21.305975,72.925503,Urban ,19.76074372631284,Long
4194,12.326356,76.619103,12.416356,76.709103,Metropolitian ,13.989450296958541,Medium
4195,9.970717,76.285447,10.080717,76.395447,Metropolitian ,17.166305939707684,Long
4196,19.254567,72.848923,19.294567,72.888923,Metropolitian ,6.116387229265149,Medium
4197,18.593481,73.785901,18.683481,73.875901,Urban ,13.786669693634837,Medium
4198,13.045479,80.23311,13.125479,80.31311,Other,12.418009922382737,Medium
4199,30.893244,75.821817,30.913244,75.841817,Urban ,2.9303401069040076,Short
4200,26.90519,75.810753,26.95519,75.860753,Urban ,7.448560816474404,Medium
4201,17.411028,78.329645,17.471028,78.389645,Urban ,9.22086597503729,Medium
4202,12.975996,80.221898,13.025996,80.271898,Metropolitian ,7.762547474464038,Medium
4203,19.120083,72.907385,19.180083,72.967385,Metropolitian ,9.177855596427849,Medium
4204,19.874103,75.368419,19.954103,75.448419,Metropolitian ,12.209940785785976,Medium
4205,11.008638,76.984311,11.048638,77.024311,Metropolitian ,6.232321450753127,Medium
4206,12.978453,77.643685,12.988453,77.653685,Urban ,1.5525629397905474,Short
4207,26.911927,75.797282,27.021927,75.907282,Metropolitian ,16.38446703586354,Long
4208,15.49395,73.827423,15.58395,73.917423,Metropolitian ,13.896557352437,Medium
4209,21.160522,72.771477,21.180522,72.791477,Urban ,3.040789398805262,Short
4210,12.323194,76.630583,12.433194,76.740583,Urban ,17.097997931301858,Long
4211,27.163303,78.057044,27.273303,78.167044,Metropolitian ,16.368215933468495,Long
4212,23.351489,85.324253,23.431489,85.404253,Urban ,12.074377562048717,Medium
4213,10.003064,76.307589,10.083064,76.387589,Other,12.484257380930197,Medium
4214,9.959778,76.296106,9.989778,76.326106,Metropolitian ,4.682081538285404,Short
4215,10.994136,76.963303,11.004136,76.973303,Urban ,1.558157003350965,Short
4216,22.761593,75.886362,22.781593,75.906362,Metropolitian ,3.02498085409636,Short
4217,18.994049,72.825203,19.054049,72.885203,Urban ,9.181151801247479,Medium
4218,25.453436,81.833167,25.463436,81.843167,Metropolitian ,1.4981318605550722,Short
4219,17.450851,78.379347,17.560851,78.489347,Other,16.90205180024438,Long
4220,30.328174,78.049117,30.398174,78.119117,Urban ,10.280572823486368,Medium
4221,19.178321,72.834715,19.218321,72.874715,Metropolitian ,6.117725989707899,Medium
4222,13.029198,77.570997,13.119198,77.660997,Metropolitian ,13.970572124439327,Medium
4223,23.214294,77.435361,23.284294,77.505361,Urban ,10.570252908042878,Medium
4224,13.005801,80.250744,13.135801,80.380744,Metropolitian ,20.179849220539058,Long
4225,12.979166,77.640709,13.089166,77.750709,Urban ,17.07649014379418,Long
4226,18.994237,72.825553,19.004237,72.835553,Urban ,1.5302997807726866,Short
4227,23.218998,77.373573,23.248998,77.403573,Metropolitian ,4.530346340591021,Short
4228,26.902328,75.794257,26.982328,75.874257,Metropolitian ,11.917128700012814,Medium
4229,21.186438,72.794115,21.246438,72.854115,Metropolitian ,9.121049806498057,Medium
4230,13.049645,80.242268,13.159645,80.352268,Other,17.07411611001929,Long
4231,23.184992,77.417227,23.264992,77.497227,Metropolitian ,12.081296070553636,Medium
4232,26.913726,75.75282,27.053726,75.89282,Urban ,20.851578809643392,Long
4233,12.979166,77.640709,12.989166,77.650709,Metropolitian ,1.552560770108671,Short
4234,22.75004,75.902847,22.82004,75.972847,Urban ,10.58695309692167,Medium
4235,-19.876106,75.340775,19.926106,75.390775,Urban ,4425.807394160312,Very Long
4236,11.022169,76.999594,11.102169,77.079594,Metropolitian ,12.463943835956876,Medium
4237,12.337978,76.616792,12.467978,76.746792,Urban ,20.205786629218224,Long
4238,19.221315,72.862381,19.231315,72.872381,Urban ,1.5293087736828395,Short
4239,22.74806,75.8934,22.78806,75.9334,Metropolitian ,6.05003359245833,Medium
4240,26.471529,80.313458,26.481529,80.323458,Metropolitian ,1.4923480030641894,Short
4241,15.576683,73.75575,15.586683,73.76575,Urban ,1.543907680532274,Short
4242,19.876994,75.372353,19.906994,75.402353,Metropolitian ,4.579028199695274,Short
4243,26.483042,80.317833,26.523042,80.357833,Metropolitian ,5.968779676051492,Medium
4244,30.328174,78.049117,30.408174,78.129117,Metropolitian ,11.748969507649882,Medium
4245,9.988483,76.295211,10.028483,76.335211,Metropolitian ,6.242456810795443,Medium
4246,22.753839,75.897429,22.813838,75.957429,Metropolitian ,9.074486316335399,Medium
4247,23.232357,77.429989,23.302357,77.499989,Metropolitian ,10.56959734652895,Medium
4248,17.428294,78.404423,17.538294,78.514423,Urban ,16.903050893203687,Long
4249,17.483216,78.552111,17.543216,78.612111,Urban ,9.21912356761151,Medium
4250,18.516216,73.842527,18.596216,73.922527,Urban ,12.257619701209565,Medium
4251,21.173493,72.801953,21.203493,72.831953,Urban ,4.56092627806632,Short
4252,13.029198,77.570997,13.119198,77.660997,Other,13.970572124439327,Medium
4253,26.473698,80.352677,26.583698,80.462677,Other,16.412511700610096,Long
4254,18.53408,73.89852,18.57408,73.93852,Urban ,6.128846407057289,Medium
4255,18.533811,73.899315,18.643811,74.009315,Urban ,16.852701563922263,Long
4256,22.311358,73.164798,22.441358,73.294798,Other,19.688340311678903,Long
4257,30.895204,75.822103,30.975204,75.902103,Metropolitian ,11.71969942582845,Medium
4258,23.214459,77.434976,23.294459,77.514976,Metropolitian ,12.080074675503864,Medium
4259,12.933298,77.614293,13.023298,77.704293,Urban ,13.97320677313832,Medium
4260,25.459775,81.834841,25.529775,81.904841,Metropolitian ,10.485499560424376,Medium
4261,23.351058,85.325731,23.361058,85.335731,Metropolitian ,1.5094817638290983,Short
4262,13.054347,80.257221,13.144347,80.347221,Urban ,13.96987814180627,Medium
4263,13.091809,80.219104,13.221809,80.349104,Metropolitian ,20.17641424368773,Long
4264,9.957144,76.296783,9.997144,76.336783,Metropolitian ,6.242753027028999,Medium
4265,18.56245,73.916619,18.65245,74.006619,Urban ,13.787860239172238,Medium
4266,11.010375,76.95295,11.040375,76.98295,Metropolitian ,4.6742665652744515,Short
4267,17.431477,78.40035,17.511477,78.48035,Urban ,12.293508819559431,Medium
4268,26.846156,75.8023,26.906156,75.8623,Metropolitian ,8.94016771984085,Medium
4269,30.885814,75.786976,30.945814,75.846976,Metropolitian ,8.79053037846514,Medium
4270,22.311844,73.165081,22.381844,73.235081,Urban ,10.602450942886199,Medium
4271,13.029198,77.570997,13.109198,77.650997,Metropolitian ,12.418408999826964,Medium
4272,22.751857,75.866699,22.861857,75.976699,Urban ,16.635416274182578,Long
4273,10.006881,76.345397,10.026881,76.365397,Metropolitian ,3.1211886658760206,Short
4274,19.121999,72.908493,19.141999,72.928493,Other,3.059443338898001,Short
4275,26.914142,75.805704,26.964142,75.855704,Metropolitian ,7.448298968601405,Medium
4276,23.354422,85.3329,23.384422,85.3629,Other,4.5282365974492125,Short
4277,12.986047,80.218114,13.006047,80.238114,Metropolitian ,3.1050491911524856,Short
4278,19.176269,72.836721,19.186269,72.846721,Urban ,1.5295062057769913,Short
4279,9.985697,76.281128,10.005697,76.301128,Metropolitian ,3.1212889129781582,Short
4280,12.334022,76.618203,12.404022,76.688203,Other,10.880731284671885,Medium
4281,26.913987,75.752891,26.933987,75.772891,Other,2.979496955631163,Short
4282,21.186608,72.794136,21.266608,72.874136,Urban ,12.161009703058802,Medium
4283,22.515082,88.36783,22.595082,88.44783,Metropolitian ,12.108706523152065,Medium
4284,17.431477,78.40035,17.451477,78.42035,Metropolitian ,3.073618468414652,Short
4285,30.340722,78.060221,30.350722,78.070221,Metropolitian ,1.4687651667297301,Short
4286,30.332735,78.054222,30.392735,78.114222,Metropolitian ,8.811936584865819,Medium
4287,23.357804,85.325146,23.437804,85.405146,Metropolitian ,12.074114327172738,Medium
4288,11.025083,77.015393,11.075083,77.065393,Other,7.7901226497639176,Medium
4289,26.914142,75.805704,27.024142,75.915704,Urban ,16.384324359677176,Long
4290,23.214459,77.434976,23.304459,77.524976,Metropolitian ,13.589850479506143,Medium
4291,11.003008,76.97544,11.053009,77.02544,Urban ,7.7904893047693555,Medium
4292,21.185047,72.80859,21.255047,72.87859,Metropolitian ,10.641103649666475,Medium
4293,12.3085,76.665808,12.3785,76.735808,Urban ,10.88124973155242,Medium
4294,23.351058,85.325731,23.401058,85.375731,Urban ,7.546888128063275,Medium
4295,12.323994,76.626167,12.453994,76.756167,Urban ,20.206315811338996,Long
4296,25.450317,81.831681,25.500317,81.881681,Metropolitian ,7.4901871087529415,Medium
4297,12.970324,77.645748,13.040324,77.715748,Metropolitian ,10.867473945951607,Medium
4298,22.732225,75.874765,22.862225,76.004765,Metropolitian ,19.66067482059042,Long
4299,10.027014,76.308053,10.117014,76.398053,Metropolitian ,14.044169821639699,Medium
4300,18.56245,73.916619,18.57245,73.926619,Urban ,1.5321547990761482,Short
4301,15.585658,73.743606,15.635658,73.793606,Metropolitian ,7.7190138572076075,Medium
4302,12.986047,80.218114,13.026047,80.258114,Urban ,6.209976450705045,Medium
4303,22.514688,88.393294,22.534688,88.413294,Urban ,3.0274836348511345,Short
4304,21.175975,72.795503,21.265975,72.885503,Urban ,13.681378564006831,Medium
4305,11.001753,76.986241,11.081753,77.066241,Metropolitian ,12.464369459117105,Medium
4306,21.173343,72.792731,21.283343,72.902731,Urban ,16.721296009802852,Long
4307,26.90294,75.793007,26.94294,75.833007,Metropolitian ,5.959018323622155,Medium
4308,22.553227,88.353273,22.583227,88.383273,Metropolitian ,4.540565975649226,Short
4309,23.359407,85.325055,23.379407,85.345055,Urban ,3.0188245695182854,Short
4310,22.311603,73.165012,22.351603,73.205012,Other,6.058848944529893,Medium
4311,17.450851,78.379347,17.560851,78.489347,Metropolitian ,16.90205180024438,Long
4312,9.979363,76.285001,10.029363,76.335001,Metropolitian ,7.803119706575014,Medium
4313,22.31279,73.170283,22.39279,73.250283,Metropolitian ,12.116848260956994,Medium
4314,9.979186,76.317361,9.999186,76.337361,Urban ,3.1213196828456646,Short
4315,19.254567,72.848923,19.294567,72.888923,Urban ,6.116387229265149,Medium
4316,22.514119,88.362504,22.574119,88.422504,Urban ,9.081862277229234,Medium
4317,27.160934,78.044095,27.220934,78.104095,Urban ,8.929086888936338,Medium
4318,11.001753,76.986241,11.011753,76.996241,Urban ,1.5581372391744734,Short
4319,23.359194,85.325447,23.469194,85.435447,Other,16.600966466271768,Long
4320,18.592718,73.773572,18.652718,73.833572,Urban ,9.191516816253756,Medium
4321,12.323978,76.627961,12.413978,76.717961,Metropolitian ,13.989512471854102,Medium
4322,15.498603,73.826911,15.628603,73.956911,Metropolitian ,20.0716467218665,Long
4323,9.991703,76.293136,10.121703,76.423136,Metropolitian ,20.286495439713377,Long
4324,19.221315,72.862381,19.351315,72.992381,Urban ,19.877584031407785,Long
4325,26.911378,75.789034,27.001378,75.879034,Metropolitian ,13.406029476290403,Medium
4326,13.086438,80.220672,13.156439,80.290672,Semi-Urban ,10.865065738215877,Medium
4327,26.471529,80.313458,26.521529,80.363458,Urban ,7.461162575789956,Medium
4328,26.473698,80.352677,26.503698,80.382677,Metropolitian ,4.476833260713805,Short
4329,11.003008,76.97544,11.023008,76.99544,Urban ,3.1162419915689035,Short
4330,30.362686,78.06889,30.442686,78.14889,Urban ,11.747199184812027,Medium
4331,12.978453,77.643685,13.088453,77.753685,Urban ,17.07651409817472,Long
4332,26.47,80.35,26.5,80.38,Metropolitian ,4.476897300672822,Short
4333,12.311072,76.654878,12.361072,76.704878,Urban ,7.772429015118305,Medium
4334,15.506205,73.766668,15.546205,73.806668,Metropolitian ,6.176431857672363,Medium
4335,13.027018,80.254791,13.137018,80.364791,Urban ,17.0748796170777,Long
4336,-26.463504,80.372929,26.503504,80.412929,Urban ,5889.664127255468,Very Long
4337,13.091809,80.219104,13.151809,80.279104,Metropolitian ,9.31283846749252,Medium
4338,21.183434,72.814492,21.193434,72.824492,Metropolitian ,1.5203090529375691,Short
4339,30.328174,78.049117,30.348174,78.069117,Other,2.9376270171445893,Short
4340,-30.899584,75.809346,30.929584,75.839346,Metropolitian ,6875.090529440846,Very Long
4341,18.543626,73.905101,18.633626,73.995101,Metropolitian ,13.78858157014102,Medium
4342,21.15276,72.778059,21.18276,72.808059,Urban ,4.561223681552014,Short
4343,18.636215,73.751081,18.696215,73.811081,Metropolitian ,9.190403105302817,Medium
4344,10.000706,76.349516,10.020706,76.369516,Metropolitian ,3.1212179086126963,Short
4345,10.027014,76.308053,10.047014,76.328053,Metropolitian ,3.1210932007253422,Short
4346,26.90519,75.810753,26.99519,75.900753,Metropolitian ,13.406355455305173,Medium
4347,13.054347,80.257221,13.164347,80.367221,Urban ,17.073957291397175,Long
4348,19.121999,72.908493,19.211999,72.998493,Urban ,13.766116995712071,Medium
4349,18.592718,73.773572,18.722718,73.903572,Metropolitian ,19.91300954559345,Long
4350,26.88842,75.800689,26.97842,75.890689,Urban ,13.407238587856547,Medium
4351,21.17106,72.789292,21.18106,72.799292,Metropolitian ,1.5203682291089562,Short
4352,23.333017,85.3172,23.383017,85.3672,Urban ,7.547357671334428,Medium
4353,30.346994,78.062543,30.356994,78.072543,Metropolitian ,1.4687249859626696,Short
4354,12.981615,80.231598,12.991615,80.241598,Urban ,1.552553316850164,Short
4355,12.978453,77.643685,13.018453,77.683685,Metropolitian ,6.210069011406299,Medium
4356,18.55144,73.804855,18.64144,73.894855,Metropolitian ,13.788282220013693,Medium
4357,19.12663,72.829976,19.16663,72.869976,Metropolitian ,6.118630884411828,Medium
4358,11.022477,76.995667,11.062477,77.035667,Metropolitian ,6.232177403678717,Medium
4359,25.449872,81.836167,25.479872,81.866167,Urban ,4.494287588880978,Short
4360,26.481547,80.299775,26.531547,80.349775,Metropolitian ,7.460873303706417,Medium
4361,22.53796,88.349843,22.57796,88.389843,Urban ,6.05429540051117,Medium
4362,22.552672,88.352885,22.562672,88.362885,Metropolitian ,1.5135753268841488,Short
4363,9.988483,76.295211,10.008483,76.315211,Metropolitian ,3.1212757408532275,Short
4364,25.451517,81.832616,25.541517,81.922616,Metropolitian ,13.481268364459668,Medium
4365,26.892312,75.806896,26.982312,75.896896,Urban ,13.407033668284493,Medium
4366,12.352058,76.60665,12.442058,76.69665,Other,13.988777563349057,Medium
4367,17.430448,78.418213,17.460448,78.448213,Metropolitian ,4.610379843930833,Short
4368,9.985697,76.281128,10.115697,76.411128,Metropolitian ,20.28668103319968,Long
4369,27.161694,78.034714,27.231694,78.104714,Metropolitian ,10.417030220680232,Medium
4370,27.159795,78.04299,27.249795,78.13299,Metropolitian ,13.392894243306252,Medium
4371,30.892978,75.821847,31.032978,75.961847,Urban ,20.50694414817791,Long
4372,11.022169,76.999594,11.042169,77.019594,Metropolitian ,3.1161423837879867,Short
4373,26.471529,80.313458,26.511529,80.353458,Metropolitian ,5.969045594353571,Medium
4374,22.651847,75.881991,22.731847,75.961991,Metropolitian ,12.103166363269912,Medium
4375,13.045479,80.23311,13.175479,80.36311,Urban ,20.178267239099995,Long
4376,26.473698,80.352677,26.493698,80.372677,Urban ,2.9846132472408096,Short
4377,9.985697,76.281128,10.075697,76.371128,Urban ,14.04505352468984,Medium
4378,18.563934,73.915367,18.613934,73.965367,Urban ,7.6603169118326635,Medium
4379,12.970221,77.645396,13.100221,77.775396,Urban ,20.18126391655743,Long
4380,18.56245,73.916619,18.59245,73.946619,Metropolitian ,4.596336792439127,Short
4381,23.234631,77.401663,23.284631,77.451663,Metropolitian ,7.549912894067305,Medium
4382,22.553227,88.353273,22.623227,88.423273,Urban ,10.593945847570625,Medium
4383,13.054347,80.257221,13.084347,80.287221,Urban ,4.656902198105632,Short
4384,17.428294,78.404423,17.518294,78.494423,Metropolitian ,13.830131455505844,Medium
4385,18.994049,72.825203,19.084049,72.915203,Metropolitian ,13.771140253368083,Medium
4386,19.1813,72.836191,19.2213,72.876191,Urban ,6.117673772819492,Medium
4387,12.325461,76.632278,12.375461,76.682278,Other,7.772220444452912,Medium
4388,30.885814,75.786976,30.975814,75.876976,Urban ,13.184918189760978,Medium
4389,18.554382,73.798206,18.634382,73.878206,Metropolitian ,12.256321133212582,Medium
4390,26.911378,75.789034,26.921378,75.799034,Urban ,1.489792976782923,Short
4391,22.74806,75.8934,22.81806,75.9634,Metropolitian ,10.587023705098678,Medium
4392,21.175975,72.795503,21.225975,72.845503,Metropolitian ,7.601245065528898,Medium
4393,26.482419,80.320939,26.532419,80.370939,Urban ,7.460848120367979,Medium
4394,23.264015,77.408236,23.354015,77.498236,Metropolitian ,13.58753588335531,Medium
4395,12.934179,77.615797,13.024179,77.705797,Urban ,13.97318265391717,Medium
4396,25.459775,81.834841,25.589775,81.964841,Metropolitian ,19.470884197808044,Long
4397,26.492106,80.327797,26.542106,80.377797,Metropolitian ,7.460568315492011,Medium
4398,9.988483,76.295211,10.038483,76.345211,Urban ,7.80301178453781,Medium
4399,-23.234631,77.401663,23.254631,77.421663,Metropolitian ,5169.370529680621,Very Long
4400,17.438263,78.397865,17.468263,78.427865,Urban ,4.610285665960272,Short
4401,23.374989,85.335486,23.444989,85.405486,Urban ,10.564405615162721,Medium
4402,17.411028,78.329645,17.431028,78.349645,Urban ,3.073782598017484,Short
4403,12.352058,76.60665,12.412058,76.66665,Urban ,9.326113870790188,Medium
4404,22.744648,75.894377,22.754648,75.904377,Metropolitian ,1.512602129242317,Short
4405,23.211529,77.419399,23.281529,77.489399,Urban ,10.570353220161401,Medium
4406,25.450329,81.834279,25.590329,81.974279,Metropolitian ,20.968992615068412,Long
4407,19.12663,72.829976,19.21663,72.919976,Urban ,13.765934616154224,Medium
4408,10.994136,76.963303,11.024136,76.993303,Urban ,4.674393132741266,Short
4409,30.902872,75.826808,30.912872,75.836808,Metropolitian ,1.46514001913691,Short
4410,25.457116,81.859682,25.597116,81.999682,Metropolitian ,20.968460294412367,Long
4411,23.232537,77.429845,23.272537,77.469845,Metropolitian ,6.040077478865975,Medium
4412,23.39925,85.390464,23.50925,85.500464,Metropolitian ,16.598667340505997,Long
4413,23.333017,85.3172,23.373017,85.3572,Metropolitian ,6.037990253487364,Medium
4414,26.472001,80.354002,26.612001,80.494002,Metropolitian ,20.88757287961947,Long
4415,19.22384,72.841347,19.29384,72.911347,Urban ,10.704161271431294,Medium
4416,26.913726,75.75282,27.023726,75.86282,Other,16.38435115645366,Long
4417,23.374989,85.335486,23.414989,85.375486,Urban ,6.037116126733091,Medium
4418,17.440827,78.393391,17.480827,78.433391,Urban ,6.146925931738674,Medium
4419,12.970221,77.645396,13.050221,77.725396,Metropolitian ,12.41985066025304,Medium
4420,19.879631,75.323403,19.959631,75.403403,Metropolitian ,12.209740515440126,Medium
4421,13.027018,80.254791,13.067018,80.294791,Metropolitian ,6.209476177667365,Medium
4422,18.53408,73.89852,18.62408,73.98852,Metropolitian ,13.788947117365018,Medium
4423,22.514688,88.393294,22.564688,88.443294,Urban ,7.568330481285723,Medium
4424,-23.234249,77.434007,23.254249,77.454007,Metropolitian ,5169.285576764973,Very Long
4425,22.32,73.17,22.41,73.26,Urban ,13.630903236332337,Medium
4426,25.450329,81.834279,25.460329,81.844279,Urban ,1.498149229702579,Short
4427,17.431477,78.40035,17.561477,78.53035,Urban ,19.975642174490165,Long
4428,12.326356,76.619103,12.416356,76.709103,Urban ,13.989450296958541,Medium
4429,15.303897,73.914336,15.333897,73.944336,Metropolitian ,4.634551589452905,Short
4430,13.081878,80.248519,13.171878,80.338519,Urban ,13.969116967729818,Medium
4431,22.310329,73.169083,22.440329,73.299083,Urban ,19.68840740892469,Long
4432,18.592718,73.773572,18.672718,73.853572,Urban ,12.255014344808073,Medium
4433,22.651847,75.881991,22.711847,75.941991,Metropolitian ,9.077679565695165,Medium
4434,26.471617,80.313564,26.551617,80.393564,Metropolitian ,11.93716248547175,Medium
4435,27.159795,78.04299,27.169795,78.05299,Metropolitian ,1.4883352105448648,Short
4436,12.906229,77.596791,12.946229,77.636791,Other,6.210946741811576,Medium
4437,23.333017,85.3172,23.403017,85.3872,Urban ,10.565936169903276,Medium
4438,9.957144,76.296783,10.067144,76.406783,Metropolitian ,17.166659641249076,Long
4439,30.332735,78.054222,30.422735,78.144222,Metropolitian ,13.217038837661814,Medium
4440,22.310526,73.170937,22.330526,73.190937,Metropolitian ,3.0295354155428034,Short
4441,12.311072,76.654878,12.361072,76.704878,Metropolitian ,7.772429015118305,Medium
4442,26.902328,75.794257,26.912328,75.804257,Metropolitian ,1.4898458841185984,Short
4443,12.933298,77.614293,12.953298,77.634293,Urban ,3.1053698909093623,Short
4444,21.186438,72.794115,21.196438,72.804115,Urban ,1.5202946823341181,Short
4445,22.753839,75.897429,22.833838,75.977429,Metropolitian ,12.09893438000031,Medium
4446,12.337978,76.616792,12.417978,76.696792,Urban ,12.434913132379515,Medium
4447,12.935662,77.61413,12.975662,77.65413,Urban ,6.210589610313767,Medium
4448,27.165108,78.015053,27.235108,78.085053,Metropolitian ,10.416889336224635,Medium
4449,12.981615,80.231598,13.051615,80.301598,Urban ,10.867232952679263,Medium
4450,13.086438,80.220672,13.196438,80.330672,Other,17.07287190639919,Long
4451,26.482581,80.315628,26.562581,80.395628,Urban ,11.936655706668944,Medium
4452,12.935662,77.61413,13.005662,77.68413,Urban ,10.868212517102938,Medium
4453,18.530963,73.828972,18.570963,73.868972,Urban ,6.128899374763674,Medium
4454,30.899992,75.831338,31.039992,75.971338,Metropolitian ,20.50630587015899,Long
4455,26.849596,75.800512,26.939596,75.890512,Urban ,13.409281444577916,Medium
4456,23.211529,77.419399,23.221529,77.429399,Metropolitian ,1.5102059212848542,Short
4457,30.328174,78.049117,30.418174,78.139117,Metropolitian ,13.217301980435101,Medium
4458,26.47775,80.351569,26.51775,80.391569,Urban ,5.968901918017364,Medium
4459,11.003008,76.97544,11.063009,77.03544,Urban ,9.3484931901067,Medium
4460,17.41233,78.449654,17.45233,78.489654,Metropolitian ,6.147383751705012,Medium
4461,30.899584,75.809346,30.989584,75.899346,Metropolitian ,13.184113175194366,Medium
4462,19.876428,75.364792,19.886428,75.374792,Metropolitian ,1.5263905280996632,Short
4463,18.592718,73.773572,18.632718,73.813572,Metropolitian ,6.127848457033905,Medium
4464,23.357804,85.325146,23.437804,85.405146,Urban ,12.074114327172738,Medium
4465,19.876106,75.340775,19.946106,75.410775,Urban ,10.683793317824042,Medium
4466,19.876219,75.346017,19.936219,75.406017,Metropolitian ,9.157669973714864,Medium
4467,19.876994,75.372353,19.946994,75.442353,Metropolitian ,10.683765175102094,Medium
4468,13.027018,80.254791,13.137018,80.364791,Metropolitian ,17.0748796170777,Long
4469,12.323994,76.626167,12.413994,76.716167,Metropolitian ,13.989512053558421,Medium
4470,13.027018,80.254791,13.037018,80.264791,Metropolitian ,1.5524148945451,Short
4471,26.910262,75.783013,26.930262,75.803013,Metropolitian ,2.97954052235862,Short
4472,10.027364,76.308258,10.077364,76.358258,Metropolitian ,7.802550609377895,Medium
4473,23.353783,85.326967,23.443783,85.416967,Metropolitian ,13.583332471810742,Medium
4474,11.003669,76.976494,11.013669,76.986494,Urban ,1.5581322655562497,Short
4475,22.751234,75.88949,22.821234,75.95949,Urban ,10.586910515510715,Medium
4476,22.311844,73.165081,22.421844,73.275081,Metropolitian ,16.659890497111576,Long
4477,19.888716,75.321461,19.918716,75.351461,Metropolitian ,4.578869084677406,Short
4478,12.323225,76.630028,12.333225,76.640028,Urban ,1.5545085595199724,Short
4479,23.354422,85.3329,23.394422,85.3729,Urban ,6.037544630194731,Medium
4480,30.899584,75.809346,31.029584,75.939346,Metropolitian ,19.042027372260105,Long
4481,17.455894,78.375467,17.565894,78.485467,Urban ,16.901828274274926,Long
4482,18.56245,73.916619,18.69245,74.046619,Metropolitian ,19.914688541860464,Long
4483,12.323994,76.626167,12.383994,76.686167,Metropolitian ,9.32660296123291,Medium
4484,19.12663,72.829976,19.18663,72.889976,Urban ,9.177683834696074,Medium
4485,17.451976,78.385883,17.481976,78.415883,Other,4.610120317987426,Short
4486,22.695207,75.866059,22.825207,75.996059,Urban ,19.663125922534313,Long
4487,22.751857,75.866699,22.841857,75.956699,Metropolitian ,13.611254468564427,Medium
4488,30.890184,75.829615,30.910184,75.849615,Metropolitian ,2.9303798276289434,Short
4489,22.761593,75.886362,22.831593,75.956362,Urban ,10.586541004121191,Medium
4490,17.426228,78.407495,17.446228,78.427495,Metropolitian ,3.0736606152902097,Short
4491,12.972161,77.596014,13.062161,77.686014,Metropolitian ,13.97214132886662,Medium
4492,19.254567,72.848923,19.284567,72.878923,Urban ,4.587356404161844,Short
4493,11.025083,77.015393,11.085083,77.075393,Semi-Urban ,9.348068923522419,Medium
4494,26.911378,75.789034,27.041378,75.919034,Semi-Urban ,19.36274047125199,Long
4495,13.054347,80.257221,13.144347,80.347221,Metropolitian ,13.96987814180627,Medium
4496,21.183434,72.814492,21.293434,72.924492,Metropolitian ,16.72076404537056,Long
4497,12.323978,76.627961,12.393978,76.697961,Other,10.880935438433784,Medium
4498,12.972161,77.596014,13.052161,77.676014,Urban ,12.419803337139792,Medium
4499,26.891191,75.802083,26.931191,75.842083,Metropolitian ,5.959293109821584,Medium
4500,10.003064,76.307589,10.133064,76.437589,Metropolitian ,20.286144074216175,Long
4501,9.988483,76.295211,10.118483,76.425211,Metropolitian ,20.28659495547615,Long
4502,22.538999,88.322337,22.618999,88.402337,Urban ,12.107739754185026,Medium
4503,30.914057,75.83982,30.934057,75.85982,Metropolitian ,2.930069866451488,Short
4504,12.914264,77.6784,12.974264,77.7384,Urban ,9.316091864518503,Medium
4505,30.895817,75.813112,30.915817,75.833112,Other,2.9303067055668133,Short
4506,12.975377,77.696664,13.085377,77.806664,Urban ,17.07661742698182,Long
4507,26.474986,80.342796,26.494986,80.362796,Metropolitian ,2.984598378443359,Short
4508,26.481547,80.299775,26.551547,80.369775,Metropolitian ,10.444817974537871,Medium
4509,26.892312,75.806896,27.002312,75.916896,Urban ,16.38573010430759,Long
4510,18.536562,73.896485,18.566562,73.926485,Metropolitian ,4.596666925181729,Short
4511,10.020683,76.310631,10.150683,76.440631,Other,20.285598401299914,Long
4512,18.536718,73.830327,18.606718,73.900327,Urban ,10.72495612030263,Medium
4513,11.003681,76.975525,11.013681,76.985525,Other,1.558132234403597,Short
4514,15.556561,73.763633,15.666561,73.873633,Metropolitian ,16.98179319852662,Long
4515,22.732225,75.874765,22.822225,75.964765,Urban ,13.612154686696034,Medium
4516,10.994136,76.963303,11.034136,77.003303,Urban ,6.232472211119566,Medium
4517,11.003008,76.97544,11.053009,77.02544,Metropolitian ,7.7904893047693555,Medium
4518,22.760072,75.892574,22.840072,75.972574,Metropolitian ,12.098761963862684,Medium
4519,19.876994,75.372353,19.916994,75.412353,Metropolitian ,6.105280414497539,Medium
4520,22.753659,75.903365,22.833659,75.983365,Urban ,12.099023452116999,Medium
4521,11.001852,76.976268,11.081852,77.056268,Metropolitian ,12.464367397048813,Medium
4522,19.254567,72.848923,19.304567,72.898923,Other,7.645374027054474,Medium
4523,19.207222,72.972281,19.317222,73.082281,Urban ,16.820660300217366,Long
4524,26.90294,75.793007,27.04294,75.933007,Metropolitian ,20.85246332426502,Long
4525,26.88842,75.800689,26.90842,75.820689,Metropolitian ,2.9797958851313022,Short
4526,26.471529,80.313458,26.491529,80.333458,Metropolitian ,2.984638285080895,Short
4527,10.027014,76.308053,10.037014,76.318053,Metropolitian ,1.560558466677844,Short
4528,25.454697,81.834492,25.494697,81.874492,Metropolitian ,5.992163616430031,Medium
4529,22.725835,75.887648,22.795835,75.957648,Other,10.587815903448728,Medium
4530,12.323978,76.627961,12.343978,76.647961,Metropolitian ,3.1089837875131368,Short
4531,12.975996,80.221898,13.105996,80.351898,Urban ,20.181034547351857,Long
4532,19.1093,72.825451,19.1993,72.915451,Metropolitian ,13.7666169082024,Medium
4533,12.975996,80.221898,13.015996,80.261898,Urban ,6.210098947886211,Medium
4534,18.536718,73.830327,18.626718,73.920327,Urban ,13.788846116844857,Medium
4535,12.933298,77.614293,12.963298,77.644293,Metropolitian ,4.658009301231545,Short
4536,26.90519,75.810753,26.95519,75.860753,Other,7.448560816474404,Medium
4537,17.430448,78.418213,17.490448,78.478213,Urban ,9.220397882984454,Medium
4538,17.41233,78.449654,17.45233,78.489654,Other,6.147383751705012,Medium
4539,18.569156,73.774723,18.649156,73.854723,Metropolitian ,12.255817809722014,Medium
4540,13.026286,80.275235,13.086286,80.335235,Metropolitian ,9.314044064891256,Medium
4541,12.323994,76.626167,12.333994,76.636167,Metropolitian ,1.554506332709329,Short
4542,21.17106,72.789292,21.28106,72.899292,Urban ,16.721416331329564,Long
4543,9.985697,76.281128,10.055697,76.351128,Metropolitian ,10.924096705034842,Medium
4544,11.003681,76.975525,11.013681,76.985525,Metropolitian ,1.558132234403597,Short
4545,12.975996,80.221898,13.035996,80.281898,Urban ,9.314965469326962,Medium
4546,23.354422,85.3329,23.484422,85.4629,Urban ,19.618968653878404,Long
4547,25.450377,81.834236,25.510377,81.894236,Metropolitian ,8.988054588843587,Medium
4548,13.064181,80.236442,13.124181,80.296442,Urban ,9.313347514768436,Medium
4549,19.091458,72.827808,19.131458,72.867808,Metropolitian ,6.1192453430297755,Medium
4550,21.185047,72.80859,21.195047,72.81859,Urban ,1.5203013368539595,Short
4551,18.563934,73.915367,18.643935,73.995367,Other,12.25607644546856,Medium
4552,12.310972,76.659264,12.320972,76.669264,Urban ,1.5545440228102219,Short
4553,17.430448,78.418213,17.450448,78.438213,Urban ,3.0736267316959056,Short
4554,26.913726,75.75282,26.963726,75.80282,Metropolitian ,7.448311138215742,Medium
4555,11.003008,76.97544,11.083009,77.05544,Metropolitian ,12.464422665211641,Medium
4556,27.165108,78.015053,27.245108,78.095053,Metropolitian ,11.904780345542848,Medium
4557,17.431668,78.408321,17.491668,78.468321,Metropolitian ,9.220368460606945,Medium
4558,13.044694,80.26147,13.124694,80.34147,Urban ,12.418029175076876,Medium
4559,26.911927,75.797282,27.001927,75.887282,Urban ,13.406000552536547,Medium
4560,19.055831,72.833984,19.185831,72.963984,Urban ,19.88701283582719,Long
4561,17.438263,78.397865,17.528263,78.487865,Urban ,13.829770499572875,Medium
4562,26.846156,75.8023,26.896156,75.8523,Other,7.4502858459465395,Medium
4563,18.994237,72.825553,19.104237,72.935553,Metropolitian ,16.830905551931515,Long
4564,11.024839,77.007003,11.154839,77.137003,Urban ,20.252967850083508,Long
4565,23.39925,85.390464,23.45925,85.450464,Metropolitian ,9.05460222816931,Medium
4566,19.874103,75.368419,19.964103,75.458419,Other,13.735979391940466,Medium
4567,11.022169,76.999594,11.112169,77.089594,Urban ,14.021819246588471,Medium
4568,17.483216,78.552111,17.503216,78.572111,Other,3.0732024062609007,Short
4569,9.979363,76.285001,10.019363,76.325001,Urban ,6.242543106402403,Medium
4570,30.885814,75.786976,31.025814,75.926976,Metropolitian ,20.507595969740972,Long
4571,21.186608,72.794136,21.246608,72.854136,Urban ,9.12104492162899,Medium
4572,19.103249,72.846749,19.123249,72.866749,Metropolitian ,3.0596070715947183,Short
4573,18.56245,73.916619,18.60245,73.956619,Urban ,6.128363939648328,Medium
4574,22.5491,88.400467,22.5991,88.450467,Metropolitian ,7.56746144497043,Medium
4575,13.045479,80.23311,13.085479,80.27311,Metropolitian ,6.209250269757536,Medium
4576,19.003517,72.82765,19.063517,72.88765,Metropolitian ,9.180904863919931,Medium
4577,22.760072,75.892574,22.790072,75.922574,Urban ,4.5374181102775015,Short
4578,10.003064,76.307589,10.113064,76.417589,Urban ,17.165461121214904,Long
4579,23.214459,77.434976,23.274459,77.494976,Metropolitian ,9.060367241168006,Medium
4580,21.157735,72.768778,21.197735,72.808778,Other,6.0814407970077005,Medium
4581,10.994136,76.963303,11.124136,77.093303,Urban ,20.254010036497217,Long
4582,26.49095,80.318656,26.50095,80.328656,Urban ,1.4922358976855798,Short
4583,17.458998,78.500366,17.508998,78.550366,Urban ,7.6831914051315415,Medium
4584,22.310329,73.169083,22.350329,73.209083,Metropolitian ,6.058874461145101,Medium
4585,18.56245,73.916619,18.63245,73.986619,Metropolitian ,10.724189700859627,Medium
4586,22.761226,75.887522,22.781226,75.907522,Urban ,3.0249845915967644,Short
4587,11.016298,76.972076,11.066298,77.022076,Urban ,7.7902370528029685,Medium
4588,12.316967,76.603067,12.336967,76.623067,Urban ,3.1090243972298155,Short
4589,19.1093,72.825451,19.1293,72.845451,Metropolitian ,3.0595542475950825,Short
4590,19.1093,72.825451,19.2393,72.955451,Metropolitian ,19.883974328360555,Long
4591,21.160522,72.771477,21.270522,72.881477,Metropolitian ,16.72197157113449,Long
4592,22.539129,88.365507,22.629129,88.455507,Metropolitian ,13.620973584553715,Medium
4593,26.483672,80.320708,26.493672,80.330708,Metropolitian ,1.492277916765689,Short
4594,22.745536,75.893106,22.875536,76.023106,Urban ,19.659792615101832,Long
4595,12.325461,76.632278,12.365461,76.672278,Urban ,6.217834398579603,Medium
4596,17.411028,78.329645,17.491028,78.409645,Metropolitian ,12.294166376368977,Medium
4597,12.934179,77.615797,13.004179,77.685797,Metropolitian ,10.868244074540765,Medium
4598,17.424114,78.347554,17.514114,78.437554,Metropolitian ,13.830282747997778,Medium
4599,18.539299,73.897902,18.669299,74.027902,Urban ,19.915971082561462,Long
4600,18.56245,73.916619,18.63245,73.986619,Urban ,10.724189700859627,Medium
4601,26.90519,75.810753,27.04519,75.950753,Other,20.85227883430338,Long
4602,18.994049,72.825203,19.124049,72.955203,Metropolitian ,19.89051422303527,Long
4603,21.17106,72.789292,21.20106,72.819292,Urban ,4.560961191343126,Short
4604,22.514585,88.39331,22.644585,88.52331,Metropolitian ,19.675036580274096,Long
4605,17.433809,78.386744,17.523809,78.476744,Urban ,13.829931792650669,Medium
4606,25.443994,81.860187,25.553994,81.970187,Metropolitian ,16.476952557955684,Long
4607,17.410371,78.437225,17.470371,78.497225,Urban ,9.220881802737226,Medium
4608,12.986047,80.218114,13.116047,80.348114,Urban ,20.18063511411397,Long
4609,21.173343,72.792731,21.263343,72.882731,Other,13.681492022668552,Medium
4610,12.979096,77.640625,13.049096,77.710625,Urban ,10.867286735129932,Medium
4611,30.893384,75.821202,30.983384,75.911202,Metropolitian ,13.184475668044637,Medium
4612,30.885814,75.786976,30.895814,75.796976,Urban ,1.4652507248455058,Short
4613,27.161661,78.011544,27.271661,78.121544,Metropolitian ,16.36832247217252,Long
4614,23.369746,85.33982,23.459746,85.42982,Urban ,13.582583564897286,Medium
4615,13.027018,80.254791,13.057018,80.284791,Metropolitian ,4.657153007153035,Short
4616,9.959778,76.296106,10.069778,76.406106,Metropolitian ,17.166591037814,Long
4617,9.966783,76.242981,9.996783,76.272981,Metropolitian ,4.682031950204985,Short
4618,26.47,80.35,26.58,80.46,Urban ,16.412746797462134,Long
4619,22.722634,75.886959,22.852634,76.016959,Urban ,19.66131020445878,Long
4620,30.899992,75.831338,30.909992,75.841338,Metropolitian ,1.4651587132824175,Short
4621,23.354422,85.3329,23.464422,85.4429,Other,16.601240146481604,Long
4622,13.086438,80.220672,13.126439,80.260672,Urban ,6.208827615118725,Medium
4623,12.297954,76.665169,12.337954,76.705169,Other,6.218153086065569,Medium
4624,15.506205,73.766668,15.566205,73.826668,Urban ,9.264431306461436,Medium
4625,22.569358,88.433452,22.679358,88.543452,Urban ,16.64561685913484,Long
4626,25.451646,81.832796,25.511646,81.892796,Metropolitian ,8.98801199113839,Medium
4627,18.51421,73.838429,18.58421,73.908429,Metropolitian ,10.725625724418618,Medium
4628,23.353783,85.326967,23.413783,85.386967,Metropolitian ,9.056024276265703,Medium
4629,23.333017,85.3172,23.443017,85.4272,Metropolitian ,16.602467168326267,Long
4630,12.337978,76.616792,12.427978,76.706792,Metropolitian ,13.989146264476776,Medium
4631,12.325461,76.632278,12.385461,76.692278,Other,9.326577421221462,Medium
4632,25.449872,81.836167,25.459872,81.846167,Urban ,1.4981517843350691,Short
4633,18.51421,73.838429,18.52421,73.848429,Urban ,1.532359644488455,Short
4634,18.927584,72.832585,18.957584,72.862585,Urban ,4.591636071833539,Short
4635,26.891191,75.802083,27.031191,75.942083,Metropolitian ,20.85342649196895,Long
4636,17.433809,78.386744,17.443809,78.396744,Metropolitian ,1.5368199501610624,Short
4637,13.081878,80.248519,13.211878,80.378519,Urban ,20.176811965426353,Long
4638,22.310526,73.170937,22.370526,73.230937,Urban ,9.088005113714642,Medium
4639,13.026286,80.275235,13.056286,80.305235,Urban ,4.657159718108008,Short
4640,11.022477,76.995667,11.082477,77.055667,Metropolitian ,9.348109676504196,Medium
4641,19.003517,72.82765,19.013517,72.83765,Metropolitian ,1.530259489433465,Short
4642,22.526461,88.364453,22.606461,88.444453,Metropolitian ,12.108246672929724,Medium
4643,11.001753,76.986241,11.081753,77.066241,Urban ,12.464369459117105,Medium
4644,9.988483,76.295211,10.078483,76.385211,Metropolitian ,14.044994047947483,Medium
4645,22.32,73.17,22.33,73.18,Metropolitian ,1.5147453171158403,Short
4646,12.975996,80.221898,13.005996,80.251898,Urban ,4.657619913371996,Short
4647,18.516216,73.842527,18.536216,73.862527,Other,3.0646598407970975,Short
4648,22.53796,88.349843,22.64796,88.459843,Metropolitian ,16.64736472591708,Long
4649,12.3085,76.665808,12.3485,76.705808,Urban ,6.218030984114909,Medium
4650,19.876428,75.364792,19.926428,75.414792,Metropolitian ,7.631500138051535,Medium
4651,19.878028,75.317475,19.958028,75.397475,Metropolitian ,12.209798594600153,Medium
4652,23.357804,85.325146,23.367804,85.335146,Metropolitian ,1.5094466586398139,Short
4653,12.323194,76.630583,12.333194,76.640583,Urban ,1.554508649284574,Short
4654,18.539299,73.897902,18.619299,73.977902,Metropolitian ,12.25683460967729,Medium
4655,26.913726,75.75282,26.983726,75.82282,Metropolitian ,10.4272257028948,Medium
4656,30.361281,78.068022,30.431281,78.138022,Metropolitian ,10.27908705554767,Medium
4657,18.563934,73.915367,18.643935,73.995367,Urban ,12.25607644546856,Medium
4658,13.058616,80.264151,13.068616,80.274151,Metropolitian ,1.5523182877494135,Short
4659,19.875337,75.316722,19.935337,75.376722,Metropolitian ,9.157693926856119,Medium
4660,19.874449,75.360232,19.964449,75.450232,Metropolitian ,13.735965288529053,Medium
4661,10.028047,76.310019,10.098047,76.380019,Urban ,10.92339284366815,Medium
4662,-15.496162,73.825364,15.626162,73.955364,Urban ,3460.6739784878896,Very Long
4663,22.577821,88.400581,22.687821,88.510581,Metropolitian ,16.645145383444188,Long
4664,15.49395,73.827423,15.51395,73.847423,Metropolitian ,3.0883762849117153,Short
4665,26.473698,80.352677,26.523698,80.402677,Metropolitian ,7.461099952825792,Medium
4666,19.121999,72.908493,19.151999,72.938493,Urban ,4.589099458436046,Short
4667,26.88842,75.800689,26.95842,75.870689,Metropolitian ,10.428262034058,Medium
4668,21.170798,72.790489,21.210798,72.830489,Metropolitian ,6.081190891367921,Medium
4669,26.849596,75.800512,26.929596,75.880512,Urban ,11.919595217847732,Medium
4670,9.970717,76.285447,10.030717,76.345447,Metropolitian ,9.363795317587888,Medium
4671,19.880256,75.323503,19.900256,75.343503,Metropolitian ,3.0527012032274787,Short
4672,22.311603,73.165012,22.381603,73.235012,Urban ,10.602459395149559,Medium
4673,12.297954,76.665169,12.317954,76.685169,Urban ,3.1091344143311437,Short
4674,22.552672,88.352885,22.602672,88.402885,Metropolitian ,7.5673711728596915,Medium
4675,12.934365,77.616155,13.004365,77.686155,Urban ,10.868240116750606,Medium
4676,12.325461,76.632278,12.345461,76.652278,Urban ,3.1089751947117557,Short
4677,26.482581,80.315628,26.522581,80.355628,Metropolitian ,5.968790325644921,Medium
4678,23.184992,77.417227,23.254992,77.487227,Metropolitian ,10.571315446710633,Medium
4679,27.158822,78.045359,27.268822,78.155359,Semi-Urban ,16.36850666448607,Long
4680,26.482581,80.315628,26.492581,80.325628,Metropolitian ,1.492284214789466,Short
4681,30.895817,75.813112,31.035817,75.953112,Metropolitian ,20.506685809982432,Long
4682,23.351489,85.324253,23.381489,85.354253,Metropolitian ,4.5282824003252955,Short
4683,12.981615,80.231598,13.021615,80.271598,Urban ,6.210030477134693,Medium
4684,10.027014,76.308053,10.077014,76.358053,Metropolitian ,7.802554768559775,Medium
4685,11.010375,76.95295,11.020375,76.96295,Metropolitian ,1.558114851290099,Short
4686,22.732225,75.874765,22.772225,75.914765,Other,6.050355980667544,Medium
4687,30.893244,75.821817,30.933244,75.861817,Metropolitian ,5.860420473448734,Medium
4688,26.90294,75.793007,26.96294,75.853007,Urban ,8.938176353487508,Medium
4689,26.846156,75.8023,26.856156,75.8123,Metropolitian ,1.4901739564931824,Short
4690,18.593481,73.785901,18.613481,73.805901,Metropolitian ,3.0640029565838653,Short
4691,25.454697,81.834492,25.594697,81.974492,Metropolitian ,20.968650035615497,Long
4692,19.1093,72.825451,19.1393,72.855451,Metropolitian ,4.589265860691884,Short
4693,27.160934,78.044095,27.300934,78.184095,Urban ,20.83122979934106,Long
4694,21.149669,72.772629,21.259669,72.882629,Urban ,16.72254315530654,Long
4695,27.161661,78.011544,27.251661,78.101544,Metropolitian ,13.392795217612347,Medium
4696,22.310237,73.158921,22.380237,73.228921,Other,10.602507301515569,Medium
4697,17.431668,78.408321,17.561668,78.538321,Urban ,19.975632175541328,Long
4698,13.049645,80.242268,13.079645,80.272268,Urban ,4.656945385949658,Short
4699,13.058616,80.264151,13.168616,80.374151,Urban ,17.073813051007154,Long
4700,11.006686,76.951736,11.096686,77.041736,Other,14.022182614283688,Medium
4701,12.972161,77.596014,13.022161,77.646014,Urban ,7.762605890245343,Medium
4702,10.027014,76.308053,10.057014,76.338053,Metropolitian ,4.681604178291755,Short
4703,19.178321,72.834715,19.208321,72.864715,Urban ,4.58836023949328,Short
4704,12.933298,77.614293,12.973298,77.654293,Urban ,6.210618323093113,Medium
4705,23.369746,85.33982,23.479746,85.44982,Urban ,16.600361127913082,Long
4706,19.1813,72.836191,19.1913,72.846191,Urban ,1.5294841761001008,Short
4707,22.31279,73.170283,22.40279,73.260283,Urban ,13.631228534496627,Medium
4708,26.913483,75.803139,26.923483,75.813139,Urban ,1.4897806686907549,Short
4709,30.893234,75.82172,30.913234,75.84172,Metropolitian ,2.9303402367139997,Short
4710,12.981615,80.231598,13.091615,80.341598,Urban ,17.07640785616604,Long
4711,17.431477,78.40035,17.541477,78.51035,Semi-Urban ,16.902909983696322,Long
4712,12.297954,76.665169,12.357954,76.725169,Metropolitian ,9.327055824817068,Medium
4713,30.895204,75.822103,30.945204,75.872103,Urban ,7.325299567376928,Medium
4714,22.527893,88.368628,22.547893,88.388628,Urban ,3.027350374081713,Short
4715,26.492106,80.327797,26.532106,80.367797,Urban ,5.968570257848264,Medium
4716,21.186884,72.793616,21.266884,72.873616,Urban ,12.160999124282352,Medium
4717,13.054347,80.257221,13.064347,80.267221,Metropolitian ,1.5523313527254592,Short
4718,21.149569,72.772697,21.199569,72.822697,Metropolitian ,7.601876617115907,Medium
4719,9.960846,76.293936,10.030846,76.363936,Metropolitian ,10.924508385005513,Medium
4720,26.473698,80.352677,26.613698,80.492677,Metropolitian ,20.887435504970025,Long
4721,23.369746,85.33982,23.439746,85.40982,Urban ,10.564596934159045,Medium
4722,26.483672,80.320708,26.533672,80.370708,Urban ,7.460811932597024,Medium
4723,21.17106,72.789292,21.23106,72.849292,Urban ,9.121491544069452,Medium
4724,19.876106,75.340775,19.906106,75.370775,Metropolitian ,4.579040250041973,Short
4725,12.933298,77.614293,13.003298,77.684293,Urban ,10.86826282011045,Medium
4726,25.451646,81.832796,25.591646,81.972796,Urban ,20.968889328635026,Long
4727,11.006686,76.951736,11.116686,77.061736,Urban ,17.13793593144362,Long
4728,26.905287,75.794592,26.965287,75.854592,Urban ,8.938093974529659,Medium
4729,11.025083,77.015393,11.115083,77.105393,Urban ,14.021750803377735,Medium
4730,13.026279,80.174568,13.056279,80.204568,Urban ,4.6571597822820685,Short
4731,26.90519,75.810753,26.91519,75.820753,Other,1.489829154062601,Short
4732,19.22384,72.841347,19.23384,72.851347,Metropolitian ,1.5292976945193517,Short
4733,25.454697,81.834492,25.534697,81.914492,Metropolitian ,11.983431370375913,Medium
4734,26.481547,80.299775,26.531547,80.349775,Other,7.460873303706417,Medium
4735,26.766536,75.837333,26.906536,75.977333,Urban ,20.863625061565816,Long
4736,21.175104,72.804342,21.205104,72.834342,Metropolitian ,4.560903158461201,Short
4737,-23.374989,-85.335486,23.444989,85.405486,Metropolitian ,19070.40810956764,Very Long
4738,26.88842,75.800689,26.89842,75.810689,Urban ,1.4899271643867567,Short
4739,19.22384,72.841347,19.31384,72.931347,Metropolitian ,13.762097103298219,Medium
4740,19.254567,72.848923,19.384567,72.978923,Metropolitian ,19.87568060491079,Long
4741,26.90294,75.793007,27.01294,75.903007,Urban ,16.385045825960674,Long
4742,26.90519,75.810753,26.97519,75.880753,Metropolitian ,10.427575355309898,Medium
4743,23.235123,77.398886,23.345123,77.508886,Metropolitian ,16.60806671203014,Long
4744,23.351489,85.324253,23.421489,85.394253,Urban ,10.565262855251573,Medium
4745,17.411028,78.329645,17.431028,78.349645,Metropolitian ,3.073782598017484,Short
4746,18.563934,73.915367,18.573935,73.925367,Metropolitian ,1.5322291887353143,Short
4747,23.355164,85.324097,23.425164,85.394097,Urban ,10.56512884564869,Medium
4748,23.214294,77.435361,23.344294,77.565361,Metropolitian ,19.628444862002613,Long
4749,30.899584,75.809346,30.969584,75.879346,Metropolitian ,10.2547653809903,Medium
4750,17.433809,78.386744,17.453809,78.406744,Urban ,3.073599739868721,Short
4751,17.455894,78.375467,17.565894,78.485467,Metropolitian ,16.901828274274926,Long
4752,30.328174,78.049117,30.418174,78.139117,Urban ,13.217301980435101,Medium
4753,21.185047,72.80859,21.315047,72.93859,Metropolitian ,19.76017824329335,Long
4754,18.536562,73.896485,18.596562,73.956485,Other,9.192951167083816,Medium
4755,12.906229,77.596791,12.966229,77.656791,Metropolitian ,9.316238098535816,Medium
4756,22.732225,75.874765,22.772225,75.914765,Urban ,6.050355980667544,Medium
4757,23.214294,77.435361,23.254294,77.475361,Urban ,6.040455612192288,Medium
4758,22.538731,88.364878,22.578731,88.404878,Metropolitian ,6.054279823060853,Medium
4759,9.970717,76.285447,9.980717,76.295447,Metropolitian ,1.5606916397988708,Short
4760,18.51421,73.838429,18.54421,73.868429,Metropolitian ,4.596951629499317,Short
4761,19.055831,72.833984,19.185831,72.963984,Metropolitian ,19.88701283582719,Long
4762,12.975377,77.696664,13.105377,77.826664,Urban ,20.18105913719799,Long
4763,10.027364,76.308258,10.087364,76.368258,Urban ,9.362989340112518,Medium
4764,26.47,80.35,26.58,80.46,Metropolitian ,16.412746797462134,Long
4765,19.091458,72.827808,19.121458,72.857808,Metropolitian ,4.589499486380557,Short
4766,23.233219,77.433571,23.363219,77.563571,Urban ,19.627167871570418,Long
4767,-19.876994,75.372353,20.006994,75.502353,Urban ,4434.919719051925,Very Long
4768,13.064181,80.236442,13.174181,80.346442,Metropolitian ,17.073624954198024,Long
4769,9.959778,76.296106,10.019778,76.356106,Metropolitian ,9.363950447567518,Medium
4770,12.297954,76.665169,12.427954,76.795169,Urban ,20.207299688871007,Long
4771,23.333017,85.3172,23.373017,85.3572,Urban ,6.037990253487364,Medium
4772,23.351058,85.325731,23.391058,85.365731,Metropolitian ,6.0376146870844325,Medium
4773,15.5696,73.742294,15.6296,73.802294,Metropolitian ,9.26305683339956,Medium
4774,19.876428,75.364792,19.986428,75.474792,Metropolitian ,16.78780446421014,Long
4775,22.727021,75.884167,22.777021,75.934167,Urban ,7.562950099274068,Medium
4776,26.463504,80.372929,26.543504,80.452929,Urban ,11.937537377310045,Medium
4777,22.732225,75.874765,22.752225,75.894765,Other,3.0252797724229556,Short
4778,23.359194,85.325447,23.439194,85.405447,Metropolitian ,12.074056378231456,Medium
4779,18.533811,73.899315,18.573811,73.939315,Urban ,6.128850978537968,Medium
4780,26.88842,75.800689,26.95842,75.870689,Urban ,10.428262034058,Medium
4781,23.211529,77.419399,23.291529,77.499399,Urban ,12.080196181741478,Medium
4782,11.021278,76.995017,11.101278,77.075017,Urban ,12.463962426994183,Medium
4783,23.266261,77.379605,23.376261,77.489605,Metropolitian ,16.60628777835879,Long
4784,17.455894,78.375467,17.525894,78.445467,Semi-Urban ,10.756273454296805,Medium
4785,12.986047,80.218114,13.026047,80.258114,Metropolitian ,6.209976450705045,Medium
4786,23.371292,85.327872,23.411292,85.367872,Urban ,6.037193175495113,Medium
4787,19.876106,75.340775,19.936106,75.400775,Other,9.157673042593977,Medium
4788,18.563934,73.915367,18.673935,74.025367,Urban ,16.851371030914677,Long
4789,12.352058,76.60665,12.372058,76.62665,Metropolitian ,3.1088209178697257,Short
4790,25.457687,81.835585,25.537687,81.915585,Metropolitian ,11.983297481116383,Medium
4791,-22.538999,88.322337,22.598999,88.382337,Metropolitian ,5019.120578943772,Very Long
4792,17.45971,78.368855,17.52971,78.438855,Metropolitian ,10.756165907453376,Medium
4793,22.310329,73.169083,22.420329,73.279083,Urban ,16.659974055073732,Long
4794,23.233219,77.433571,23.343219,77.543571,Urban ,16.608175423268104,Long
4795,22.311603,73.165012,22.331603,73.185012,Metropolitian ,3.02952463419204,Short
4796,9.957144,76.296783,10.017144,76.356783,Urban ,9.36398777657922,Medium
4797,22.31279,73.170283,22.38279,73.240283,Urban ,10.60241776436213,Medium
4798,27.157772,78.04725,27.207772,78.09725,Metropolitian ,7.441146336839878,Medium
4799,26.846156,75.8023,26.876156,75.8323,Metropolitian ,4.47034673425613,Short
4800,22.310526,73.170937,22.350526,73.210937,Urban ,6.058870515565477,Medium
4801,25.443994,81.860187,25.483994,81.900187,Metropolitian ,5.992403045232811,Medium
4802,13.066762,80.251865,13.196762,80.381865,Metropolitian ,20.17741678822209,Long
4803,12.326356,76.619103,12.386356,76.679103,Other,9.326561838120917,Medium
4804,22.311358,73.164798,22.401358,73.254798,Urban ,13.63129313218795,Medium
4805,13.022394,80.242439,13.062394,80.282439,Metropolitian ,6.209532713916993,Medium
4806,23.184992,77.417227,23.214992,77.447227,Metropolitian ,4.530874476268776,Short
4807,30.342509,78.061187,30.362509,78.081187,Metropolitian ,2.937443361922226,Short
4808,22.551084,88.354127,22.631084,88.434127,Metropolitian ,12.107250921527276,Medium
4809,26.913726,75.75282,26.983726,75.82282,Urban ,10.4272257028948,Medium
4810,19.876219,75.346017,19.956219,75.426017,Metropolitian ,12.20986413244792,Medium
4811,17.410371,78.437225,17.460371,78.487225,Urban ,7.684168603439796,Medium
4812,12.975377,77.696664,13.005377,77.726664,Metropolitian ,4.6576255671474405,Short
4813,23.354422,85.3329,23.464422,85.4429,Urban ,16.601240146481604,Long
4814,22.761226,75.887522,22.831226,75.957521,Metropolitian ,10.586484616278236,Medium
4815,19.055831,72.833984,19.135831,72.913984,Metropolitian ,12.239035527316547,Medium
4816,23.357804,85.325146,23.377804,85.345146,Metropolitian ,3.01884125862851,Short
4817,22.515082,88.36783,22.525082,88.37783,Metropolitian ,1.5137650551011137,Short
4818,13.045479,80.23311,13.095479,80.28311,Urban ,7.76148623771488,Medium
4819,9.988483,76.295211,10.098483,76.405211,Urban ,17.165842266655574,Long
4820,26.891191,75.802083,26.941191,75.852083,Metropolitian ,7.44897015193315,Medium
4821,23.351489,85.324253,23.441489,85.414253,Urban ,13.583440059633803,Medium
4822,11.016298,76.972076,11.146298,77.102076,Metropolitian ,20.25325804770789,Long
4823,11.003681,76.975525,11.083681,77.055525,Urban ,12.464329297636855,Medium
4824,-30.885915,75.788259,30.945915,75.848259,Metropolitian ,6875.388717740813,Very Long
4825,19.055831,72.833984,19.065831,72.843984,Metropolitian ,1.5300320235204852,Short
4826,10.035573,76.336958,10.045573,76.346958,Metropolitian ,1.5605381560428593,Short
4827,30.899584,75.809346,30.909584,75.819346,Urban ,1.4651613615191275,Short
4828,12.975996,80.221898,13.065996,80.311898,Metropolitian ,13.97203602578282,Medium
4829,12.934179,77.615797,12.944179,77.625797,Urban ,1.5526974438937056,Short
4830,30.366322,78.070453,30.456322,78.160453,Metropolitian ,13.215100182600132,Medium
4831,21.149569,72.772697,21.279569,72.902697,Urban ,19.762388480863397,Long
4832,12.934179,77.615797,13.004179,77.685797,Urban ,10.868244074540765,Medium
4833,22.728163,75.884212,22.808163,75.964212,Urban ,12.100062421151955,Medium
4834,26.892312,75.806896,26.962312,75.876896,Urban ,10.428102699087209,Medium
4835,23.235123,77.398886,23.275123,77.438886,Metropolitian ,6.040023856917364,Medium
4836,21.157735,72.768778,21.217735,72.828778,Urban ,9.121874081415614,Medium
4837,19.121999,72.908493,19.191999,72.978493,Metropolitian ,10.707286388619469,Medium
4838,13.054347,80.257221,13.064347,80.267221,Urban ,1.5523313527254592,Short
4839,25.451646,81.832796,25.521646,81.902796,Urban ,10.485818012040044,Medium
4840,23.211529,77.419399,23.241529,77.449399,Metropolitian ,4.530462395475852,Short
4841,19.12663,72.829976,19.14663,72.849976,Urban ,3.0594028768205965,Short
4842,12.934365,77.616155,12.944365,77.626155,Metropolitian ,1.5526968797449292,Short
4843,-22.53796,88.349843,22.60796,88.419843,Metropolitian ,5020.002981587467,Very Long
4844,18.536562,73.896485,18.576562,73.936485,Urban ,6.128804224238824,Medium
4845,22.745536,75.893106,22.795536,75.943106,Metropolitian ,7.562478890452358,Medium
4846,26.90294,75.793007,27.03294,75.923007,Urban ,19.36338289365777,Long
4847,11.021278,76.995017,11.071278,77.045017,Metropolitian ,7.790172211356753,Medium
4848,30.905562,75.832841,31.045562,75.972841,Metropolitian ,20.50579892346357,Long
4849,25.454648,81.834502,25.494648,81.874502,Metropolitian ,5.992164712759857,Medium
4850,21.17106,72.789292,21.28106,72.899292,Metropolitian ,16.721416331329564,Long
4851,12.933284,77.615428,13.063284,77.745428,Metropolitian ,20.1827286692576,Long
4852,25.449872,81.836167,25.479872,81.866167,Metropolitian ,4.494287588880978,Short
4853,22.732225,75.874765,22.812225,75.954765,Urban ,12.099896960230081,Medium
4854,17.428294,78.404423,17.488294,78.464423,Urban ,9.220449825751444,Medium
4855,21.160522,72.771477,21.210522,72.821477,Urban ,7.601614738321658,Medium
4856,22.310526,73.170937,22.400526,73.260937,Urban ,13.631330662170539,Medium
4857,27.161661,78.011544,27.291661,78.141544,Metropolitian ,19.343613163277183,Long
4858,18.554382,73.798206,18.634382,73.878206,Other,12.256321133212582,Medium
4859,22.539129,88.365507,22.579129,88.405507,Metropolitian ,6.054271781604466,Medium
4860,30.899992,75.831338,30.979992,75.911338,Metropolitian ,11.719450614384145,Medium
4861,22.569358,88.433452,22.629358,88.493452,Metropolitian ,9.080187331945735,Medium
4862,26.849596,75.800512,26.899596,75.850512,Urban ,7.4501854082461625,Medium
4863,23.353783,85.326967,23.433783,85.406967,Urban ,12.074281945769592,Medium
4864,23.359194,85.325447,23.489194,85.455447,Urban ,19.618645096414483,Long
4865,19.120083,72.907385,19.210083,72.997385,Urban ,13.766192440642286,Medium
4866,22.538999,88.322337,22.578999,88.362337,Metropolitian ,6.054274408223472,Medium
4867,19.1813,72.836191,19.1913,72.846191,Metropolitian ,1.5294841761001008,Short
4868,26.90519,75.810753,26.98519,75.890753,Urban ,11.916994721599456,Medium
4869,22.515082,88.36783,22.625082,88.47783,Urban ,16.648636987261483,Long
4870,15.546594,73.760431,15.596594,73.810431,Metropolitian ,7.719720634478159,Medium
4871,9.957144,76.296783,10.047144,76.386783,Metropolitian ,14.045662159129055,Medium
4872,26.469003,80.316344,26.509003,80.356344,Metropolitian ,5.969103925572616,Medium
4873,23.359407,85.325055,23.369407,85.335055,Urban ,1.509438315599533,Short
4874,11.022477,76.995667,11.102477,77.075667,Other,12.463937409088205,Medium
4875,18.546947,73.900626,18.656947,74.010626,Other,16.852086415672474,Long
4876,25.449872,81.836167,25.559872,81.946167,Metropolitian ,16.476590576084117,Long
4877,15.516833,73.768172,15.576833,73.828172,Metropolitian ,9.26420124533124,Medium
4878,23.333017,85.3172,23.353017,85.3372,Urban ,3.0190991967407927,Short
4879,12.352058,76.60665,12.462058,76.71665,Urban ,17.097073943177282,Long
4880,26.90294,75.793007,26.94294,75.833007,Urban ,5.959018323622155,Medium
4881,22.553227,88.353273,22.683227,88.483273,Urban ,19.67249528098237,Long
4882,9.991703,76.293136,10.011703,76.313136,Metropolitian ,3.121260512333129,Short
4883,17.45971,78.368855,17.51971,78.428855,Other,9.219691659524232,Medium
4884,26.913987,75.752891,27.043987,75.882891,Urban ,19.36254180430375,Long
4885,12.935662,77.61413,12.955662,77.63413,Urban ,3.1053555451187216,Short
4886,12.323978,76.627961,12.433978,76.737961,Metropolitian ,17.097972861361782,Long
4887,11.001852,76.976268,11.081852,77.056268,Urban ,12.464367397048813,Medium
4888,10.028047,76.310019,10.088047,76.370019,Metropolitian ,9.362979595288152,Medium
4889,22.311603,73.165012,22.351603,73.205012,Urban ,6.058848944529893,Medium
4890,26.88842,75.800689,26.96842,75.880689,Metropolitian ,11.917779612814194,Medium
4891,12.337978,76.616792,12.387978,76.666792,Metropolitian ,7.772038818805788,Medium
4892,22.725835,75.887648,22.765835,75.927648,Urban ,6.050486021641284,Medium
4893,26.474986,80.342796,26.614986,80.482796,Other,20.88733123478813,Long
4894,-23.184992,77.417227,23.254992,77.487227,Urban ,5163.896155749033,Very Long
4895,12.975377,77.696664,13.025377,77.746664,Urban ,7.762556904358387,Medium
4896,12.970221,77.645396,13.080221,77.755396,Urban ,17.07679057474322,Long
4897,21.149669,72.772629,21.209669,72.832629,Other,9.122105539589876,Medium
4898,17.438263,78.397865,17.498263,78.457865,Urban ,9.220209378255118,Medium
4899,22.751857,75.866699,22.791857,75.906699,Urban ,6.049956259947208,Medium
4900,12.323994,76.626167,12.413994,76.716167,Urban ,13.989512053558421,Medium
4901,23.214459,77.434976,23.344459,77.564976,Metropolitian ,19.62843373220943,Long
4902,25.457116,81.859682,25.517116,81.919682,Metropolitian ,8.987828354730018,Medium
4903,13.054347,80.257221,13.094347,80.297221,Other,6.2091416432126145,Medium
4904,17.483216,78.552111,17.533216,78.602111,Urban ,7.682703792667152,Medium
4905,30.327968,78.046106,30.357968,78.076106,Metropolitian ,4.406348380307673,Short
4906,26.472001,80.354002,26.482001,80.364002,Metropolitian ,1.492345279281079,Short
4907,27.163303,78.057044,27.243303,78.137044,Urban ,11.904865487130733,Medium
4908,21.17106,72.789292,21.26106,72.879292,Metropolitian ,13.681590426854688,Medium
4909,19.22384,72.841347,19.28384,72.901347,Urban ,9.175127291638901,Medium
4910,25.449872,81.836167,25.509872,81.896167,Metropolitian ,8.988071540167574,Medium
4911,26.846156,75.8023,26.886156,75.8423,Urban ,5.960345509793814,Medium
4912,12.337928,76.617889,12.417928,76.697889,Metropolitian ,12.43491429512059,Medium
4913,19.866969,75.318894,19.956969,75.408894,Metropolitian ,13.736270134356161,Medium
4914,26.913483,75.803139,27.053483,75.943139,Urban ,20.851598740135532,Long
4915,13.081878,80.248519,13.121878,80.288519,Urban ,6.208803959900656,Medium
4916,26.902908,75.792934,26.972908,75.862934,Metropolitian ,10.427668815940937,Medium
4917,23.359407,85.325055,23.449407,85.415055,Metropolitian ,13.58306867027573,Medium
4918,9.960846,76.293936,9.980846,76.313936,Urban ,3.1214062495328907,Short
4919,12.352058,76.60665,12.412058,76.66665,Metropolitian ,9.326113870790188,Medium
4920,23.218998,77.373573,23.238998,77.393573,Metropolitian ,3.020282705089033,Short
4921,21.186884,72.793616,21.216884,72.823616,Metropolitian ,4.5607340557692995,Short
4922,11.022298,76.998349,11.112298,77.088349,Urban ,14.021816217040834,Medium
4923,19.875016,75.322405,19.935016,75.382405,Urban ,9.157702644260812,Medium
4924,17.429585,78.392621,17.509585,78.472621,Metropolitian ,12.29356968829498,Medium
4925,-10.035573,76.336958,10.105573,76.406958,Urban ,2239.6066383100933,Very Long
4926,19.888716,75.321461,20.018716,75.451461,Metropolitian ,19.83881806119574,Long
4927,-26.472001,80.354002,26.552001,80.434002,Metropolitian ,5896.006237482067,Very Long
4928,26.846156,75.8023,26.886156,75.8423,Metropolitian ,5.960345509793814,Medium
4929,15.544419,73.755736,15.624419,73.835736,Metropolitian ,12.351181659045928,Medium
4930,11.006686,76.951736,11.066686,77.011736,Urban ,9.348356419300965,Medium
4931,12.323978,76.627961,12.333978,76.637961,Urban ,1.5545063790422489,Short
4932,11.024839,77.007003,11.094839,77.077003,Urban ,10.905993510336524,Medium
4933,21.149669,72.772629,21.189669,72.812629,Urban ,6.081595038517454,Medium
4934,30.88722,75.804893,30.91722,75.834893,Urban ,4.395530071409432,Short
4935,19.866969,75.318894,19.886969,75.338894,Metropolitian ,3.0528213653154195,Short
4936,12.311072,76.654878,12.391072,76.734878,Urban ,12.43553817483714,Medium
4937,22.751234,75.88949,22.811234,75.94949,Urban ,9.074647672837386,Medium
4938,12.939496,77.625999,12.969496,77.655999,Metropolitian ,4.657952854119634,Short
4939,22.514688,88.393294,22.604688,88.483294,Urban ,13.622085234490497,Medium
4940,30.899992,75.831338,30.929992,75.861338,Metropolitian ,4.395281348843725,Short
4941,12.284747,76.625861,12.414747,76.755861,Other,20.20779793335838,Long
4942,21.186438,72.794115,21.246438,72.854115,Urban ,9.121049806498057,Medium
4943,22.761593,75.886362,22.891593,76.016362,Urban ,19.658727827948344,Long
4944,12.970324,77.645748,12.980324,77.655748,Urban ,1.5525876685605666,Short
4945,22.745536,75.893106,22.755536,75.903106,Metropolitian ,1.5125976112066861,Short
4946,30.89286,75.822199,30.90286,75.832199,Metropolitian ,1.465205001898216,Short
4947,9.979186,76.317361,10.089186,76.427361,Metropolitian ,17.166085007858385,Long
4948,26.913726,75.75282,27.003726,75.842821,Urban ,13.405971717381835,Medium
4949,19.176269,72.836721,19.246269,72.906721,Urban ,10.705622903497021,Medium
4950,10.96185,76.971082,11.01185,77.021082,Urban ,7.790944138439638,Medium
4951,21.160437,72.774209,21.190437,72.804209,Urban ,4.5611135889923915,Short
4952,22.725835,75.887648,22.835835,75.997648,Urban ,16.6368750388607,Long
4953,26.902908,75.792934,26.942908,75.832934,Urban ,5.95901907216883,Medium
4954,12.949934,77.699386,12.969934,77.719386,Urban ,3.1052688831334736,Short
4955,12.933298,77.614293,12.973298,77.654293,Semi-Urban ,6.210618323093113,Medium
4956,12.316967,76.603067,12.356967,76.643067,Urban ,6.217932880263854,Medium
4957,26.90519,75.810753,26.96519,75.870753,Urban ,8.938097379310701,Medium
4958,30.335259,78.053162,30.375259,78.093162,Urban ,5.874816158028355,Medium
4959,25.457116,81.859682,25.517116,81.919682,Urban ,8.987828354730018,Medium
4960,30.893234,75.82172,30.963234,75.89172,Urban ,10.255054073729166,Medium
4961,12.935662,77.61413,12.945662,77.62413,Urban ,1.552692945660692,Short
4962,26.483042,80.317833,26.543042,80.377833,Urban ,8.95282274667059,Medium
4963,12.906229,77.596791,12.956229,77.646791,Urban ,7.763607607839583,Medium
4964,26.472001,80.354002,26.562001,80.444002,Metropolitian ,13.429027601857683,Medium
4965,26.47775,80.351569,26.51775,80.391569,Metropolitian ,5.968901918017364,Medium
4966,23.359194,85.325447,23.399194,85.365447,Urban ,6.037445236368049,Medium
4967,15.5696,73.742294,15.6596,73.832294,Metropolitian ,13.894095776998826,Medium
4968,11.026117,76.944652,11.116117,77.034652,Semi-Urban ,14.021726512882225,Medium
4969,13.091809,80.219104,13.221809,80.349104,Urban ,20.17641424368773,Long
4970,12.3085,76.665808,12.3485,76.705808,Metropolitian ,6.218030984114909,Medium
4971,22.308096,73.167753,22.368096,73.227753,Metropolitian ,9.088078142012026,Medium
4972,15.157944,73.950889,15.267944,74.060889,Metropolitian ,16.997489196413778,Long
4973,17.410371,78.437225,17.480371,78.507225,Semi-Urban ,10.757554773158116,Medium
4974,19.103249,72.846749,19.153249,72.896749,Metropolitian ,7.648690101362567,Medium
4975,22.727021,75.884167,22.797021,75.954167,Urban ,10.587773645835737,Medium
4976,17.458998,78.500366,17.528998,78.570366,Urban ,10.756185975480696,Medium
4977,12.3085,76.665808,12.3685,76.725808,Urban ,9.3268725291157,Medium
4978,22.533662,88.366217,22.663662,88.496217,Metropolitian ,19.673782443832884,Long
4979,23.351489,85.324253,23.411489,85.384253,Urban ,9.056095962461821,Medium
4980,21.186884,72.793616,21.216884,72.823616,Other,4.5607340557692995,Short
4981,19.22384,72.841347,19.29384,72.911347,Metropolitian ,10.704161271431294,Medium
4982,17.430448,78.418213,17.480448,78.468213,Urban ,7.683765443179538,Medium
4983,11.022298,76.998349,11.052298,77.028349,Urban ,4.674173521866497,Short
4984,21.170798,72.790489,21.210798,72.830489,Urban ,6.081190891367921,Medium
4985,12.986047,80.218114,12.996047,80.228114,Metropolitian ,1.5525398251391473,Short
4986,27.16185,78.040165,27.30185,78.180165,Metropolitian ,20.831154126510466,Long
4987,11.000762,76.981876,11.010762,76.991876,Metropolitian ,1.5581398113181721,Short
4988,19.888716,75.321461,19.938716,75.371461,Metropolitian ,7.631222020276632,Medium
4989,30.899584,75.809346,31.039584,75.949346,Metropolitian ,20.5063430012194,Long
4990,30.895204,75.822103,30.935204,75.862103,Urban ,5.860369574648301,Medium
4991,11.001852,76.976268,11.051852,77.026268,Urban ,7.790424984867233,Medium
4992,10.035573,76.336958,10.085573,76.386958,Metropolitian ,7.802453018269191,Medium
4993,12.284747,76.625861,12.324747,76.665861,Urban ,6.218305855613888,Medium
4994,13.086438,80.220672,13.176438,80.310672,Other,13.968990746014814,Medium
4995,27.161694,78.034714,27.201694,78.074714,Metropolitian ,5.9529425379151055,Medium
4996,21.160522,72.771477,21.190522,72.801477,Urban ,4.561112369848115,Short
4997,17.410371,78.437225,17.440371,78.467225,Urban ,4.610621612645362,Short
4998,18.563934,73.915367,18.633934,73.985367,Urban ,10.724145471030434,Medium
4999,18.563934,73.915367,18.693935,74.045367,Urban ,19.91468696554527,Long
5000,30.902872,75.826808,30.942872,75.866808,Metropolitian ,5.86017042391043,Medium
5001,27.159795,78.04299,27.209795,78.09299,Metropolitian ,7.441086731738456,Medium
5002,23.359194,85.325447,23.469194,85.435447,Urban ,16.600966466271768,Long
5003,23.211529,77.419399,23.231529,77.439399,Urban ,3.020360060848501,Short
5004,26.90519,75.810753,26.91519,75.820753,Urban ,1.489829154062601,Short
5005,15.546594,73.760431,15.676594,73.890431,Urban ,20.069389638817952,Long
5006,11.003008,76.97544,11.023008,76.99544,Metropolitian ,3.1162419915689035,Short
5007,26.483042,80.317833,26.613042,80.447833,Metropolitian ,19.395149836984093,Long
5008,15.157944,73.950889,15.197944,73.990889,Urban ,6.181400210651418,Medium
5009,26.481547,80.299775,26.611547,80.429775,Urban ,19.395262229985597,Long
5010,23.234631,77.401663,23.254631,77.421663,Metropolitian ,3.0201207270533965,Short
5011,15.506205,73.766668,15.526205,73.786668,Metropolitian ,3.0882880256844563,Short
5012,11.022477,76.995667,11.072477,77.045667,Metropolitian ,7.790156595702905,Medium
5013,12.972161,77.596014,13.102161,77.726014,Metropolitian ,20.18118687522162,Long
5014,18.569156,73.774723,18.659156,73.864723,Urban ,13.78760310695544,Medium
5015,21.149569,72.772697,21.189569,72.812697,Urban ,6.081596950436747,Medium
5016,9.985697,76.281128,10.025697,76.321128,Metropolitian ,6.24248318071937,Medium
5017,30.893244,75.821817,30.923244,75.851817,Urban ,4.395412768889883,Short
5018,18.56245,73.916619,18.59245,73.946619,Other,4.596336792439127,Short
5019,12.939496,77.625999,12.999496,77.685999,Urban ,9.315632087047462,Medium
5020,12.321214,76.621094,12.451214,76.751094,Urban ,20.206420943723945,Long
5021,25.450377,81.834236,25.560377,81.944236,Metropolitian ,16.476559473751028,Long
5022,15.544419,73.755736,15.674419,73.885736,Metropolitian ,20.069492072746456,Long
5023,30.335259,78.053162,30.375259,78.093162,Metropolitian ,5.874816158028355,Medium
5024,26.921411,75.793604,27.051411,75.923604,Urban ,19.361976407426454,Long
5025,-23.235123,77.398886,23.315123,77.478886,Metropolitian ,5176.158407946109,Very Long
5026,22.761226,75.887522,22.781226,75.907522,Metropolitian ,3.0249845915967644,Short
5027,19.22384,72.841347,19.27384,72.891347,Urban ,7.646049300624619,Medium
5028,23.369746,85.33982,23.379746,85.34982,Urban ,1.5093844931457416,Short
5029,12.323994,76.626167,12.433994,76.736167,Metropolitian ,17.097972349714478,Long
5030,26.90294,75.793007,27.03294,75.923007,Metropolitian ,19.36338289365777,Long
5031,13.026279,80.174568,13.076279,80.224568,Urban ,7.761780026109035,Medium
5032,-25.453436,81.833167,25.513436,81.893167,Metropolitian ,5667.261257985415,Very Long
5033,22.695207,75.866059,22.715207,75.886059,Urban ,3.0256560842058073,Short
5034,17.41233,78.449654,17.43233,78.469654,Urban ,3.0737721530635134,Short
5035,27.158822,78.045359,27.168822,78.055359,Metropolitian ,1.488340940946108,Short
5036,26.47,80.35,26.56,80.44,Metropolitian ,13.429131650089202,Medium
5037,25.449872,81.836167,25.529872,81.916167,Metropolitian ,11.98364740210336,Medium
5038,19.1813,72.836191,19.2113,72.866191,Metropolitian ,4.588321086013784,Short
5039,22.310526,73.170937,22.360526,73.220937,Metropolitian ,7.573462889023593,Medium
5040,19.003517,72.82765,19.093517,72.91765,Metropolitian ,13.770769583770821,Medium
5041,25.454697,81.834492,25.524697,81.904492,Metropolitian ,10.485698499568594,Medium
5042,12.913041,77.683237,12.993041,77.763237,Metropolitian ,12.421242442901876,Medium
5043,17.438263,78.397865,17.498263,78.457865,Metropolitian ,9.220209378255118,Medium
5044,22.569358,88.433452,22.639358,88.503452,Metropolitian ,10.593374673263682,Medium
5045,18.569156,73.774723,18.679156,73.884723,Metropolitian ,16.851045489710398,Long
5046,23.234631,77.401663,23.264631,77.431663,Metropolitian ,4.530103329085747,Short
5047,25.457116,81.859682,25.587116,81.989682,Metropolitian ,19.47107785123517,Long
5048,23.233219,77.433571,23.283219,77.483571,Metropolitian ,7.549949499004438,Medium
5049,22.761593,75.886362,22.791593,75.916362,Metropolitian ,4.537394871786458,Short
5050,17.455894,78.375467,17.515894,78.435467,Metropolitian ,9.219783818325867,Medium
5051,23.264015,77.408236,23.324015,77.468236,Metropolitian ,9.05882502219252,Medium
5052,26.479108,80.315042,26.619108,80.455042,Metropolitian ,20.886997510665058,Long
5053,15.506205,73.766668,15.516205,73.776668,Metropolitian ,1.5441620252115225,Short
5054,19.055831,72.833984,19.135831,72.913984,Other,12.239035527316547,Medium
5055,9.982834,76.283268,10.042834,76.343268,Urban ,9.363623288889148,Medium
5056,30.89286,75.822199,30.94286,75.872199,Metropolitian ,7.325375664354321,Medium
5057,30.885814,75.786976,30.915814,75.816976,Metropolitian ,4.395557447433842,Short
5058,26.47,80.35,26.51,80.39,Urban ,5.969080903053881,Medium
5059,26.483672,80.320708,26.533672,80.370708,Metropolitian ,7.460811932597024,Medium
5060,27.195928,77.998092,27.245928,78.048092,Urban ,7.440021530825979,Medium
5061,11.024839,77.007003,11.064839,77.047003,Urban ,6.232152800668448,Medium
5062,13.091809,80.219104,13.151809,80.279104,Urban ,9.31283846749252,Medium
5063,18.927584,72.832585,18.977584,72.882585,Metropolitian ,7.652510173140083,Medium
5064,12.325461,76.632278,12.405461,76.712278,Urban ,12.435204072231482,Medium
5065,13.026286,80.275235,13.036286,80.285235,Urban ,1.5524171298907212,Short
5066,26.921411,75.793604,26.971411,75.843604,Urban ,7.448086298120305,Medium
5067,30.890184,75.829615,30.970184,75.909615,Metropolitian ,11.719960263754484,Medium
5068,-23.214459,77.434976,23.304459,77.524976,Metropolitian ,5172.676817630949,Very Long
5069,19.888716,75.321461,19.908716,75.341461,Metropolitian ,3.052624657159104,Short
5070,23.355164,85.324097,23.365164,85.334097,Other,1.50946039783608,Short
5071,10.006881,76.345397,10.096881,76.435397,Metropolitian ,14.044600875522605,Medium
5072,12.933284,77.615428,13.013284,77.695428,Urban ,12.420750390870992,Medium
5073,18.536718,73.830327,18.576718,73.870328,Urban ,6.128874096846778,Medium
5074,19.878028,75.317475,19.928028,75.367475,Urban ,7.63146393347645,Medium
5075,15.56155,73.749092,15.67155,73.859092,Metropolitian ,16.98159434210999,Long
5076,22.311358,73.164798,22.361358,73.214798,Urban ,7.573442055128552,Medium
5077,30.342509,78.061187,30.422509,78.141187,Metropolitian ,11.748234358740095,Medium
5078,27.160832,78.011608,27.190832,78.041608,Urban ,4.464810553177014,Short
5079,11.026117,76.944652,11.046117,76.964652,Other,3.116121839413346,Short
5080,13.029198,77.570997,13.079198,77.620997,Other,7.7617353876913695,Medium
5081,19.876994,75.372353,19.926994,75.422353,Metropolitian ,7.631487330979442,Medium
5082,21.170798,72.790489,21.200798,72.820489,Urban ,4.560964950803957,Short
5083,22.751234,75.88949,22.831234,75.96949,Metropolitian ,12.099122314389145,Medium
5084,21.173343,72.792731,21.303343,72.922731,Metropolitian ,19.760907746585524,Long
5085,17.433809,78.386744,17.463809,78.416744,Other,4.610339345524889,Short
5086,17.424114,78.347554,17.534114,78.457554,Urban ,16.903235903520294,Long
5087,27.201725,78.007553,27.231725,78.037553,Metropolitian ,4.464087375691772,Short
5088,25.449659,81.839744,25.519659,81.909744,Metropolitian ,10.48589583967922,Medium
5089,22.751857,75.866699,22.781857,75.896699,Urban ,4.537543599594834,Short
5090,25.457687,81.835585,25.547687,81.925585,Metropolitian ,13.480957508143753,Medium
5091,19.091458,72.827808,19.161458,72.897808,Urban ,10.708220667367732,Medium
5092,13.026286,80.275235,13.106286,80.355235,Metropolitian ,12.418480328293056,Medium
5093,17.41233,78.449654,17.54233,78.579654,Metropolitian ,19.976644021153277,Long
5094,0.0,0.0,0.09,0.09,Other,14.15280068944862,Medium
5095,18.536562,73.896485,18.616562,73.976485,Urban ,12.256927745914059,Medium
5096,15.546594,73.760431,15.606594,73.820431,Metropolitian ,9.263556234288778,Medium
5097,12.906229,77.596791,12.996229,77.686791,Urban ,13.97394708077045,Medium
5098,22.514119,88.362504,22.554119,88.402504,Metropolitian ,6.054776863332018,Medium
5099,27.165108,78.015053,27.255108,78.105053,Other,13.392612276663753,Medium
5100,19.1813,72.836191,19.2313,72.886191,Metropolitian ,7.646982582847339,Medium
5101,11.022477,76.995667,11.152477,77.125667,Metropolitian ,20.253048125430862,Long
5102,19.876428,75.364792,19.946428,75.434792,Metropolitian ,10.683783113047943,Medium
5103,30.372202,78.077151,30.512202,78.217151,Other,20.554044808543495,Long
5104,22.761226,75.887522,22.871226,75.997522,Urban ,16.634890709262812,Long
5105,30.328174,78.049117,30.388174,78.109117,Metropolitian ,8.81211195037857,Medium
5106,22.75004,75.902847,22.77004,75.922847,Metropolitian ,3.025098484224585,Short
5107,22.761226,75.887522,22.801226,75.927522,Other,6.049765396707846,Medium
5108,25.454648,81.834502,25.484648,81.864502,Metropolitian ,4.494207464001916,Short
5109,13.054347,80.257221,13.124347,80.327221,Metropolitian ,10.865675782879832,Medium
5110,17.483216,78.552111,17.533216,78.602111,Metropolitian ,7.682703792667152,Medium
5111,27.159795,78.04299,27.299795,78.18299,Metropolitian ,20.831323891911687,Long
5112,26.921411,75.793604,26.951411,75.823604,Urban ,4.4690273945058,Short
5113,11.024839,77.007003,11.054839,77.037003,Other,4.674153680097568,Short
5114,17.411028,78.329645,17.461028,78.379645,Metropolitian ,7.68415541716563,Medium
5115,22.311844,73.165081,22.391844,73.245081,Urban ,12.116886186591207,Medium
5116,26.913483,75.803139,26.983483,75.873139,Metropolitian ,10.427235657896192,Medium
5117,-26.483042,80.317833,26.513042,80.347833,Metropolitian ,5892.896548711077,Very Long
5118,30.885814,75.786976,30.955814,75.856976,Metropolitian ,10.255391358669177,Medium
5119,22.514688,88.393294,22.554688,88.433294,Metropolitian ,6.054765377624042,Medium
5120,9.960846,76.293936,9.990846,76.323936,Metropolitian ,4.68207398015276,Short
5121,30.914057,75.83982,31.044057,75.96982,Metropolitian ,19.040804245924914,Long
5122,26.473698,80.352677,26.603698,80.482677,Metropolitian ,19.395852229075146,Long
5123,26.482581,80.315628,26.492581,80.325628,Urban ,1.492284214789466,Short
5124,23.235123,77.398886,23.325123,77.488886,Metropolitian ,13.588885841386851,Medium
5125,19.874733,75.353942,19.944733,75.423942,Metropolitian ,10.6838368290816,Medium
5126,26.911927,75.797282,26.921927,75.807282,Other,1.4897897668124565,Short
5127,23.359194,85.325447,23.449194,85.415447,Urban ,13.583078662316938,Medium
5128,30.342509,78.061187,30.432509,78.151187,Metropolitian ,13.216474838927533,Medium
5129,26.892312,75.806896,26.952313,75.866896,Metropolitian ,8.938632299918709,Medium
5130,18.53408,73.89852,18.64408,74.00852,Metropolitian ,16.85268897082353,Long
5131,22.728163,75.884212,22.738163,75.894212,Urban ,1.5126859754650717,Short
5132,18.563934,73.915367,18.593934,73.945367,Metropolitian ,4.596317855298041,Short
5133,13.091809,80.219104,13.111809,80.239104,Urban ,3.104402431477633,Short
5134,13.044694,80.26147,13.094694,80.31147,Urban ,7.761498257466512,Medium
5135,22.75004,75.902847,22.80004,75.952847,Other,7.562364213495182,Medium
5136,15.506205,73.766668,15.566205,73.826668,Metropolitian ,9.264431306461436,Medium
5137,12.310972,76.659264,12.340972,76.689264,Metropolitian ,4.663545220953049,Short
5138,12.299524,76.64262,12.409524,76.75262,Metropolitian ,17.098754108174983,Long
5139,19.888716,75.321461,19.948716,75.381461,Metropolitian ,9.157330481426587,Medium
5140,23.214459,77.434976,23.244459,77.464976,Other,4.530416872303222,Short
5141,26.471617,80.313564,26.511617,80.353564,Urban ,5.969043562148867,Medium
5142,15.56155,73.749092,15.69155,73.879092,Metropolitian ,20.068684908563057,Long
5143,22.732225,75.874765,22.762225,75.904765,Other,4.537843333696582,Short
5144,11.001753,76.986241,11.061753,77.046241,Urban ,9.34843343001985,Medium
5145,9.985697,76.281128,10.025697,76.321128,Urban ,6.24248318071937,Medium
5146,26.910262,75.783013,26.970262,75.843013,Urban ,8.937919334802222,Medium
5147,21.149834,72.778666,21.259834,72.888666,Urban ,16.722534467336015,Long
5148,19.131141,72.813074,19.221141,72.903074,Urban ,13.765756924310372,Medium
5149,15.585658,73.743606,15.605658,73.763606,Urban ,3.0877142298264055,Short
5150,12.98041,77.640489,13.01041,77.670489,Urban ,4.657579589646416,Short
5151,17.440827,78.393391,17.510827,78.463391,Urban ,10.756697879102664,Medium
5152,30.893081,75.821495,31.003081,75.931495,Metropolitian ,16.113665369962735,Long
5153,18.554382,73.798206,18.684382,73.928206,Urban ,19.915135664660756,Long
5154,18.592718,73.773572,18.702718,73.883572,Urban ,16.849939918016943,Long
5155,25.457687,81.835585,25.507687,81.885585,Metropolitian ,7.489980958999241,Medium
5156,23.369746,85.33982,23.429746,85.39982,Urban ,9.055525276451691,Medium
5157,21.149669,72.772629,21.189669,72.812629,Other,6.081595038517454,Medium
5158,25.457116,81.859682,25.567116,81.969682,Metropolitian ,16.47614437887927,Long
5159,-21.183434,-72.814492,21.193434,72.824492,Urban ,16459.806879821786,Very Long
5160,12.334022,76.618203,12.344022,76.628203,Other,1.5544772821915442,Short
5161,21.157735,72.768778,21.177735,72.788778,Urban ,3.0408160408563645,Short
5162,30.899992,75.831338,30.939992,75.871338,Urban ,5.860245226448315,Medium
5163,12.310972,76.659264,12.400972,76.749264,Urban ,13.98985232208903,Medium
5164,30.893234,75.82172,30.933234,75.86172,Urban ,5.860420733130576,Medium
5165,17.430448,78.418213,17.440448,78.428213,Urban ,1.536833442519257,Short
5166,19.875337,75.316722,19.955337,75.396722,Metropolitian ,12.209896084297622,Medium
5167,17.45971,78.368855,17.52971,78.438855,Urban ,10.756165907453376,Medium
5168,22.569367,88.433187,22.679367,88.543187,Metropolitian ,16.64561635782317,Long
5169,12.972161,77.596014,13.082161,77.706014,Other,17.076725433736108,Long
5170,25.449872,81.836167,25.589872,81.976167,Urban ,20.96902845452305,Long
5171,17.424114,78.347554,17.434114,78.357554,Metropolitian ,1.5368588631563926,Short
5172,11.000762,76.981876,11.130762,77.111876,Urban ,20.253785359470154,Long
5173,22.745536,75.893106,22.805536,75.953106,Urban ,9.074821802568325,Medium
5174,26.846156,75.8023,26.866156,75.8223,Metropolitian ,2.9802895422000986,Short
5175,23.39925,85.390464,23.42925,85.420464,Metropolitian ,4.527535939190851,Short
5176,22.695207,75.866059,22.805207,75.976059,Urban ,16.638590183209914,Long
5177,22.744648,75.894377,22.784648,75.934377,Metropolitian ,6.050103074349287,Medium
5178,22.728163,75.884212,22.798163,75.954212,Other,10.587732954177016,Medium
5179,15.516833,73.768172,15.526833,73.778172,Urban ,1.544123739455204,Short
5180,22.533662,88.366217,22.543662,88.376217,Urban ,1.5136713101650987,Short
5181,25.449872,81.836167,25.479872,81.866167,Other,4.494287588880978,Short
5182,21.173493,72.801953,21.183493,72.811953,Metropolitian ,1.520356596171103,Short
5183,30.372202,78.077151,30.512202,78.217151,Metropolitian ,20.554044808543495,Long
5184,15.5696,73.742294,15.6496,73.822294,Metropolitian ,12.350452449574634,Medium
5185,22.732225,75.874765,22.752225,75.894765,Urban ,3.0252797724229556,Short
5186,22.745049,75.892471,22.775049,75.922471,Urban ,4.537647566708679,Short
5187,18.536562,73.896485,18.646562,74.006485,Urban ,16.8525727694511,Long
5188,30.902872,75.826808,30.972872,75.896808,Metropolitian ,10.254615880614923,Medium
5189,17.430448,78.418213,17.480448,78.468213,Metropolitian ,7.683765443179538,Medium
5190,21.160437,72.774209,21.170437,72.784209,Urban ,1.520419007277728,Short
5191,26.905287,75.794592,27.015287,75.904592,Urban ,16.38489468676678,Long
5192,18.51421,73.838429,18.57421,73.898429,Urban ,9.193520993944482,Medium
5193,9.991703,76.293136,10.061703,76.363136,Metropolitian ,10.92399706063902,Medium
5194,13.044694,80.26147,13.104694,80.32147,Other,9.313705947301067,Medium
5195,21.160437,72.774209,21.180437,72.794209,Metropolitian ,3.040790211399868,Short
5196,26.492106,80.327797,26.632106,80.467797,Metropolitian ,20.885944899482514,Long
5197,12.304569,76.643622,12.354569,76.693622,Other,7.772523200443598,Medium
5198,22.552672,88.352885,22.612672,88.412885,Metropolitian ,9.080693652587582,Medium
5199,26.911927,75.797282,26.931927,75.817282,Metropolitian ,2.979521049499676,Short
5200,10.003064,76.307589,10.053064,76.357589,Metropolitian ,7.802839040445297,Medium
5201,22.722634,75.886959,22.832634,75.996959,Urban ,16.63705438488544,Long
5202,30.366322,78.070453,30.396322,78.100453,Metropolitian ,4.405611015774031,Short
5203,18.55144,73.804855,18.68144,73.934855,Urban ,19.91529866449363,Long
5204,10.028047,76.310019,10.138047,76.420019,Urban ,17.164806817113913,Long
5205,30.366322,78.070453,30.436322,78.140453,Metropolitian ,10.278860723637093,Medium
5206,19.254567,72.848923,19.324567,72.918923,Metropolitian ,10.703215446671617,Medium
5207,22.310526,73.170937,22.330526,73.190937,Urban ,3.0295354155428034,Short
5208,26.90294,75.793007,26.98294,75.873007,Urban ,11.917100051488175,Medium
5209,26.483042,80.317833,26.503042,80.337833,Urban ,2.9845053660742904,Short
5210,9.959778,76.296106,10.049778,76.386106,Metropolitian ,14.045606083672102,Medium
5211,21.173343,72.792731,21.243343,72.862731,Other,10.641495972351645,Medium
5212,12.934179,77.615797,12.964179,77.645797,Urban ,4.658001279265716,Short
5213,17.455894,78.375467,17.545894,78.465467,Other,13.829131656291406,Medium
5214,26.47775,80.351569,26.55775,80.431569,Metropolitian ,11.936879026141396,Medium
5215,22.753839,75.897429,22.793838,75.937429,Metropolitian ,6.049834150687111,Medium
5216,12.975996,80.221898,13.025996,80.271898,Urban ,7.762547474464038,Medium
5217,26.88842,75.800689,26.94842,75.860689,Urban ,8.938685874464054,Medium
5218,10.028047,76.310019,10.058047,76.340019,Metropolitian ,4.681596819866569,Short
5219,30.905562,75.832841,30.915562,75.842841,Metropolitian ,1.465122557159567,Short
5220,13.091809,80.219104,13.141809,80.269104,Urban ,7.760775621293748,Medium
5221,12.326356,76.619103,12.376356,76.669103,Urban ,7.772207463584353,Medium
5222,12.975377,77.696664,12.995377,77.716664,Urban ,3.105114162498081,Short
5223,23.351058,85.325731,23.371058,85.345731,Semi-Urban ,3.018911481757933,Short
5224,19.065838,72.832658,19.145838,72.912658,Metropolitian ,12.238686345325087,Medium
5225,15.516833,73.768172,15.536833,73.788172,Metropolitian ,3.0882114310657927,Short
5226,12.913041,77.683237,12.973041,77.743237,Urban ,9.316114128266072,Medium
5227,21.160522,72.771477,21.200522,72.811477,Urban ,6.081387490812904,Medium
5228,12.326356,76.619103,12.336356,76.629103,Urban ,1.554499492178499,Short
5229,26.891191,75.802083,26.901191,75.812083,Urban ,1.4899109729393811,Short
5230,25.450317,81.831681,25.590317,81.971681,Metropolitian ,20.968993556154878,Long
5231,22.753659,75.903365,22.763659,75.913365,Metropolitian ,1.5125562753620365,Short
5232,21.186438,72.794115,21.276438,72.884115,Other,13.680927409308628,Medium
5233,17.455894,78.375467,17.485894,78.405467,Urban ,4.610073053799367,Short
5234,30.893244,75.821817,30.963244,75.891817,Metropolitian ,10.255053619128228,Medium
5235,13.005801,80.250744,13.045801,80.290744,Urban ,6.209735433841793,Medium
5236,12.986047,80.218114,13.046047,80.278114,Urban ,9.314781588432984,Medium
5237,25.449872,81.836167,25.519872,81.906167,Metropolitian ,10.48588749704316,Medium
5238,18.592718,73.773572,18.682718,73.863572,Urban ,13.786698988714315,Medium
5239,23.211529,77.419399,23.341529,77.549399,Metropolitian ,19.628631360378602,Long
5240,23.234249,77.434007,23.304249,77.504007,Urban ,10.569528655031638,Medium
5241,30.893081,75.821495,30.903081,75.831495,Metropolitian ,1.4652035676629849,Short
5242,13.029198,77.570997,13.049198,77.590997,Urban ,3.1047859175292585,Short
5243,13.027018,80.254791,13.067018,80.294791,Urban ,6.209476177667365,Medium
5244,26.956431,75.776649,26.996431,75.816649,Urban ,5.957766072701184,Medium
5245,21.170798,72.790489,21.260798,72.880489,Metropolitian ,13.68160171925099,Medium
5246,30.895817,75.813112,30.925817,75.843112,Metropolitian ,4.395362661087074,Short
5247,12.304569,76.643622,12.324569,76.663622,Metropolitian ,3.109096155702616,Short
5248,26.471529,80.313458,26.581529,80.423458,Metropolitian ,16.412649595909297,Long
5249,23.359407,85.325055,23.469407,85.435055,Semi-Urban ,16.600954249350806,Long
5250,26.481547,80.299775,26.561547,80.379775,Urban ,11.93670350744452,Medium
5251,13.029198,77.570997,13.119198,77.660997,Urban ,13.970572124439327,Medium
5252,19.876106,75.340775,19.896106,75.360775,Other,3.0527387417978322,Short
5253,22.310526,73.170937,22.350526,73.210937,Metropolitian ,6.058870515565477,Medium
5254,30.914057,75.83982,30.954057,75.87982,Metropolitian ,5.859879867526011,Medium
5255,26.474133,80.3481,26.524133,80.3981,Urban ,7.4610873930933135,Medium
5256,23.351489,85.324253,23.481489,85.454253,Urban ,19.619167493303834,Long
5257,12.323994,76.626167,12.333994,76.636167,Urban ,1.554506332709329,Short
5258,12.337978,76.616792,12.427978,76.706792,Urban ,13.989146264476776,Medium
5259,12.337978,76.616792,12.397978,76.676792,Urban ,9.326359385740087,Medium
5260,12.913041,77.683237,12.933041,77.703237,Urban ,3.1054927165608044,Short
5261,11.003669,76.976494,11.093669,77.066494,Metropolitian ,14.022253362357478,Medium
5262,22.31279,73.170283,22.44279,73.300283,Urban ,19.68824693188188,Long
5263,19.876994,75.372353,19.966994,75.462353,Metropolitian ,13.735861544288948,Medium
5264,26.846156,75.8023,26.976156,75.9323,Urban ,19.367701972031373,Long
5265,12.299524,76.64262,12.389524,76.73262,Metropolitian ,13.990151177257284,Medium
5266,12.98041,77.640489,13.00041,77.660489,Urban ,3.1050835221083886,Short
5267,25.450317,81.831681,25.540317,81.921681,Metropolitian ,13.481328815607993,Medium
5268,27.160832,78.011608,27.170832,78.021608,Metropolitian ,1.4883291030435744,Short
5269,30.340722,78.060221,30.430722,78.150221,Urban ,13.216577965789263,Medium
5270,30.885915,75.788259,30.935915,75.838259,Metropolitian ,7.325601106655946,Medium
5271,17.431668,78.408321,17.461668,78.438321,Other,4.610365144356333,Short
5272,30.899992,75.831338,30.949992,75.881338,Urban ,7.325144114150348,Medium
5273,22.311358,73.164798,22.421358,73.274798,Urban ,16.659917302375856,Long
5274,19.065838,72.832658,19.125838,72.892658,Urban ,9.17927668802904,Medium
5275,10.028047,76.310019,10.038047,76.320019,Urban ,1.5605560162486167,Short
5276,22.745536,75.893106,22.765536,75.913106,Urban ,3.025144329113472,Short
5277,26.482581,80.315628,26.592581,80.425628,Metropolitian ,16.411946865277535,Long
5278,27.158822,78.045359,27.208822,78.095359,Metropolitian ,7.441115400372341,Medium
5279,9.979186,76.317361,10.029186,76.367361,Urban ,7.803121800165666,Medium
5280,26.913726,75.75282,26.963726,75.80282,Urban ,7.448311138215742,Medium
5281,30.902872,75.826808,30.912872,75.836808,Other,1.46514001913691,Short
5282,17.438263,78.397865,17.488263,78.447865,Urban ,7.6836083972334634,Medium
5283,17.458998,78.500366,17.498998,78.540366,Urban ,6.146633645960491,Medium
5284,12.970221,77.645396,12.990221,77.665396,Metropolitian ,3.1051455399284373,Short
5285,10.994136,76.963303,11.014136,76.983303,Semi-Urban ,3.116288055541825,Short
5286,26.766536,75.837333,26.786536,75.857333,Urban ,2.9812178551917157,Short
5287,27.161694,78.034714,27.231694,78.104714,Urban ,10.417030220680232,Medium
5288,25.449659,81.839744,25.499659,81.889744,Metropolitian ,7.490205511614625,Medium
5289,22.751234,75.88949,22.761234,75.89949,Metropolitian ,1.512568616883653,Short
5290,19.207222,72.972281,19.217222,72.982281,Metropolitian ,1.5293705867137957,Short
5291,22.311603,73.165012,22.341603,73.195012,Urban ,4.544211841489229,Short
5292,19.091458,72.827808,19.201458,72.937808,Urban ,16.826241648658563,Long
5293,12.934179,77.615797,13.044179,77.725797,Urban ,17.077999100718745,Long
5294,30.893234,75.82172,30.923234,75.85172,Metropolitian ,4.39541296362873,Short
5295,22.695207,75.866059,22.725207,75.896059,Metropolitian ,4.5384079078620765,Short
5296,18.533811,73.899315,18.643811,74.009315,Metropolitian ,16.852701563922263,Long
5297,23.351489,85.324253,23.371489,85.344253,Urban ,3.0189069957364936,Short
5298,17.429585,78.392621,17.449585,78.412621,Urban ,3.0736336615829787,Short
5299,23.353783,85.326967,23.423783,85.396967,Urban ,10.565179206181494,Medium
5300,15.51315,73.78346,15.57315,73.84346,Metropolitian ,9.26428098680503,Medium
5301,11.006686,76.951736,11.096686,77.041736,Metropolitian ,14.022182614283688,Medium
5302,0.0,0.0,0.09,0.09,Semi-Urban ,14.15280068944862,Medium
5303,13.022394,80.242439,13.112394,80.332439,Metropolitian ,13.970759660747298,Medium
5304,12.934365,77.616155,12.994365,77.676155,Metropolitian ,9.315725653468553,Medium
5305,15.303897,73.914336,15.433897,74.044336,Urban ,20.080737234983474,Long
5306,18.520016,73.830547,18.610016,73.920547,Metropolitian ,13.789485363023905,Medium
5307,19.879631,75.323403,19.909631,75.353403,Metropolitian ,4.578992412219994,Short
5308,22.514119,88.362504,22.594119,88.442504,Metropolitian ,12.108745430933785,Medium
5309,21.149669,72.772629,21.209669,72.832629,Urban ,9.122105539589876,Medium
5310,9.959778,76.296106,9.979778,76.316106,Metropolitian ,3.12141128582804,Short
5311,13.022394,80.242439,13.042394,80.262439,Urban ,3.104827485600211,Short
5312,27.160934,78.044095,27.200934,78.084095,Metropolitian ,5.952960450572389,Medium
5313,19.103249,72.846749,19.183249,72.926749,Urban ,12.237379473671204,Medium
5314,25.453436,81.833167,25.473436,81.853167,Metropolitian ,2.9962078010128708,Short
5315,12.979166,77.640709,13.109166,77.770709,Urban ,20.180908601249474,Long
5316,13.027018,80.254791,13.157018,80.384791,Metropolitian ,20.179003858084783,Long
5317,22.526461,88.364453,22.656461,88.494453,Metropolitian ,19.674255949937947,Long
5318,15.49395,73.827423,15.57395,73.907423,Metropolitian ,12.352639858960428,Medium
5319,15.561295,73.749478,15.651295,73.839478,Metropolitian ,13.894366560077227,Medium
5320,-19.879631,75.323403,20.009631,75.453403,Metropolitian ,4435.506157851396,Very Long
5321,12.972793,80.249982,13.052793,80.329982,Metropolitian ,12.419787919081514,Medium
5322,19.12663,72.829976,19.17663,72.879976,Metropolitian ,7.648179253473649,Medium
5323,19.003517,72.82765,19.023517,72.84765,Metropolitian ,3.060475538708932,Short
5324,22.651847,75.881991,22.781847,76.011991,Metropolitian ,19.665992611713545,Long
5325,10.006881,76.345397,10.086881,76.425397,Urban ,12.484184857474988,Medium
5326,30.340722,78.060221,30.400722,78.120221,Metropolitian ,8.811629447251995,Medium
5327,21.15276,72.778059,21.16276,72.788059,Urban ,1.5204556895834413,Short
5328,26.90294,75.793007,26.97294,75.863007,Urban ,10.427667505405765,Medium
5329,11.001753,76.986241,11.041753,77.026241,Metropolitian ,6.232393050016353,Medium
5330,27.157772,78.04725,27.247772,78.13725,Urban ,13.393001594700907,Medium
5331,23.214294,77.435361,23.274294,77.495361,Metropolitian ,9.060372371427626,Medium
5332,17.426228,78.407495,17.486228,78.467495,Urban ,9.220499640906151,Medium
5333,22.760072,75.892574,22.770072,75.902574,Urban ,1.5125236323328126,Short
5334,17.431668,78.408321,17.451668,78.428321,Urban ,3.0736169345595563,Short
5335,27.195928,77.998092,27.335928,78.138092,Metropolitian ,20.828337442887594,Long
5336,12.323225,76.630028,12.383225,76.690028,Other,9.326616348119142,Medium
5337,22.311844,73.165081,22.321844,73.175081,Metropolitian ,1.514786139865219,Short
5338,30.359722,78.067079,30.409722,78.117079,Urban ,7.342575883380865,Medium
5339,22.310329,73.169083,22.380329,73.239083,Urban ,10.602504075104662,Medium
5340,30.893244,75.821817,30.913244,75.841817,Metropolitian ,2.9303401069040076,Short
5341,11.008638,76.984311,11.098638,77.074311,Urban ,14.022136830289135,Medium
5342,12.316967,76.603067,12.426967,76.713067,Urban ,17.098196997717192,Long
5343,23.359033,85.325347,23.389033,85.355347,Other,4.5281645804083706,Short
5344,25.451517,81.832616,25.561517,81.942616,Metropolitian ,16.476489260696045,Long
5345,19.875908,75.358888,19.905908,75.388888,Metropolitian ,4.579042936878116,Short
5346,12.970221,77.645396,13.050221,77.725396,Urban ,12.41985066025304,Medium
5347,13.02978,80.208812,13.05978,80.238812,Urban ,4.657127681974944,Short
5348,26.913987,75.752891,26.963987,75.802891,Urban ,7.448303502970299,Medium
5349,-19.874449,75.360232,19.884449,75.370232,Metropolitian ,4420.987880758174,Very Long
5350,11.008638,76.984311,11.098638,77.074311,Other,14.022136830289135,Medium
5351,22.727021,75.884167,22.837021,75.994167,Metropolitian ,16.636808584025314,Long
5352,23.214294,77.435361,23.284294,77.505361,Metropolitian ,10.570252908042878,Medium
5353,19.055831,72.833984,19.085831,72.863984,Metropolitian ,4.589965403039523,Short
5354,26.88842,75.800689,27.01842,75.930689,Urban ,19.36448799328119,Long
5355,13.045479,80.23311,13.105479,80.29311,Other,9.31369151832629,Medium
5356,22.5491,88.400467,22.6291,88.480467,Urban ,12.107331188827189,Medium
5357,23.416792,85.316842,23.476792,85.376842,Urban ,9.054052950169236,Medium
5358,26.911378,75.789034,27.001378,75.879034,Other,13.406029476290403,Medium
5359,9.957144,76.296783,9.987144,76.326783,Metropolitian ,4.682100175478491,Short
5360,12.337978,76.616792,12.367978,76.646792,Urban ,4.663310416717064,Short
5361,13.066762,80.251865,13.136762,80.321865,Urban ,10.865409153294255,Medium
5362,26.891191,75.802083,27.031191,75.942083,Urban ,20.85342649196895,Long
5363,12.972793,80.249982,13.022793,80.299982,Metropolitian ,7.7625962645802185,Medium
5364,26.913987,75.752891,26.973987,75.812891,Urban ,8.937788557677608,Medium
5365,12.337928,76.617889,12.397928,76.677889,Urban ,9.32636025711815,Medium
5366,26.49095,80.318656,26.51095,80.338656,Urban ,2.984414040468754,Short
5367,30.873988,75.842739,30.933988,75.902739,Urban ,8.79099099258771,Medium
5368,13.044694,80.26147,13.134694,80.35147,Urban ,13.970144665452906,Medium
5369,26.921411,75.793604,27.061411,75.933604,Urban ,20.85094842431246,Long
5370,18.554382,73.798206,18.574382,73.818206,Urban ,3.064335674796572,Short
5371,23.374989,85.335486,23.454989,85.415486,Metropolitian ,12.073397681482868,Medium
5372,17.411028,78.329645,17.491028,78.409645,Other,12.294166376368977,Medium
5373,-10.020683,76.310631,10.130683,76.420631,Metropolitian ,2240.762702851076,Very Long
5374,13.026286,80.275235,13.076286,80.325235,Metropolitian ,7.761779919073881,Medium
5375,12.981615,80.231598,13.061615,80.311598,Urban ,12.419572625827414,Medium
5376,17.440827,78.393391,17.570827,78.523391,Metropolitian ,19.975152579495987,Long
5377,25.451646,81.832796,25.521646,81.902796,Metropolitian ,10.485818012040044,Medium
5378,12.972532,77.608179,13.062532,77.698179,Other,13.972131143082873,Medium
5379,10.96185,76.971082,10.97185,76.981082,Metropolitian ,1.5582406301375815,Short
5380,19.055831,72.833984,19.095831,72.873984,Urban ,6.119866712015095,Medium
5381,12.323978,76.627961,12.403978,76.707961,Metropolitian ,12.435238523728827,Medium
5382,10.006881,76.345397,10.076881,76.415397,Metropolitian ,10.92374498616851,Medium
5383,26.469003,80.316344,26.489003,80.336344,Urban ,2.9846674418809918,Short
5384,30.88722,75.804893,30.97722,75.894893,Metropolitian ,13.184836004655338,Medium
5385,22.722634,75.886959,22.782634,75.946959,Urban ,9.075521306663873,Medium
5386,22.533662,88.366217,22.613662,88.446217,Metropolitian ,12.107955561823152,Medium
5387,19.131141,72.813074,19.151141,72.833074,Urban ,3.0593634547238002,Short
5388,22.514119,88.362504,22.644119,88.492504,Metropolitian ,19.675067204081714,Long
5389,23.359033,85.325347,23.429033,85.395347,Other,10.564987742503048,Medium
5390,26.911927,75.797282,27.041927,75.927282,Metropolitian ,19.36269866793402,Long
5391,22.760072,75.892574,22.870072,76.002574,Semi-Urban ,16.63495545420935,Long
5392,23.374878,85.335739,23.454878,85.415739,Urban ,12.073402311815487,Medium
5393,10.003064,76.307589,10.113064,76.417589,Metropolitian ,17.165461121214904,Long
5394,17.45971,78.368855,17.47971,78.388855,Urban ,3.0733915714428806,Short
5395,21.186608,72.794136,21.276608,72.884136,Metropolitian ,13.680920077460073,Medium
5396,26.483042,80.317833,26.553042,80.387833,Metropolitian ,10.444757509939699,Medium
5397,18.533811,73.899315,18.563811,73.929315,Urban ,4.59670198232915,Short
5398,22.751234,75.88949,22.791234,75.92949,Metropolitian ,6.049968949183629,Medium
5399,22.577821,88.400581,22.637821,88.460581,Metropolitian ,9.079930407559697,Medium
5400,25.450329,81.834279,25.560329,81.944279,Metropolitian ,16.476562430034004,Long
5401,30.893384,75.821202,30.943384,75.871202,Urban ,7.325358653271573,Medium
5402,23.416792,85.316842,23.456792,85.356842,Urban ,6.036244196933848,Medium
5403,19.878028,75.317475,19.918028,75.357475,Metropolitian ,6.105261700694544,Medium
5404,18.994049,72.825203,19.074049,72.905203,Metropolitian ,12.241187680095402,Medium
5405,12.981615,80.231598,13.011615,80.261598,Metropolitian ,4.657568579194856,Short
5406,23.353783,85.326967,23.373783,85.346967,Metropolitian ,3.0188831176824724,Short
5407,26.471617,80.313564,26.561617,80.403564,Metropolitian ,13.429047569621149,Medium
5408,19.12663,72.829976,19.21663,72.919976,Metropolitian ,13.765934616154224,Medium
5409,12.337928,76.617889,12.467928,76.747889,Urban ,20.20578852233764,Long
5410,9.982834,76.283268,10.092834,76.393268,Metropolitian ,17.16598978604082,Long
5411,18.593481,73.785901,18.663481,73.855901,Semi-Urban ,10.72326417216742,Medium
5412,12.337978,76.616792,12.377978,76.656792,Other,6.217689154531195,Medium
5413,23.354422,85.3329,23.364422,85.3429,Urban ,1.5094642591454117,Short
5414,19.254567,72.848923,19.334567,72.928923,Other,12.232070021478455,Medium
5415,27.159795,78.04299,27.199795,78.08299,Metropolitian ,5.952987295249576,Medium
5416,19.003517,72.82765,19.073517,72.89765,Metropolitian ,10.710903359654141,Medium
5417,17.411028,78.329645,17.491028,78.409645,Urban ,12.294166376368977,Medium
5418,13.049645,80.242268,13.109645,80.302268,Metropolitian ,9.313614929814461,Medium
5419,22.695207,75.866059,22.735207,75.906059,Urban ,6.051108888205529,Medium
5420,30.372202,78.077151,30.432202,78.137151,Urban ,8.810418322295401,Medium
5421,9.957144,76.296783,10.087144,76.426783,Metropolitian ,20.28756188228953,Long
5422,19.875016,75.322405,19.925016,75.372405,Metropolitian ,7.631532086428807,Medium
5423,-30.319528,78.040267,30.379528,78.100267,Metropolitian ,6749.430062415571,Very Long
5424,30.885915,75.788259,31.015915,75.918259,Metropolitian ,19.04318217718017,Long
5425,12.323194,76.630583,12.363194,76.670583,Urban ,6.21786068914486,Medium
5426,17.426228,78.407495,17.516228,78.497495,Metropolitian ,13.830206237242644,Medium
5427,12.3085,76.665808,12.3385,76.695808,Urban ,4.663566689152346,Short
5428,19.876106,75.340775,19.986106,75.450775,Other,16.787820514671036,Long
5429,15.51315,73.78346,15.62315,73.89346,Metropolitian ,16.983521006782112,Long
5430,19.874103,75.368419,19.934103,75.428419,Urban ,9.157727437937343,Medium
5431,12.979096,77.640625,13.029096,77.690625,Other,7.762500242365809,Medium
5432,22.651847,75.881991,22.671847,75.901991,Metropolitian ,3.026096197898876,Short
5433,26.892312,75.806896,26.902313,75.816896,Metropolitian ,1.4899874085572802,Short
5434,10.96185,76.971082,11.03185,77.041082,Urban ,10.90714015156803,Medium
5435,30.335259,78.053162,30.405259,78.123162,Metropolitian ,10.28025496348197,Medium
5436,18.53408,73.89852,18.56408,73.92852,Metropolitian ,4.596698554557409,Short
5437,11.02091,76.940432,11.04091,76.960432,Urban ,3.116148933802485,Short
5438,19.1093,72.825451,19.2393,72.955451,Urban ,19.883974328360555,Long
5439,26.910262,75.783013,26.940262,75.813013,Urban ,4.469223038792755,Short
5440,22.311358,73.164798,22.371358,73.224798,Urban ,9.087980108212873,Medium
5441,30.346994,78.062543,30.396994,78.112543,Metropolitian ,7.342983872895605,Medium
5442,19.876106,75.340775,19.886106,75.350775,Metropolitian ,1.5263919839634295,Short
5443,11.000762,76.981876,11.110762,77.091876,Urban ,17.138105845699737,Long
5444,22.32,73.17,22.38,73.23,Urban ,9.087720328092061,Medium
5445,12.299524,76.64262,12.349524,76.69262,Urban ,7.772596236164969,Medium
5446,19.120083,72.907385,19.140083,72.927385,Urban ,3.0594600768348914,Short
5447,26.473698,80.352677,26.513698,80.392677,Urban ,5.968995503545939,Medium
5448,9.982834,76.283268,10.052834,76.353268,Metropolitian ,10.92414418404851,Medium
5449,19.1813,72.836191,19.2513,72.906191,Metropolitian ,10.705468478530399,Medium
5450,13.022394,80.242439,13.102394,80.322439,Metropolitian ,12.418575637818305,Medium
5451,26.902908,75.792934,26.992908,75.882934,Metropolitian ,13.40647565432987,Medium
5452,26.47775,80.351569,26.56775,80.441569,Urban ,13.42872862976706,Medium
5453,26.905287,75.794592,26.975287,75.864592,Metropolitian ,10.427571382480743,Medium
5454,21.186438,72.794115,21.206438,72.814115,Metropolitian ,3.0405415100024062,Short
5455,30.873988,75.842739,31.013988,75.982739,Metropolitian ,20.508671730996234,Long
5456,27.161661,78.011544,27.291661,78.141544,Urban ,19.343613163277183,Long
5457,26.88842,75.800689,26.92842,75.840689,Urban ,5.959357904253761,Medium
5458,19.875337,75.316722,19.915337,75.356722,Urban ,6.105310401829159,Medium
5459,21.183434,72.814492,21.213434,72.844492,Urban ,4.560783589287882,Short
5460,27.158822,78.045359,27.188822,78.075359,Urban ,4.4648460771921075,Short
5461,15.5696,73.742294,15.6396,73.812294,Metropolitian ,10.806772793809671,Medium
5462,19.12663,72.829976,19.19663,72.899976,Metropolitian ,10.707144604561766,Medium
5463,9.966783,76.242981,10.056783,76.332981,Metropolitian ,14.045456883617987,Medium
5464,21.160522,72.771477,21.170522,72.781477,Urban ,1.52041860106364,Short
5465,26.902328,75.794257,27.042328,75.934257,Urban ,20.85251350342755,Long
5466,27.163303,78.057044,27.173303,78.067044,Metropolitian ,1.4883145491314158,Short
5467,12.913041,77.683237,12.923041,77.693237,Urban ,1.5527615060232507,Short
5468,26.902328,75.794257,27.032328,75.924257,Urban ,19.363429481747797,Long
5469,30.893234,75.82172,31.003234,75.93172,Metropolitian ,16.11365443502283,Long
5470,19.12663,72.829976,19.15663,72.859976,Urban ,4.589038751024413,Short
5471,21.149569,72.772697,21.159569,72.782697,Urban ,1.5204709334102882,Short
5472,26.766536,75.837333,26.856536,75.927333,Urban ,13.413644078076189,Medium
5473,13.086438,80.220672,13.216439,80.350672,Metropolitian ,20.176709024393897,Long
5474,19.1093,72.825451,19.1493,72.865451,Urban ,6.1189337686419085,Medium
5475,12.972793,80.249982,13.082793,80.359982,Other,17.076704210539905,Long
5476,19.065838,72.832658,19.135838,72.902658,Urban ,10.709003371535461,Medium
5477,13.064181,80.236442,13.134181,80.306442,Urban ,10.865464603780305,Medium
5478,22.551084,88.354127,22.591084,88.394127,Metropolitian ,6.054030177983235,Medium
5479,12.933298,77.614293,12.943298,77.624293,Urban ,1.5527001159062177,Short
5480,12.978453,77.643685,12.988453,77.653685,Other,1.5525629397905474,Short
5481,19.003517,72.82765,19.033517,72.85765,Urban ,4.590648124312618,Short
5482,19.875908,75.358888,19.885908,75.368888,Metropolitian ,1.5263928791733756,Short
5483,27.157772,78.04725,27.247772,78.13725,Metropolitian ,13.393001594700907,Medium
5484,23.371292,85.327872,23.451292,85.407872,Urban ,12.073551890748877,Medium
5485,17.428294,78.404423,17.508294,78.484423,Urban ,12.293611218402292,Medium
5486,18.56245,73.916619,18.60245,73.956619,Other,6.128363939648328,Medium
5487,12.323978,76.627961,12.353978,76.657961,Urban ,4.6634322016198295,Short
5488,19.1813,72.836191,19.2613,72.916191,Urban ,12.23464551715604,Medium
5489,27.16185,78.040165,27.22185,78.100165,Metropolitian ,8.929054495274405,Medium
5490,19.207222,72.972281,19.287222,73.052281,Urban ,12.23373531013507,Medium
5491,23.214459,77.434976,23.244459,77.464976,Metropolitian ,4.530416872303222,Short
5492,27.161661,78.011544,27.251661,78.101544,Urban ,13.392795217612347,Medium
5493,11.010375,76.95295,11.040375,76.98295,Urban ,4.6742665652744515,Short
5494,27.16185,78.040165,27.19185,78.070165,Urban ,4.4647925606219045,Short
5495,22.725748,75.898497,22.805747,75.978497,Urban ,12.10007905561433,Medium
5496,12.299524,76.64262,12.349524,76.69262,Metropolitian ,7.772596236164969,Medium
5497,30.885915,75.788259,30.925915,75.828259,Metropolitian ,5.86061077816155,Medium
5498,21.149669,72.772629,21.179669,72.802629,Other,4.561267998363487,Short
5499,17.433809,78.386744,17.513809,78.466744,Other,12.293433786974466,Medium
5500,12.972532,77.608179,13.042532,77.678179,Urban ,10.86742683448041,Medium
5501,22.311603,73.165012,22.361603,73.215012,Urban ,7.57343592001987,Medium
5502,12.972161,77.596014,13.012161,77.636014,Urban ,6.210145663324481,Medium
5503,19.103249,72.846749,19.113249,72.856749,Urban ,1.529825358632522,Short
5504,12.311072,76.654878,12.371072,76.714878,Urban ,9.326827803406037,Medium
5505,22.538731,88.364878,22.558731,88.384878,Urban ,3.0272409501705257,Short
5506,23.39925,85.390464,23.50925,85.500464,Semi-Urban ,16.598667340505997,Long
5507,17.430448,78.418213,17.560448,78.548213,Metropolitian ,19.97569604145084,Long
5508,25.45235,81.841889,25.46235,81.851889,Metropolitian ,1.498137931848185,Short
5509,22.74806,75.8934,22.82806,75.9734,Urban ,12.099251698245435,Medium
5510,21.186438,72.794115,21.206438,72.814115,Urban ,3.0405415100024062,Short
5511,22.732225,75.874765,22.742225,75.884765,Urban ,1.5126653201049498,Short
5512,18.593481,73.785901,18.613481,73.805901,Urban ,3.0640029565838653,Short
5513,26.482581,80.315628,26.542581,80.375628,Metropolitian ,8.952838725883222,Medium
5514,25.451517,81.832616,25.581517,81.962616,Metropolitian ,19.471485569343805,Long
5515,23.374878,85.335739,23.464878,85.425739,Urban ,13.582342704259935,Medium
5516,22.761226,75.887522,22.821226,75.947522,Other,9.074342229264849,Medium
5517,21.157729,72.768726,21.247729,72.858726,Urban ,13.682164847733418,Medium
5518,22.74806,75.8934,22.77806,75.9234,Urban ,4.537601588064418,Short
5519,22.695207,75.866059,22.725207,75.896059,Urban ,4.5384079078620765,Short
5520,18.530963,73.828972,18.600963,73.898972,Urban ,10.725127399399016,Medium
5521,12.939496,77.625999,12.959496,77.645999,Urban ,3.105332273396694,Short
5522,30.890184,75.829615,30.930184,75.869615,Metropolitian ,5.860499933288795,Medium
5523,19.131141,72.813074,19.26114,72.943074,Urban ,19.88265014741632,Long
5524,13.02978,80.208812,13.08978,80.268812,Metropolitian ,9.313979922202103,Medium
5525,27.163303,78.057044,27.223303,78.117044,Urban ,8.929003109242238,Medium
5526,27.163303,78.057044,27.233303,78.127044,Metropolitian ,10.416963824321542,Medium
5527,25.443994,81.860187,25.493994,81.910187,Urban ,7.4903639335705385,Medium
5528,23.214459,77.434976,23.284459,77.504976,Metropolitian ,10.570246921646227,Medium
5529,18.994237,72.825553,19.014237,72.845553,Metropolitian ,3.060556140526367,Short
5530,9.982834,76.283268,10.012834,76.313268,Metropolitian ,4.681918198002204,Short
5531,12.325461,76.632278,12.435461,76.742278,Urban ,17.097925435354377,Long
5532,22.307898,73.167788,22.317898,73.177788,Urban ,1.5148058859286486,Short
5533,17.450851,78.379347,17.540851,78.469347,Urban ,13.829314445199007,Medium
5534,21.160522,72.771477,21.290522,72.901477,Urban ,19.7617064674139,Long
5535,22.538999,88.322337,22.548999,88.332337,Urban ,1.5136443701725657,Short
5536,12.975377,77.696664,13.005377,77.726664,Other,4.6576255671474405,Short
5537,19.12663,72.829976,19.19663,72.899976,Urban ,10.707144604561766,Medium
5538,18.53408,73.89852,18.59408,73.95852,Urban ,9.19301447226726,Medium
5539,30.362686,78.06889,30.382686,78.08889,Metropolitian ,2.937184754123003,Short
5540,18.593481,73.785901,18.603481,73.795901,Urban ,1.5320227740635555,Short
5541,22.651847,75.881991,22.671847,75.901991,Urban ,3.026096197898876,Short
5542,11.008638,76.984311,11.018638,76.994311,Urban ,1.5581193629490961,Short
5543,10.006881,76.345397,10.136881,76.475397,Metropolitian ,20.286025937858113,Long
5544,18.539299,73.897902,18.589299,73.947902,Urban ,7.660840811905869,Medium
5545,12.299524,76.64262,12.329524,76.67262,Urban ,4.663644606869416,Short
5546,9.979186,76.317361,10.039186,76.377361,Metropolitian ,9.36367510199416,Medium
5547,18.55144,73.804855,18.66144,73.914855,Metropolitian ,16.851875921652915,Long
5548,25.450317,81.831681,25.460317,81.841681,Metropolitian ,1.4981492967821919,Short
5549,25.450317,81.831681,25.510317,81.891681,Urban ,8.988056602876895,Medium
5550,17.458998,78.500366,17.588998,78.630366,Metropolitian ,19.97420040269076,Long
5551,21.183434,72.814492,21.223434,72.854492,Other,6.08094902595068,Medium
5552,11.016298,76.972076,11.046298,77.002076,Urban ,4.674220356186495,Short
5553,23.214459,77.434976,23.274459,77.494976,Urban ,9.060367241168006,Medium
5554,22.547186,88.35068,22.657186,88.46068,Metropolitian ,16.646851348388015,Long
5555,0.0,0.0,0.13,0.13,Semi-Urban ,20.44292976252901,Long
5556,30.366322,78.070453,30.376322,78.080453,Metropolitian ,1.4686011256503368,Short
5557,21.15276,72.778059,21.24276,72.868059,Urban ,13.682378876484883,Medium
5558,12.949934,77.699386,12.959934,77.709386,Urban ,1.5526496306640611,Short
5559,18.53408,73.89852,18.58408,73.94852,Urban ,7.660951720810321,Medium
5560,13.045479,80.23311,13.135479,80.32311,Urban ,13.970122998262735,Medium
5561,13.027018,80.254791,13.087018,80.314791,Urban ,9.314030628227469,Medium
5562,12.933284,77.615428,12.953284,77.635428,Urban ,3.1053699758611257,Short
5563,21.160522,72.771477,21.180522,72.791477,Metropolitian ,3.040789398805262,Short
5564,22.514119,88.362504,22.564119,88.412504,Urban ,7.568344841161899,Medium
5565,13.02978,80.208812,13.03978,80.218812,Urban ,1.5524064590046618,Short
5566,30.359722,78.067079,30.399722,78.107079,Metropolitian ,5.874189001970487,Medium
5567,27.165108,78.015053,27.305108,78.155053,Metropolitian ,20.83088495953358,Long
5568,27.159795,78.04299,27.239795,78.12299,Metropolitian ,11.905030946256586,Medium
5569,12.98041,77.640489,13.05041,77.710489,Urban ,10.867258681531938,Medium
5570,18.554382,73.798206,18.604382,73.848206,Urban ,7.660520124204573,Medium
5571,26.47,80.35,26.61,80.49,Metropolitian ,20.887734854501883,Long
5572,21.17106,72.789292,21.25106,72.869292,Urban ,12.161605446009546,Medium
5573,21.173343,72.792731,21.263343,72.882731,Urban ,13.681492022668552,Medium
5574,26.911927,75.797282,26.961927,75.847282,Urban ,7.448363764234143,Medium
5575,26.913726,75.75282,26.943726,75.78282,Urban ,4.469162258883854,Short
5576,19.254567,72.848923,19.274567,72.868923,Urban ,3.0582815752496066,Short
5577,12.299524,76.64262,12.309524,76.65262,Urban ,1.5545771256178644,Short
5578,18.554382,73.798206,18.574382,73.818206,Metropolitian ,3.064335674796572,Short
5579,25.453436,81.833167,25.523436,81.903167,Metropolitian ,10.485747896338353,Medium
5580,0.0,0.0,0.03,0.03,Other,4.717601092054723,Short
5581,22.308096,73.167753,22.418096,73.277753,Metropolitian ,16.660097204546695,Long
5582,23.39925,85.390464,23.45925,85.450464,Urban ,9.05460222816931,Medium
5583,21.157735,72.768778,21.287735,72.898778,Urban ,19.76188003558642,Long
5584,25.457687,81.835585,25.497687,81.875585,Metropolitian ,5.992096714696384,Medium
5585,12.337928,76.617889,12.417928,76.697889,Other,12.43491429512059,Medium
5586,23.184992,77.417227,23.244992,77.477227,Urban ,9.061282952127822,Medium
5587,30.361281,78.068022,30.451281,78.158022,Urban ,13.215391250313326,Medium
5588,12.979166,77.640709,13.089166,77.750709,Other,17.07649014379418,Long
5589,26.474986,80.342796,26.514986,80.382796,Urban ,5.9689657569670524,Medium
5590,27.159795,78.04299,27.229795,78.11299,Metropolitian ,10.417108580082195,Medium
5591,15.5696,73.742294,15.5896,73.762294,Urban ,3.087830419112998,Short
5592,21.173493,72.801953,21.183493,72.811953,Urban ,1.520356596171103,Short
5593,22.310237,73.158921,22.370237,73.218921,Metropolitian ,9.088013799330726,Medium
5594,17.430448,78.418213,17.460448,78.448213,Urban ,4.610379843930833,Short
5595,23.218998,77.373573,23.298998,77.453573,Metropolitian ,12.07988641881922,Medium
5596,17.429585,78.392621,17.459585,78.422621,Urban ,4.610390241502114,Short
5597,10.027014,76.308053,10.107014,76.388053,Metropolitian ,12.483801883949974,Medium
5598,11.016298,76.972076,11.066298,77.022076,Metropolitian ,7.7902370528029685,Medium
5599,15.576683,73.75575,15.616683,73.79575,Metropolitian ,6.175413559945785,Medium
5600,23.233219,77.433571,23.243219,77.443571,Urban ,1.5100935919220129,Short
5601,22.753659,75.903365,22.823659,75.973365,Urban ,10.586824027282663,Medium
5602,30.340722,78.060221,30.470722,78.190221,Metropolitian ,19.08894300946947,Long
5603,9.979363,76.285001,10.069363,76.375001,Metropolitian ,14.0451886858139,Medium
5604,22.751857,75.866699,22.841857,75.956699,Urban ,13.611254468564427,Medium
5605,12.975996,80.221898,13.085996,80.331898,Urban ,17.07659663544434,Long
5606,22.751857,75.866699,22.771857,75.886699,Urban ,3.02507998731458,Short
5607,25.451517,81.832616,25.481517,81.862616,Urban ,4.494259992815335,Short
5608,17.458998,78.500366,17.488998,78.530366,Metropolitian ,4.610035602261126,Short
5609,21.157735,72.768778,21.207735,72.818778,Urban ,7.601681384870109,Medium
5610,18.554382,73.798206,18.564382,73.808206,Urban ,1.5321890925572603,Short
5611,22.526461,88.364453,22.586461,88.424453,Metropolitian ,9.081488351334354,Medium
5612,22.31279,73.170283,22.36279,73.220283,Urban ,7.573406195224253,Medium
5613,13.066762,80.251865,13.086762,80.271865,Metropolitian ,3.1045560524380664,Short
5614,13.027018,80.254791,13.037018,80.264791,Urban ,1.5524148945451,Short
5615,19.876106,75.340775,19.946106,75.410775,Metropolitian ,10.683793317824042,Medium
5616,17.451976,78.385883,17.511976,78.445883,Urban ,9.219878421274407,Medium
5617,27.195928,77.998092,27.275928,78.078092,Metropolitian ,11.903325884417335,Medium
5618,22.539129,88.365507,22.669129,88.495507,Metropolitian ,19.67342287138614,Long
5619,27.163303,78.057044,27.203303,78.097044,Urban ,5.952904613631212,Medium
5620,13.091809,80.219104,13.131809,80.259104,Other,6.208681984040334,Medium
5621,26.47775,80.351569,26.50775,80.381569,Metropolitian ,4.476763082164227,Short
5622,12.337928,76.617889,12.417928,76.697889,Urban ,12.43491429512059,Medium
5623,27.201725,78.007553,27.271725,78.077553,Metropolitian ,10.41537739869493,Medium
5624,18.53408,73.89852,18.55408,73.91852,Urban ,3.0645081868526045,Short
5625,19.178321,72.834715,19.238321,72.894715,Urban ,9.176325854672063,Medium
5626,19.875337,75.316722,19.945337,75.386722,Other,10.683817688261671,Medium
5627,19.875016,75.322405,19.895016,75.342405,Metropolitian ,3.0527486001649304,Short
5628,26.90519,75.810753,27.04519,75.950753,Metropolitian ,20.85227883430338,Long
5629,15.157944,73.950889,15.177944,73.970889,Metropolitian ,3.090770684288168,Short
5630,30.905562,75.832841,30.925562,75.852841,Metropolitian ,2.9301801830621628,Short
5631,12.970324,77.645748,13.020324,77.695748,Urban ,7.762633866101948,Medium
5632,30.362686,78.06889,30.432686,78.13889,Metropolitian ,10.279023976292116,Medium
5633,21.173493,72.801953,21.253493,72.881953,Other,12.161512247541806,Medium
5634,27.160934,78.044095,27.240934,78.124095,Other,11.904977225765439,Medium
5635,22.547186,88.35068,22.617186,88.42068,Metropolitian ,10.594159660087193,Medium
5636,12.934365,77.616155,13.004365,77.686155,Metropolitian ,10.868240116750606,Medium
5637,26.846156,75.8023,26.876156,75.8323,Other,4.47034673425613,Short
5638,26.913726,75.75282,26.953726,75.792821,Urban ,5.958831946914483,Medium
5639,17.410371,78.437225,17.450371,78.477225,Urban ,6.147415198874891,Medium
5640,19.875016,75.322405,19.955016,75.402405,Metropolitian ,12.20990771271856,Medium
5641,9.991703,76.293136,10.051703,76.353136,Urban ,9.363497244407858,Medium
5642,27.158822,78.045359,27.188822,78.075359,Metropolitian ,4.4648460771921075,Short
5643,12.978453,77.643685,13.038453,77.703685,Metropolitian ,9.314920531575272,Medium
5644,26.902328,75.794257,26.962328,75.854257,Urban ,8.938197833559254,Medium
5645,30.893081,75.821495,30.983081,75.911495,Urban ,13.184493382091121,Medium
5646,9.960846,76.293936,10.000846,76.333936,Metropolitian ,6.242718082866637,Medium
5647,19.876994,75.372353,19.926994,75.422353,Urban ,7.631487330979442,Medium
5648,23.359407,85.325055,23.489407,85.455055,Urban ,19.618630653002565,Long
5649,18.563934,73.915367,18.623935,73.975367,Metropolitian ,9.19233320768987,Medium
5650,26.474133,80.3481,26.614133,80.4881,Metropolitian ,20.887400289949536,Long
5651,11.022477,76.995667,11.072477,77.045667,Urban ,7.790156595702905,Medium
5652,12.979166,77.640709,12.989166,77.650709,Urban ,1.552560770108671,Short
5653,11.022169,76.999594,11.032169,77.009594,Urban ,1.5580841994909265,Short
5654,12.972161,77.596014,13.062161,77.686014,Urban ,13.97214132886662,Medium
5655,15.498603,73.826911,15.578603,73.906911,Metropolitian ,12.352505605215796,Medium
5656,30.362686,78.06889,30.382686,78.08889,Urban ,2.937184754123003,Short
5657,22.577821,88.400581,22.617821,88.440581,Urban ,6.053489440674458,Medium
5658,-19.875337,75.316722,19.895337,75.336722,Urban ,4422.297714580907,Very Long
5659,21.170798,72.790489,21.190798,72.810489,Metropolitian ,3.040691139804583,Short
5660,25.450317,81.831681,25.500317,81.881681,Urban ,7.4901871087529415,Medium
5661,25.450317,81.831681,25.530317,81.911681,Metropolitian ,11.9836274793308,Medium
5662,12.334022,76.618203,12.374022,76.658203,Urban ,6.217735074215029,Medium
5663,12.325461,76.632278,12.455461,76.762278,Urban ,20.206260324074506,Long
5664,30.893244,75.821817,31.003244,75.931817,Metropolitian ,16.113653720319554,Long
5665,11.001852,76.976268,11.071852,77.046268,Other,10.906412696832449,Medium
5666,13.081878,80.248519,13.111878,80.278519,Urban ,4.656649028066007,Short
5667,21.157729,72.768726,21.197729,72.808726,Urban ,6.08144091176014,Medium
5668,18.543626,73.905101,18.673626,74.035101,Urban ,19.915731481294415,Long
5669,22.31279,73.170283,22.36279,73.220283,Metropolitian ,7.573406195224253,Medium
5670,23.357804,85.325146,23.447804,85.415146,Other,13.5831438666947,Medium
5671,23.374989,85.335486,23.454989,85.415486,Urban ,12.073397681482868,Medium
5672,26.471617,80.313564,26.581617,80.423564,Urban ,16.41264400143935,Long
5673,30.362686,78.06889,30.472686,78.17889,Urban ,16.151339134808524,Long
5674,23.371292,85.327872,23.461292,85.417872,Urban ,13.582511011043518,Medium
5675,9.991703,76.293136,10.031703,76.333136,Urban ,6.242426324083361,Medium
5676,22.552672,88.352885,22.572672,88.372885,Metropolitian ,3.0271001308843335,Short
5677,26.849596,75.800512,26.959596,75.910512,Metropolitian ,16.38847819603748,Long
5678,30.342509,78.061187,30.422509,78.141187,Urban ,11.748234358740095,Medium
5679,18.994049,72.825203,19.084049,72.915203,Urban ,13.771140253368083,Medium
5680,18.592718,73.773572,18.722718,73.903572,Urban ,19.91300954559345,Long
5681,19.876219,75.346017,19.926219,75.396017,Metropolitian ,7.631504867081133,Medium
5682,12.934365,77.616155,12.954365,77.636155,Metropolitian ,3.1053634161947805,Short
5683,23.374989,85.335486,23.404989,85.365486,Semi-Urban ,4.5279152781492735,Short
5684,17.451976,78.385883,17.481976,78.415883,Metropolitian ,4.610120317987426,Short
5685,26.474986,80.342796,26.554986,80.422796,Metropolitian ,11.937006781135121,Medium
5686,18.546947,73.900626,18.556947,73.910626,Metropolitian ,1.532220683460433,Short
5687,30.893081,75.821495,31.033081,75.961495,Urban ,20.50693477586549,Long
5688,12.311072,76.654878,12.341072,76.684878,Metropolitian ,4.663544352411342,Short
5689,12.297954,76.665169,12.377954,76.745169,Urban ,12.435842440173552,Medium
5690,26.891191,75.802083,26.921191,75.832083,Urban ,4.469557550709459,Short
5691,17.410371,78.437225,17.520371,78.547225,Urban ,16.903843893840016,Long
5692,19.254567,72.848923,19.284567,72.878923,Other,4.587356404161844,Short
5693,26.472001,80.354002,26.512001,80.394002,Metropolitian ,5.9690346942820565,Medium
5694,23.374989,85.335486,23.394989,85.355486,Urban ,3.0186622920277366,Short
5695,22.761593,75.886362,22.841593,75.966362,Urban ,12.098699936279207,Medium
5696,12.939496,77.625999,12.949496,77.635999,Other,1.5526813140975844,Short
5697,18.927584,72.832585,19.037584,72.942585,Other,16.834090663220277,Long
5698,30.342509,78.061187,30.452509,78.171187,Metropolitian ,16.15276300944002,Long
5699,-23.416792,-85.316842,23.466792,85.366842,Metropolitian ,19064.81011688592,Very Long
5700,22.311603,73.165012,22.361603,73.215012,Metropolitian ,7.57343592001987,Medium
5701,26.902328,75.794257,26.912328,75.804257,Urban ,1.4898458841185984,Short
5702,19.178321,72.834715,19.308321,72.964715,Urban ,19.880040740546313,Long
5703,27.159795,78.04299,27.179795,78.06299,Urban ,2.9766115118208294,Short
5704,21.175975,72.795503,21.185975,72.805503,Urban ,1.5203447277394997,Short
5705,26.910262,75.783013,26.950262,75.823013,Urban ,5.958847028253512,Medium
5706,9.959778,76.296106,10.089778,76.426106,Metropolitian ,20.28748072660192,Long
5707,26.469003,80.316344,26.559003,80.406344,Metropolitian ,13.429183489868858,Medium
5708,22.75004,75.902847,22.84004,75.992847,Urban ,13.611337814320951,Medium
5709,23.416792,85.316842,23.466792,85.366842,Urban ,7.54517470499338,Medium
5710,17.451976,78.385883,17.561976,78.495883,Urban ,16.90200194085924,Long
5711,11.022169,76.999594,11.052169,77.029594,Urban ,4.674174529063673,Short
5712,12.304569,76.643622,12.364569,76.703622,Other,9.326940869812669,Medium
5713,23.354422,85.3329,23.384422,85.3629,Metropolitian ,4.5282365974492125,Short
5714,12.323225,76.630028,12.343225,76.650028,Metropolitian ,3.108988150168421,Short
5715,21.175104,72.804342,21.215104,72.844342,Urban ,6.081108484515621,Medium
5716,25.451646,81.832796,25.561646,81.942796,Metropolitian ,16.47648131537328,Long
5717,17.458998,78.500366,17.568998,78.610366,Other,16.901690663165507,Long
5718,15.585658,73.743606,15.655658,73.813606,Metropolitian ,10.806365520889544,Medium
5719,30.873988,75.842739,30.883988,75.852739,Metropolitian ,1.465327449428179,Short
5720,30.902872,75.826808,31.032872,75.956808,Metropolitian ,19.04174953621299,Long
5721,18.592718,73.773572,18.682718,73.863572,Other,13.786698988714315,Medium
5722,19.131141,72.813074,19.19114,72.873074,Other,9.177484636525882,Medium
5723,17.450851,78.379347,17.470851,78.399347,Urban ,3.0734628038685763,Short
5724,10.035573,76.336958,10.055573,76.356958,Urban ,3.1210525597446046,Short
5725,22.569358,88.433452,22.659358,88.523452,Metropolitian ,13.61959724865622,Medium
5726,30.340722,78.060221,30.370722,78.090221,Metropolitian ,4.406103256823271,Short
5727,17.410371,78.437225,17.480371,78.507225,Urban ,10.757554773158116,Medium
5728,23.416792,85.316842,23.496792,85.396842,Urban ,12.07165255902904,Medium
5729,30.899584,75.809346,30.929584,75.839346,Metropolitian ,4.395289295392326,Short
5730,19.875337,75.316722,19.945337,75.386722,Metropolitian ,10.683817688261671,Medium
5731,12.978453,77.643685,13.108453,77.773685,Other,20.180936931739446,Long
5732,26.482419,80.320939,26.542419,80.380939,Metropolitian ,8.952844341085248,Medium
5733,26.956431,75.776649,26.986431,75.806649,Other,4.46841244126484,Short
5734,26.902328,75.794257,26.972328,75.864257,Metropolitian ,10.427692569177225,Medium
5735,9.979186,76.317361,10.019186,76.357361,Urban ,6.242544780459072,Medium
5736,19.876219,75.346017,19.926219,75.396017,Urban ,7.631504867081133,Medium
5737,12.972793,80.249982,12.982793,80.259982,Metropolitian ,1.5525801593205812,Short
5738,22.753659,75.903365,22.783659,75.933365,Metropolitian ,4.5375160762266304,Short
5739,19.874103,75.368419,20.004103,75.498419,Metropolitian ,19.839679483567654,Long
5740,12.972793,80.249982,13.002793,80.279982,Urban ,4.657649165910052,Short
5741,22.310526,73.170937,22.390526,73.250937,Urban ,12.116939023592979,Medium
5742,15.56155,73.749092,15.62155,73.809092,Urban ,9.26323165657422,Medium
5743,19.879631,75.323403,19.959631,75.403403,Urban ,12.209740515440126,Medium
5744,-19.875522,75.367127,19.885522,75.377127,Urban ,4421.226505062894,Very Long
5745,10.020683,76.310631,10.150683,76.440631,Urban ,20.285598401299914,Long
5746,17.433809,78.386744,17.493809,78.446744,Urban ,9.220316822180699,Medium
5747,22.533662,88.366217,22.583662,88.416217,Metropolitian ,7.567851455216129,Medium
5748,26.482419,80.320939,26.622419,80.460939,Metropolitian ,20.886729416502543,Long
5749,22.745536,75.893106,22.795536,75.943106,Urban ,7.562478890452358,Medium
5750,11.008638,76.984311,11.058638,77.034311,Urban ,7.790336733567776,Medium
5751,22.527893,88.368628,22.547893,88.388628,Metropolitian ,3.027350374081713,Short
5752,12.906229,77.596791,12.996229,77.686791,Metropolitian ,13.97394708077045,Medium
5753,13.091809,80.219104,13.151809,80.279104,Other,9.31283846749252,Medium
5754,30.340722,78.060221,30.360722,78.080221,Metropolitian ,2.937466259809057,Short
5755,12.297954,76.665169,12.347954,76.715169,Metropolitian ,7.772618958964917,Medium
5756,18.593481,73.785901,18.653481,73.845901,Urban ,9.191497300460385,Medium
5757,26.472001,80.354002,26.612001,80.494002,Urban ,20.88757287961947,Long
5758,18.554382,73.798206,18.664382,73.908206,Metropolitian ,16.851738065958237,Long
5759,17.422819,78.449578,17.452819,78.479578,Urban ,4.6104717430467055,Short
5760,12.323194,76.630583,12.403194,76.710583,Urban ,12.435256735189474,Medium
5761,12.297954,76.665169,12.327954,76.695169,Urban ,4.66365822992199,Short
5762,23.369746,85.33982,23.419746,85.38982,Urban ,7.546401421474732,Medium
5763,11.022169,76.999594,11.032169,77.009594,Other,1.5580841994909265,Short
5764,26.482419,80.320939,26.612419,80.450939,Metropolitian ,19.395196674280665,Long
5765,30.893384,75.821202,30.913384,75.841202,Metropolitian ,2.9303382895477226,Short
5766,23.235123,77.398886,23.315123,77.478886,Metropolitian ,12.07921737606867,Medium
5767,26.846156,75.8023,26.906156,75.8623,Urban ,8.94016771984085,Medium
5768,15.574828,73.766883,15.624828,73.816883,Other,7.719209968291338,Medium
5769,18.520016,73.830547,18.550016,73.860547,Metropolitian ,4.596877706640582,Short
5770,13.02978,80.208812,13.11978,80.298812,Urban ,13.970556078644558,Medium
5771,12.970221,77.645396,12.990221,77.665396,Urban ,3.1051455399284373,Short
5772,9.991703,76.293136,10.021703,76.323136,Metropolitian ,4.681855267708863,Short
5773,11.024839,77.007003,11.074839,77.057003,Urban ,7.790125828454186,Medium
5774,19.1813,72.836191,19.2713,72.926191,Urban ,13.763778584950824,Medium
5775,26.482419,80.320939,26.592419,80.430939,Urban ,16.411957167578482,Long
5776,22.577821,88.400581,22.587821,88.410581,Metropolitian ,1.5134482403497882,Short
5777,23.369746,85.33982,23.409746,85.37982,Urban ,6.037225392444489,Medium
5778,26.474133,80.3481,26.504133,80.3781,Metropolitian ,4.476825727149579,Short
5779,26.892312,75.806896,26.942312,75.856896,Urban ,7.44893737972967,Medium
5780,18.53408,73.89852,18.66408,74.02852,Other,19.91626000977551,Long
5781,10.027364,76.308258,10.067364,76.348258,Urban ,6.2420880497878395,Medium
5782,27.157772,78.04725,27.177772,78.06725,Metropolitian ,2.9766353434911434,Short
5783,23.351489,85.324253,23.421489,85.394253,Other,10.565262855251573,Medium
5784,10.96185,76.971082,11.09185,77.101082,Urban ,20.25510293834014,Long
5785,27.163303,78.057044,27.223303,78.117044,Metropolitian ,8.929003109242238,Medium
5786,10.027364,76.308258,10.037364,76.318258,Metropolitian ,1.560557636453455,Short
5787,12.337978,76.616792,12.407978,76.686792,Metropolitian ,10.88065083153164,Medium
5788,26.47775,80.351569,26.48775,80.361569,Metropolitian ,1.4923121002502362,Short
5789,22.308096,73.167753,22.418096,73.277753,Other,16.660097204546695,Long
5790,25.457687,81.835585,25.507687,81.885585,Urban ,7.489980958999241,Medium
5791,17.483216,78.552111,17.513216,78.582111,Other,4.609743188391221,Short
5792,18.516216,73.842527,18.586216,73.912527,Other,10.725566076622759,Medium
5793,19.254567,72.848923,19.304567,72.898923,Urban ,7.645374027054474,Medium
5794,17.430448,78.418213,17.470448,78.458213,Metropolitian ,6.14709275562667,Medium
5795,25.459775,81.834841,25.469775,81.844841,Metropolitian ,1.4980964181020027,Short
5796,21.186884,72.793616,21.276884,72.883616,Metropolitian ,13.680908173877048,Medium
5797,19.875337,75.316722,19.925337,75.366722,Metropolitian ,7.631524823554534,Medium
5798,22.745536,75.893106,22.875536,76.023106,Metropolitian ,19.659792615101832,Long
5799,23.234249,77.434007,23.364249,77.564007,Metropolitian ,19.627098345613145,Long
5800,13.066762,80.251865,13.146762,80.331865,Urban ,12.417487520918202,Medium
5801,15.561295,73.749478,15.611295,73.799478,Urban ,7.71945484665452,Medium
5802,27.16185,78.040165,27.18185,78.060165,Metropolitian ,2.976587301747236,Short
5803,17.424114,78.347554,17.554114,78.477554,Other,19.976027554946768,Long
5804,21.170096,72.789122,21.240096,72.859122,Urban ,10.641604779431981,Medium
5805,19.103249,72.846749,19.123249,72.866749,Urban ,3.0596070715947183,Short
5806,17.424114,78.347554,17.444114,78.367554,Metropolitian ,3.073677586372093,Short
5807,12.970324,77.645748,13.100324,77.775748,Other,20.18125982649396,Long
5808,17.424114,78.347554,17.484114,78.407554,Metropolitian ,9.220550607824642,Medium
5809,30.885915,75.788259,30.955915,75.858259,Urban ,10.255386767982152,Medium
5810,25.451646,81.832796,25.581646,81.962796,Metropolitian ,19.471476176409524,Long
5811,22.310237,73.158921,22.320237,73.168921,Urban ,1.5147941817696424,Short
5812,27.158822,78.045359,27.238822,78.125359,Metropolitian ,11.905076836018821,Medium
5813,27.160832,78.011608,27.300832,78.151608,Urban ,20.831238225667683,Long
5814,19.055831,72.833984,19.105831,72.883984,Urban ,7.649724402449725,Medium
5815,23.232537,77.429845,23.362537,77.559845,Metropolitian ,19.62721390576818,Long
5816,19.874733,75.353942,19.964733,75.443942,Urban ,13.73595371215514,Medium
5817,12.337928,76.617889,12.367928,76.647889,Metropolitian ,4.663310851898982,Short
5818,11.003008,76.97544,11.013008,76.98544,Urban ,1.5581339814973647,Short
5819,25.451646,81.832796,25.471646,81.852796,Urban ,2.996227818017904,Short
5820,19.875908,75.358888,20.005908,75.488888,Metropolitian ,19.839573111025608,Long
5821,19.874103,75.368419,19.914103,75.408419,Urban ,6.105332732525132,Medium
5822,19.207222,72.972281,19.247222,73.012281,Other,6.1172190955626995,Medium
5823,12.310972,76.659264,12.390972,76.739264,Semi-Urban ,12.435540495461826,Medium
5824,27.165108,78.015053,27.175108,78.025053,Metropolitian ,1.4883039172266503,Short
5825,22.751234,75.88949,22.781234,75.91949,Metropolitian ,4.5375531147317965,Short
5826,9.988483,76.295211,9.998483,76.305211,Metropolitian ,1.560649692363443,Short
5827,15.157944,73.950889,15.287944,74.080889,Metropolitian ,20.08748116516788,Long
5828,13.045479,80.23311,13.075479,80.26311,Urban ,4.656983638230631,Short
5829,19.176269,72.836721,19.256269,72.916721,Metropolitian ,12.234822044206267,Medium
5830,22.727021,75.884167,22.737021,75.894167,Urban ,1.5126917819907382,Short
5831,19.888716,75.321461,19.968716,75.401461,Metropolitian ,12.209411273075464,Medium
5832,19.876428,75.364792,19.936428,75.424792,Metropolitian ,9.157664297604613,Medium
5833,30.895204,75.822103,30.935204,75.862103,Metropolitian ,5.860369574648301,Medium
5834,13.086438,80.220672,13.176438,80.310672,Urban ,13.968990746014814,Medium
5835,30.885814,75.786976,30.935814,75.836976,Urban ,7.3256043849602595,Medium
5836,26.902328,75.794257,26.982328,75.874257,Urban ,11.917128700012814,Medium
5837,19.875337,75.316722,19.935337,75.376722,Urban ,9.157693926856119,Medium
5838,21.157735,72.768778,21.177735,72.788778,Metropolitian ,3.0408160408563645,Short
5839,11.001753,76.986241,11.051753,77.036241,Other,7.790426271963726,Medium
5840,18.636215,73.751081,18.746215,73.861081,Urban ,16.8478956316427,Long
5841,-19.875016,75.322405,19.985016,75.432405,Metropolitian ,4432.249525284853,Very Long
5842,17.451976,78.385883,17.481976,78.415883,Urban ,4.610120317987426,Short
5843,19.003517,72.82765,19.043517,72.86765,Urban ,6.120777222727502,Medium
5844,30.893244,75.821817,31.033244,75.961817,Metropolitian ,20.50691994390812,Long
5845,19.176269,72.836721,19.206269,72.866721,Metropolitian ,4.588387206077976,Short
5846,27.161694,78.034714,27.181694,78.054714,Metropolitian ,2.976589139643783,Short
5847,13.022394,80.242439,13.152394,80.372439,Metropolitian ,20.17918820668895,Long
5848,11.022298,76.998349,11.042298,77.018349,Urban ,3.1161417126178717,Short
5849,22.547186,88.35068,22.597185,88.40068,Metropolitian ,7.567428130430037,Medium
5850,17.431477,78.40035,17.501477,78.47035,Urban ,10.756961091859953,Medium
5851,26.913726,75.75282,26.973726,75.812821,Metropolitian ,8.937863682516067,Medium
5852,12.326356,76.619103,12.396356,76.689103,Urban ,10.880887117732197,Medium
5853,11.001852,76.976268,11.021852,76.996268,Metropolitian ,3.1162479956297124,Short
5854,22.311358,73.164798,22.441358,73.294798,Urban ,19.688340311678903,Long
5855,27.163303,78.057044,27.273303,78.167044,Urban ,16.368215933468495,Long
5856,15.49395,73.827423,15.52395,73.857423,Metropolitian ,4.63251040654604,Short
5857,19.131141,72.813074,19.181141,72.863074,Urban ,7.648080628608015,Medium
5858,23.211529,77.419399,23.271529,77.479399,Metropolitian ,9.060458337514628,Medium
5859,30.893244,75.821817,30.983244,75.911817,Urban ,13.184483852767986,Medium
5860,-22.526461,88.364453,22.596461,88.434453,Urban ,5017.4457239041585,Very Long
5861,19.254567,72.848923,19.314567,72.908923,Urban ,9.174316774026583,Medium
5862,19.003517,72.82765,19.133517,72.95765,Metropolitian ,19.889978303743785,Long
5863,26.891191,75.802083,27.021191,75.932083,Metropolitian ,19.364277132208937,Long
5864,22.527893,88.368628,22.587893,88.428628,Metropolitian ,9.081444954603896,Medium
5865,30.893384,75.821202,30.933384,75.861202,Metropolitian ,5.860416837896643,Medium
5866,17.431477,78.40035,17.441477,78.41035,Urban ,1.5368293119664589,Short
5867,10.003064,76.307589,10.093064,76.397589,Urban ,14.044682503974627,Medium
5868,15.546594,73.760431,15.636594,73.850431,Metropolitian ,13.894845553122591,Medium
5869,18.533811,73.899315,18.613811,73.979315,Urban ,12.257021346005944,Medium
5870,19.003517,72.82765,19.063517,72.88765,Other,9.180904863919931,Medium
5871,10.006881,76.345397,10.036881,76.375397,Urban ,4.6817474455765264,Short
5872,10.020683,76.310631,10.110683,76.400631,Metropolitian ,14.044305460884527,Medium
5873,12.323225,76.630028,12.393225,76.700028,Urban ,10.88095073745088,Medium
5874,15.157944,73.950889,15.227944,74.020889,Urban ,10.817079414296995,Medium
5875,12.933298,77.614293,13.043298,77.724293,Urban ,17.07802860149049,Long
5876,23.359407,85.325055,23.389407,85.355055,Metropolitian ,4.528158738548553,Short
5877,17.422819,78.449578,17.442819,78.469578,Other,3.0736879816308624,Short
5878,21.175975,72.795503,21.195975,72.815503,Metropolitian ,3.040641621538215,Short
5879,12.98041,77.640489,13.04041,77.700489,Urban ,9.314884732862103,Medium
5880,12.979166,77.640709,13.009166,77.670709,Metropolitian ,4.657590955429032,Short
5881,27.201725,78.007553,27.221725,78.027553,Metropolitian ,2.9761172465522834,Short
5882,22.744648,75.894377,22.754648,75.904377,Urban ,1.512602129242317,Short
5883,26.47775,80.351569,26.60775,80.481569,Urban ,19.395547662925267,Long
5884,23.264015,77.408236,23.274015,77.418236,Urban ,1.5099339507379008,Short
5885,-22.569358,88.433452,22.659358,88.523452,Metropolitian ,5029.213192273337,Very Long
5886,21.186608,72.794136,21.276608,72.884136,Urban ,13.680920077460073,Medium
5887,19.875908,75.358888,19.965908,75.448888,Metropolitian ,13.73590581538071,Medium
5888,19.221315,72.862381,19.271315,72.912381,Metropolitian ,7.646104748321333,Medium
5889,26.474986,80.342796,26.484986,80.352796,Urban ,1.4923280527584792,Short
5890,19.22384,72.841347,19.23384,72.851347,Urban ,1.5292976945193517,Short
5891,17.433809,78.386744,17.513809,78.466744,Urban ,12.293433786974466,Medium
5892,12.933298,77.614293,12.983298,77.664293,Urban ,7.763196932715875,Medium
5893,26.846156,75.8023,26.956156,75.9123,Urban ,16.388699354722633,Long
5894,22.75004,75.902847,22.86004,76.012847,Urban ,16.635518179510296,Long
5895,17.45971,78.368855,17.58971,78.498855,Semi-Urban ,19.97416307478467,Long
5896,23.230791,77.43702,23.250791,77.45702,Metropolitian ,3.0201605229871826,Short
5897,13.026286,80.275235,13.116286,80.365235,Metropolitian ,13.970652398309912,Medium
5898,12.323225,76.630028,12.433225,76.740028,Urban ,17.09799694004491,Long
5899,19.065838,72.832658,19.135838,72.902658,Other,10.709003371535461,Medium
5900,11.008638,76.984311,11.018638,76.994311,Metropolitian ,1.5581193629490961,Short
5901,9.982834,76.283268,10.002834,76.303268,Urban ,3.121302445429854,Short
5902,22.547186,88.35068,22.637186,88.44068,Other,13.62060690138349,Medium
5903,18.546947,73.900626,18.606947,73.960626,Urban ,9.192686206948785,Medium
5904,15.49395,73.827423,15.56395,73.897423,Semi-Urban ,10.80868620155457,Medium
5905,26.47,80.35,26.48,80.36,Metropolitian ,1.4923568262401707,Short
5906,19.874733,75.353942,19.894733,75.373942,Urban ,3.052751159643992,Short
5907,12.972161,77.596014,12.982161,77.606014,Urban ,1.5525820816222442,Short
5908,26.472001,80.354002,26.522001,80.404002,Metropolitian ,7.4611489486437295,Medium
5909,19.880256,75.323503,19.960256,75.403503,Urban ,12.20971786959665,Medium
5910,30.893244,75.821817,30.973244,75.901817,Metropolitian ,11.719801270530347,Medium
5911,30.895204,75.822103,30.915204,75.842103,Urban ,2.9303146633917123,Short
5912,13.026279,80.174568,13.136279,80.284568,Semi-Urban ,17.074904532036182,Long
5913,23.264015,77.408236,23.284015,77.428236,Metropolitian ,3.0198160202814144,Short
5914,21.15276,72.778059,21.20276,72.828059,Urban ,7.601800334738002,Medium
5915,26.474133,80.3481,26.584133,80.4581,Metropolitian ,16.412484044175233,Long
5916,12.323225,76.630028,12.353225,76.660028,Urban ,4.663438748149253,Short
5917,26.47775,80.351569,26.61775,80.491569,Urban ,20.887107461224698,Long
5918,26.49095,80.318656,26.54095,80.368656,Metropolitian ,7.4606017103544,Medium
5919,26.892312,75.806896,26.932312,75.846896,Urban ,5.95926689591955,Medium
5920,26.483672,80.320708,26.543672,80.380708,Urban ,8.952800909209857,Medium
5921,23.232537,77.429845,23.262537,77.459845,Urban ,4.530135887908482,Short
5922,11.016298,76.972076,11.076298,77.032076,Other,9.348206267360819,Medium
5923,30.319528,78.040267,30.429528,78.150267,Metropolitian ,16.154383924550825,Long
5924,19.22384,72.841347,19.33384,72.951347,Urban ,16.81985660809769,Long
5925,23.233219,77.433571,23.253219,77.453571,Metropolitian ,3.0201353609998924,Short
5926,13.054347,80.257221,13.134347,80.337221,Urban ,12.41779235161686,Medium
5927,30.885814,75.786976,30.895814,75.796976,Metropolitian ,1.4652507248455058,Short
5928,23.211529,77.419399,23.241529,77.449399,Urban ,4.530462395475852,Short
5929,25.450317,81.831681,25.470317,81.851681,Urban ,2.996242679062324,Short
5930,21.149669,72.772629,21.229669,72.852629,Urban ,12.162424445776676,Medium
5931,12.949934,77.699386,13.039934,77.789386,Urban ,13.97275106350409,Medium
5932,22.311844,73.165081,22.321844,73.175081,Other,1.514786139865219,Short
5933,17.426228,78.407495,17.536228,78.517495,Urban ,16.903142341180338,Long
5934,22.551084,88.354127,22.601084,88.404127,Metropolitian ,7.567411306545303,Medium
5935,18.994049,72.825203,19.104049,72.935203,Metropolitian ,16.83091454995539,Long
5936,26.910262,75.783013,26.970262,75.843013,Metropolitian ,8.937919334802222,Medium
5937,23.230791,77.43702,23.310791,77.51702,Metropolitian ,12.079397153885624,Medium
5938,26.473698,80.352677,26.483698,80.362677,Metropolitian ,1.4923354860355287,Short
5939,22.552996,88.35231,22.622996,88.42231,Metropolitian ,10.593954024387216,Medium
5940,15.574828,73.766883,15.704828,73.896883,Metropolitian ,20.06805871705765,Long
5941,22.533662,88.366217,22.553662,88.386217,Urban ,3.0272921340439294,Short
5942,19.176269,72.836721,19.196269,72.856721,Urban ,3.0589686156369122,Short
5943,12.979096,77.640625,13.059096,77.720625,Urban ,12.41963411406132,Medium
5944,18.994237,72.825553,19.054237,72.885553,Other,9.181146899050779,Medium
5945,11.006686,76.951736,11.046686,76.991736,Metropolitian ,6.23234175460953,Medium
5946,15.516833,73.768172,15.606833,73.858172,Urban ,13.895813942912225,Medium
5947,30.892978,75.821847,31.002978,75.931847,Metropolitian ,16.11367273137062,Long
5948,12.323225,76.630028,12.403225,76.710028,Urban ,12.435256015114646,Medium
5949,22.539129,88.365507,22.549129,88.375507,Urban ,1.5136437138942667,Short
5950,30.885814,75.786976,31.015814,75.916976,Metropolitian ,19.04319070865833,Long
5951,15.157944,73.950889,15.167944,73.960889,Metropolitian ,1.545402975034515,Short
5952,12.913041,77.683237,12.963041,77.733237,Other,7.763504337468698,Medium
5953,30.361281,78.068022,30.491281,78.198022,Metropolitian ,19.087228045297614,Long
5954,22.32,73.17,22.35,73.2,Metropolitian ,4.5440857063035835,Short
5955,26.47,80.35,26.53,80.41,Metropolitian ,8.953274723590084,Medium
5956,10.006881,76.345397,10.056881,76.395397,Urban ,7.80279377922808,Medium
5957,30.361281,78.068022,30.411281,78.118022,Urban ,7.34252590190104,Medium
5958,26.463504,80.372929,26.543504,80.452929,Metropolitian ,11.937537377310045,Medium
5959,26.474133,80.3481,26.514133,80.3881,Metropolitian ,5.968985457275822,Medium
5960,10.006881,76.345397,10.046881,76.385397,Metropolitian ,6.242282491311876,Medium
5961,19.880256,75.323503,19.920256,75.363503,Metropolitian ,6.105221374384867,Medium
5962,27.165108,78.015053,27.185108,78.035053,Metropolitian ,2.9765489161050946,Short
5963,11.003681,76.975525,11.133681,77.105525,Urban ,20.253686339517657,Long
5964,17.451976,78.385883,17.501976,78.435883,Other,7.683332672259288,Medium
5965,22.311358,73.164798,22.341358,73.194798,Urban ,4.5442155211325375,Short
5966,17.45971,78.368855,17.49971,78.408855,Urban ,6.1466221875497915,Medium
5967,12.978453,77.643685,13.028453,77.693685,Urban ,7.762510040102086,Medium
5968,13.026279,80.174568,13.136279,80.284568,Urban ,17.074904532036182,Long
5969,23.214459,77.434976,23.344459,77.564976,Semi-Urban ,19.62843373220943,Long
5970,13.086438,80.220672,13.096438,80.230672,Metropolitian ,1.5522330405310387,Short
5971,22.527893,88.368628,22.577893,88.418628,Urban ,7.567997138623261,Medium
5972,22.514688,88.393294,22.544688,88.423294,Urban ,4.541149754385819,Short
5973,25.443994,81.860187,25.523994,81.940187,Metropolitian ,11.983910535138248,Medium
5974,12.972793,80.249982,13.022793,80.299982,Urban ,7.7625962645802185,Medium
5975,23.371292,85.327872,23.481292,85.437872,Urban ,16.6002724188565,Long
5976,19.207222,72.972281,19.267222,73.032281,Metropolitian ,9.17556515700711,Medium
5977,19.178321,72.834715,19.268321,72.924715,Other,13.763896210757894,Medium
5978,26.905287,75.794592,26.955287,75.844592,Urban ,7.448557979574216,Medium
5979,30.893244,75.821817,31.023244,75.951817,Other,19.04256304289868,Long
5980,26.913483,75.803139,26.943483,75.833139,Urban ,4.46916652280352,Short
5981,19.103249,72.846749,19.163249,72.906749,Other,9.178296996538945,Medium
5982,23.374989,85.335486,23.424989,85.385486,Other,7.54626481457251,Medium
5983,21.149669,72.772629,21.199669,72.822629,Urban ,7.601874226721306,Medium
5984,23.354422,85.3329,23.434422,85.4129,Urban ,12.074255310176936,Medium
5985,22.547186,88.35068,22.627185,88.43068,Metropolitian ,12.107326941361091,Medium
5986,19.874449,75.360232,19.884449,75.370232,Metropolitian ,1.5263994754496772,Short
5987,21.175104,72.804342,21.185104,72.814342,Urban ,1.520348892826682,Short
5988,30.319528,78.040267,30.389528,78.110267,Metropolitian ,10.280960642868154,Medium
5989,13.049645,80.242268,13.099645,80.292268,Other,7.761422437275434,Medium
5990,13.029198,77.570997,13.109198,77.650997,Semi-Urban ,12.418408999826964,Medium
5991,30.88722,75.804893,30.93722,75.854893,Urban ,7.325558747690208,Medium
5992,30.885915,75.788259,30.955915,75.858259,Metropolitian ,10.255386767982152,Medium
5993,30.899584,75.809346,30.979584,75.889346,Urban ,11.719471817434012,Medium
5994,21.183434,72.814492,21.223434,72.854492,Metropolitian ,6.08094902595068,Medium
5995,18.536718,73.830327,18.646718,73.940327,Urban ,16.85256546542981,Long
5996,22.515082,88.36783,22.535082,88.38783,Metropolitian ,3.027479659697228,Short
5997,-27.163303,78.057044,27.203303,78.097044,Metropolitian ,6045.292277657749,Very Long
5998,18.533811,73.899315,18.583811,73.949315,Urban ,7.660957436559093,Medium
5999,30.895204,75.822103,30.905204,75.832103,Metropolitian ,1.4651897895453194,Short
6000,12.304569,76.643622,12.384569,76.723622,Urban ,12.435689047425893,Medium
6001,30.893234,75.82172,30.963234,75.89172,Metropolitian ,10.255054073729166,Medium
6002,17.424114,78.347554,17.454114,78.377554,Urban ,4.6104561460485325,Short
6003,23.39925,85.390464,23.41925,85.410464,Urban ,3.0184094452114985,Short
6004,30.366322,78.070453,30.416322,78.120453,Urban ,7.342364274891326,Medium
6005,22.728163,75.884212,22.768163,75.924212,Urban ,6.050438648835256,Medium
6006,21.175975,72.795503,21.285975,72.905503,Urban ,16.721157280760078,Long
6007,26.474133,80.3481,26.524133,80.3981,Metropolitian ,7.4610873930933135,Medium
6008,11.001852,76.976268,11.051852,77.026268,Metropolitian ,7.790424984867233,Medium
6009,18.927584,72.832585,18.997584,72.902585,Urban ,10.713210764297369,Medium
6010,27.163303,78.057044,27.173303,78.067044,Urban ,1.4883145491314158,Short
6011,23.235123,77.398886,23.295123,77.458886,Metropolitian ,9.05972450160923,Medium
6012,12.297954,76.665169,12.387954,76.755169,Urban ,13.990192142065474,Medium
6013,26.913483,75.803139,26.933483,75.823139,Urban ,2.9795028505763823,Short
6014,30.895204,75.822103,30.975204,75.902103,Other,11.71969942582845,Medium
6015,11.003681,76.975525,11.033681,77.005525,Urban ,4.674318760489688,Short
6016,22.74806,75.8934,22.87806,76.0234,Urban ,19.65962528368346,Long
6017,25.451517,81.832616,25.521517,81.902616,Metropolitian ,10.485823064915774,Medium
6018,19.221315,72.862381,19.261315,72.902381,Urban ,6.116971669681921,Medium
6019,23.333017,85.3172,23.463017,85.4472,Metropolitian ,19.620419296539414,Long
6020,26.473698,80.352677,26.553698,80.432677,Urban ,11.937066310217226,Medium
6021,18.53408,73.89852,18.59408,73.95852,Other,9.19301447226726,Medium
6022,27.161694,78.034714,27.191694,78.064714,Metropolitian ,4.464795317865151,Short
6023,0.0,0.0,0.02,0.02,Other,3.145067434621583,Short
6024,22.526461,88.364453,22.536461,88.374453,Metropolitian ,1.51370765052474,Short
6025,22.745536,75.893106,22.855536,76.003106,Other,16.635770753608117,Long
6026,9.959778,76.296106,10.039778,76.376106,Metropolitian ,12.485077941758435,Medium
6027,23.218998,77.373573,23.288998,77.443573,Metropolitian ,10.570082227165964,Medium
6028,18.51421,73.838429,18.56421,73.888429,Metropolitian ,7.661373718933882,Medium
6029,25.453436,81.833167,25.583436,81.963167,Urban ,19.471345836350434,Long
6030,26.482419,80.320939,26.552419,80.390939,Metropolitian ,10.4447827072238,Medium
6031,15.516833,73.768172,15.566833,73.818172,Urban ,7.720257981968632,Medium
6032,26.474133,80.3481,26.534133,80.4081,Metropolitian ,8.953131511688728,Medium
6033,18.530963,73.828972,18.580963,73.878972,Urban ,7.6610179466416595,Medium
6034,21.149569,72.772697,21.239569,72.862697,Urban ,13.682516298591963,Medium
6035,11.016298,76.972076,11.106298,77.062076,Urban ,14.021957089993442,Medium
6036,30.319528,78.040267,30.459528,78.180267,Metropolitian ,20.55877667722563,Long
6037,22.5491,88.400467,22.6391,88.490467,Metropolitian ,13.620519776564176,Medium
6038,19.176269,72.836721,19.266269,72.926721,Urban ,13.763977224427299,Medium
6039,11.016298,76.972076,11.036298,76.992076,Other,3.1161729217941097,Short
6040,30.366322,78.070453,30.386322,78.090453,Urban ,2.937138138378984,Short
6041,22.538731,88.364878,22.558731,88.384878,Metropolitian ,3.0272409501705257,Short
6042,30.88722,75.804893,30.96722,75.884893,Metropolitian ,11.720114258240434,Medium
6043,12.323978,76.627961,12.383978,76.687961,Urban ,9.326603239771995,Medium
6044,19.876106,75.340775,19.966106,75.430775,Metropolitian ,13.73589774401643,Medium
6045,22.727021,75.884167,22.837021,75.994167,Urban ,16.636808584025314,Long
6046,19.120083,72.907385,19.170083,72.957385,Urban ,7.648322354566716,Medium
6047,26.892312,75.806896,27.022313,75.936896,Urban ,19.36427479298626,Long
6048,19.876994,75.372353,19.956994,75.452353,Urban ,12.209836055800576,Medium
6049,19.874449,75.360232,19.934449,75.420232,Metropolitian ,9.1577180419868,Medium
6050,13.022394,80.242439,13.072394,80.292439,Urban ,7.7618394221539715,Medium
6051,22.553227,88.353273,22.643227,88.443273,Metropolitian ,13.620331894946395,Medium
6052,12.979166,77.640709,13.029166,77.690709,Urban ,7.762499175710427,Medium
6053,22.5491,88.400467,22.5591,88.410467,Metropolitian ,1.513593367555466,Short
6054,25.454648,81.834502,25.504648,81.884502,Metropolitian ,7.490065970202702,Medium
6055,19.221315,72.862381,19.281315,72.922381,Urban ,9.175193844437283,Medium
6056,9.982834,76.283268,10.022834,76.323268,Metropolitian ,6.242510272008099,Medium
6057,12.98041,77.640489,13.02041,77.680489,Urban ,6.21004516313671,Medium
6058,22.727021,75.884167,22.857021,76.014167,Urban ,19.661019603214037,Long
6059,15.544419,73.755736,15.634419,73.845736,Metropolitian ,13.894916383849406,Medium
6060,22.307898,73.167788,22.377898,73.237788,Urban ,10.602589325657606,Medium
6061,11.02091,76.940432,11.07091,76.990432,Urban ,7.79017700382207,Medium
6062,30.899992,75.831338,30.939992,75.871338,Metropolitian ,5.860245226448315,Medium
6063,27.157772,78.04725,27.227772,78.11725,Metropolitian ,10.417192051419427,Medium
6064,21.15276,72.778059,21.19276,72.818059,Metropolitian ,6.081535937183601,Medium
6065,23.233219,77.433571,23.263219,77.463571,Urban ,4.530125284019496,Short
6066,13.02978,80.208812,13.04978,80.228812,Urban ,3.104782360921273,Short
6067,15.498603,73.826911,15.608603,73.936911,Metropolitian ,16.984098986960767,Long
6068,25.443994,81.860187,25.583994,82.000187,Urban ,20.969489380087087,Long
6069,18.530963,73.828972,18.560963,73.858972,Urban ,4.596738270617085,Short
6070,10.96185,76.971082,10.97185,76.981082,Urban ,1.5582406301375815,Short
6071,26.913987,75.752891,26.923987,75.762891,Urban ,1.4897777216510129,Short
6072,19.103249,72.846749,19.133249,72.876749,Urban ,4.589345115377453,Short
6073,12.975377,77.696664,12.995377,77.716664,Other,3.105114162498081,Short
6074,27.165108,78.015053,27.215108,78.065053,Urban ,7.440930174366037,Medium
6075,22.725835,75.887648,22.745835,75.907648,Urban ,3.0253447684077948,Short
6076,17.41233,78.449654,17.50233,78.539654,Urban ,13.830709083522098,Medium
6077,22.308096,73.167753,22.328096,73.187753,Urban ,3.029559739501292,Short
6078,12.979166,77.640709,13.009166,77.670709,Urban ,4.657590955429032,Short
6079,21.170096,72.789122,21.220096,72.839122,Metropolitian ,7.601385733165002,Medium
6080,30.346994,78.062543,30.366994,78.082543,Metropolitian ,2.937385888651592,Short
6081,30.885814,75.786976,30.995814,75.896976,Metropolitian ,16.11418469938841,Long
6082,25.451646,81.832796,25.491646,81.872796,Urban ,5.992231876438848,Medium
6083,12.323994,76.626167,12.363994,76.666167,Other,6.21785141201631,Medium
6084,9.985697,76.281128,10.075697,76.371128,Metropolitian ,14.04505352468984,Medium
6085,25.449659,81.839744,25.529659,81.919744,Metropolitian ,11.983656938071261,Medium
6086,30.327968,78.046106,30.387968,78.106106,Metropolitian ,8.812119870404002,Medium
6087,18.536718,73.830327,18.616719,73.910327,Urban ,12.257003121920837,Medium
6088,9.957144,76.296783,9.967144,76.306783,Urban ,1.5607236381079856,Short
6089,30.902872,75.826808,30.972872,75.896808,Urban ,10.254615880614923,Medium
6090,15.556561,73.763633,15.606561,73.813633,Metropolitian ,7.719540460983493,Medium
6091,19.003517,72.82765,19.083517,72.90765,Urban ,12.240858274114181,Medium
6092,30.319528,78.040267,30.329528,78.050267,Metropolitian ,1.4689008987056054,Short
6093,23.211529,77.419399,23.231529,77.439399,Metropolitian ,3.020360060848501,Short
6094,12.334022,76.618203,12.424022,76.708203,Metropolitian ,13.989249784536108,Medium
6095,23.214294,77.435361,23.304294,77.525361,Metropolitian ,13.589858179117916,Medium
6096,22.547186,88.35068,22.607185,88.41068,Other,9.080778370528323,Medium
6097,13.058616,80.264151,13.088616,80.294151,Urban ,4.656862974504423,Short
6098,27.157772,78.04725,27.187772,78.07725,Urban ,4.4648646336903015,Short
6099,26.49095,80.318656,26.63095,80.458656,Metropolitian ,20.886038531979604,Long
6100,22.651847,75.881991,22.681847,75.911991,Other,4.539068203248832,Short
6101,19.1813,72.836191,19.2913,72.946191,Metropolitian ,16.821912713961073,Long
6102,18.533811,73.899315,18.663811,74.029315,Other,19.916274899796797,Long
6103,10.003064,76.307589,10.133064,76.437589,Urban ,20.286144074216175,Long
6104,21.170798,72.790489,21.240798,72.860489,Urban ,10.64158125662718,Medium
6105,27.157772,78.04725,27.287772,78.17725,Metropolitian ,19.343911436232514,Long
6106,26.905287,75.794592,27.045287,75.934592,Other,20.85227088046199,Long
6107,26.474986,80.342796,26.544986,80.412796,Metropolitian ,10.445083298990559,Medium
6108,18.592718,73.773572,18.682718,73.863572,Metropolitian ,13.786698988714315,Medium
6109,-27.201725,78.007553,27.311725,78.117553,Metropolitian ,6061.630469193265,Very Long
6110,23.353783,85.326967,23.383783,85.356967,Other,4.528246576738902,Short
6111,12.913041,77.683237,12.983041,77.753237,Urban ,10.868693504672912,Medium
6112,13.029198,77.570997,13.159198,77.700997,Metropolitian ,20.1789169247499,Long
6113,23.214459,77.434976,23.264459,77.484976,Metropolitian ,7.55043565730042,Medium
6114,22.527893,88.368628,22.577893,88.418628,Metropolitian ,7.567997138623261,Medium
6115,23.232357,77.429989,23.252357,77.449989,Metropolitian ,3.020144294382816,Short
6116,26.479108,80.315042,26.549108,80.385042,Metropolitian ,10.444916612938762,Medium
6117,26.473698,80.352677,26.523698,80.402677,Other,7.461099952825792,Medium
6118,9.985697,76.281128,10.045697,76.341128,Metropolitian ,9.363582612379771,Medium
6119,25.45235,81.841889,25.56235,81.951889,Metropolitian ,16.47643795427438,Long
6120,13.049645,80.242268,13.109645,80.302268,Urban ,9.313614929814461,Medium
6121,22.74806,75.8934,22.80806,75.9534,Other,9.074744674240508,Medium
6122,18.592718,73.773572,18.622718,73.803572,Urban ,4.595950274789243,Short
6123,21.170798,72.790489,21.280798,72.900489,Urban ,16.721430138856057,Long
6124,30.342509,78.061187,30.392509,78.111187,Urban ,7.343127607684704,Medium
6125,22.569367,88.433187,22.649367,88.513187,Metropolitian ,12.106510955547023,Medium
6126,17.429585,78.392621,17.479585,78.442621,Urban ,7.683782781592688,Medium
6127,9.988483,76.295211,10.068483,76.375211,Metropolitian ,12.484534174549239,Medium
6128,19.879631,75.323403,19.929631,75.373403,Metropolitian ,7.631427658413227,Medium
6129,19.1093,72.825451,19.1393,72.855451,Urban ,4.589265860691884,Short
6130,26.474986,80.342796,26.524986,80.392796,Urban ,7.461062763989567,Medium
6131,27.195928,77.998092,27.245928,78.048092,Metropolitian ,7.440021530825979,Medium
6132,19.880256,75.323503,19.940256,75.383503,Metropolitian ,9.157560325759787,Medium
6133,21.173493,72.801953,21.233493,72.861953,Urban ,9.121421674136268,Medium
6134,22.732225,75.874765,22.782225,75.924765,Metropolitian ,7.5628176900721105,Medium
6135,-19.221315,72.862381,19.231315,72.872381,Metropolitian ,4275.737511259135,Very Long
6136,21.185047,72.80859,21.315047,72.93859,Other,19.76017824329335,Long
6137,17.422819,78.449578,17.472819,78.499578,Urban ,7.6839186890745435,Medium
6138,21.149569,72.772697,21.199569,72.822697,Urban ,7.601876617115907,Medium
6139,27.201725,78.007553,27.281725,78.087553,Metropolitian ,11.903052166893104,Medium
6140,11.021278,76.995017,11.091278,77.065017,Other,10.906058503327996,Medium
6141,21.175104,72.804342,21.205104,72.834342,Urban ,4.560903158461201,Short
6142,19.178321,72.834715,19.228321,72.884715,Other,7.647047869271471,Medium
6143,30.895817,75.813112,30.945817,75.863112,Metropolitian ,7.325279665908684,Medium
6144,19.875337,75.316722,19.895337,75.336722,Metropolitian ,3.052745696971154,Short
6145,25.451646,81.832796,25.461646,81.842796,Metropolitian ,1.4981418674528129,Short
6146,17.440827,78.393391,17.470827,78.423391,Urban ,4.610254758948654,Short
6147,25.457687,81.835585,25.477687,81.855585,Urban ,2.9961602588172336,Short
6148,25.453436,81.833167,25.473436,81.853167,Urban ,2.9962078010128708,Short
6149,23.374989,85.335486,23.464989,85.425486,Other,13.582337494193217,Medium
6150,26.846156,75.8023,26.936156,75.8923,Urban ,13.409462339212707,Medium
6151,15.496162,73.825364,15.606162,73.935364,Urban ,16.98419592301046,Long
6152,9.959778,76.296106,9.969778,76.306106,Metropolitian ,1.5607174317811785,Short
6153,12.326356,76.619103,12.356356,76.649103,Other,4.663411524934686,Short
6154,17.428294,78.404423,17.448294,78.424423,Other,3.0736440277233705,Short
6155,26.473698,80.352677,26.493698,80.372677,Metropolitian ,2.9846132472408096,Short
6156,17.451976,78.385883,17.561976,78.495883,Metropolitian ,16.90200194085924,Long
6157,23.357804,85.325146,23.387804,85.355146,Urban ,4.528183776759229,Short
6158,26.902908,75.792934,26.972908,75.862934,Urban ,10.427668815940937,Medium
6159,27.159795,78.04299,27.249795,78.13299,Other,13.392894243306252,Medium
6160,15.561295,73.749478,15.601295,73.789478,Metropolitian ,6.1756362610176,Medium
6161,21.173493,72.801953,21.243493,72.871953,Semi-Urban ,10.641490945494457,Medium
6162,15.303897,73.914336,15.433897,74.044336,Metropolitian ,20.080737234983474,Long
6163,10.000706,76.349516,10.010706,76.359516,Other,1.5606207903224962,Short
6164,25.459775,81.834841,25.519775,81.894841,Urban ,8.987739076343049,Medium
6165,19.876219,75.346017,19.986219,75.456017,Urban ,16.78781488208223,Long
6166,21.173343,72.792731,21.213343,72.832731,Urban ,6.081142187745758,Medium
6167,12.970221,77.645396,13.060221,77.735396,Urban ,13.972194586929868,Medium
6168,23.234631,77.401663,23.364631,77.531663,Metropolitian ,19.627072559592904,Long
6169,11.006686,76.951736,11.046686,76.991736,Urban ,6.23234175460953,Medium
6170,25.454697,81.834492,25.474697,81.854492,Urban ,2.9961936989579065,Short
6171,-15.5696,73.742294,15.6396,73.812294,Metropolitian ,3470.3132167978574,Very Long
6172,11.001753,76.986241,11.051753,77.036241,Urban ,7.790426271963726,Medium
6173,22.514585,88.39331,22.524585,88.40331,Urban ,1.513767561789151,Short
6174,27.158822,78.045359,27.178822,78.065359,Metropolitian ,2.976622974286636,Short
6175,12.98041,77.640489,13.05041,77.710489,Other,10.867258681531938,Medium
6176,21.186438,72.794115,21.296438,72.904115,Urban ,16.72060564152912,Long
6177,12.3085,76.665808,12.3985,76.755808,Urban ,13.989916877276224,Medium
6178,22.32,73.17,22.36,73.21,Urban ,6.05868073179297,Medium
6179,17.422819,78.449578,17.482819,78.509578,Metropolitian ,9.22058182648005,Medium
6180,12.323978,76.627961,12.433978,76.737961,Urban ,17.097972861361782,Long
6181,13.022394,80.242439,13.082394,80.302439,Urban ,9.314115494737882,Medium
6182,19.888716,75.321461,19.928716,75.361461,Metropolitian ,6.105068213538654,Medium
6183,25.450317,81.831681,25.580317,81.961681,Metropolitian ,19.47157294361749,Long
6184,12.970324,77.645748,13.030324,77.705748,Urban ,9.315069177421467,Medium
6185,23.233219,77.433571,23.363219,77.563571,Metropolitian ,19.627167871570418,Long
6186,19.254567,72.848923,19.344567,72.938923,Urban ,13.760880474935774,Medium
6187,13.02978,80.208812,13.10978,80.288812,Urban ,12.418394742110715,Medium
6188,22.514119,88.362504,22.554119,88.402504,Urban ,6.054776863332018,Medium
6189,25.451646,81.832796,25.481646,81.862796,Urban ,4.4942578286854085,Short
6190,17.411028,78.329645,17.441028,78.359645,Other,4.6106137050519,Short
6191,13.005801,80.250744,13.035801,80.280744,Urban ,4.657347378001307,Short
6192,26.474133,80.3481,26.544133,80.4181,Metropolitian ,10.445117790144735,Medium
6193,27.157772,78.04725,27.177772,78.06725,Urban ,2.9766353434911434,Short
6194,12.933284,77.615428,13.043284,77.725428,Other,17.078029070272784,Long
6195,21.186438,72.794115,21.226438,72.834115,Urban ,6.080891507841841,Medium
6196,27.16185,78.040165,27.27185,78.150165,Urban ,16.368310209448776,Long
6197,12.934179,77.615797,12.994179,77.675797,Urban ,9.315729044610324,Medium
6198,12.323978,76.627961,12.413978,76.717961,Urban ,13.989512471854102,Medium
6199,13.044694,80.26147,13.064694,80.28147,Urban ,3.1046911695396355,Short
6200,13.081878,80.248519,13.161878,80.328519,Urban ,12.417115998944281,Medium
6201,11.02091,76.940432,11.15091,77.070432,Urban ,20.2531013726327,Long
6202,10.994136,76.963303,11.104136,77.073303,Urban ,17.138295790540273,Long
6203,9.957144,76.296783,9.977144,76.316783,Metropolitian ,3.121423704552515,Short
6204,26.914142,75.805704,26.974142,75.865704,Other,8.937783115634607,Medium
6205,13.02978,80.208812,13.06978,80.248812,Urban ,6.209442398392231,Medium
6206,19.876428,75.364792,20.006428,75.494792,Urban ,19.839542464709584,Long
6207,18.593481,73.785901,18.723481,73.915901,Urban ,19.912967189287773,Long
6208,21.15276,72.778059,21.23276,72.858059,Urban ,12.162306145096261,Medium
6209,15.574828,73.766883,15.684828,73.876883,Metropolitian ,16.98106480503474,Long
6210,22.760072,75.892574,22.840072,75.972574,Urban ,12.098761963862684,Medium
6211,26.905287,75.794592,26.975287,75.864592,Urban ,10.427571382480743,Medium
6212,21.186438,72.794115,21.316438,72.924115,Urban ,19.760091519674855,Long
6213,11.001852,76.976268,11.091852,77.066268,Semi-Urban ,14.022295961634216,Medium
6214,23.416792,85.316842,23.506792,85.406842,Other,13.58037387628081,Medium
6215,18.592718,73.773572,18.662718,73.843572,Urban ,10.723286946137495,Medium
6216,18.592718,73.773572,18.652718,73.833572,Other,9.191516816253756,Medium
6217,21.175104,72.804342,21.255104,72.884342,Urban ,12.161450531436996,Medium
6218,17.424114,78.347554,17.464114,78.387554,Metropolitian ,6.147194518583758,Medium
6219,12.981615,80.231598,13.031615,80.281598,Urban ,7.762461854550139,Medium
6220,25.454697,81.834492,25.584697,81.964492,Urban ,19.471254011306446,Long
6221,15.56155,73.749092,15.57155,73.759092,Metropolitian ,1.543962384289924,Short
6222,12.326356,76.619103,12.416356,76.709103,Other,13.989450296958541,Medium
6223,18.51421,73.838429,18.56421,73.888429,Other,7.661373718933882,Medium
6224,19.091458,72.827808,19.181458,72.917808,Urban ,13.767318777065135,Medium
6225,30.895204,75.822103,30.965204,75.892103,Metropolitian ,10.254964515316392,Medium
6226,17.431477,78.40035,17.521477,78.49035,Urban ,13.830016226508361,Medium
6227,11.003681,76.975525,11.113681,77.085525,Urban ,17.13802213292784,Long
6228,10.028047,76.310019,10.118047,76.400019,Metropolitian ,14.044147682129882,Medium
6229,21.15276,72.778059,21.26276,72.888059,Urban ,16.72238039080439,Long
6230,25.449659,81.839744,25.589659,81.979744,Urban ,20.969045158510113,Long
6231,30.328174,78.049117,30.338174,78.059117,Metropolitian ,1.468845535765133,Short
6232,19.1813,72.836191,19.2513,72.906191,Other,10.705468478530399,Medium
6233,15.56155,73.749092,15.65155,73.839092,Metropolitian ,13.894358247851395,Medium
6234,23.39925,85.390464,23.43925,85.430464,Urban ,6.0366102498163405,Medium
6235,15.496162,73.825364,15.506162,73.835364,Urban ,1.544198181024939,Short
6236,12.352058,76.60665,12.482058,76.73665,Urban ,20.20525323529313,Long
6237,9.960846,76.293936,10.070846,76.403936,Metropolitian ,17.166563216378222,Long
6238,9.985497,76.276999,10.065497,76.356999,Metropolitian ,12.48459080997576,Medium
6239,30.893234,75.82172,31.033234,75.96172,Metropolitian ,20.506920853845756,Long
6240,0.0,0.0,0.11,0.11,Other,17.29786575291325,Long
6241,12.323978,76.627961,12.363978,76.667961,Urban ,6.217851597564562,Medium
6242,12.325461,76.632278,12.375461,76.682278,Urban ,7.772220444452912,Medium
6243,10.000706,76.349516,10.070706,76.419516,Urban ,10.923847584667671,Medium
6244,22.310526,73.170937,22.340526,73.200937,Urban ,4.544228016639861,Short
6245,26.471617,80.313564,26.611617,80.453564,Metropolitian ,20.887603964011547,Long
6246,27.161694,78.034714,27.251694,78.124714,Metropolitian ,13.392793466305967,Medium
6247,30.366322,78.070453,30.476322,78.180453,Urban ,16.151082472319857,Long
6248,17.411028,78.329645,17.501028,78.419645,Other,13.830756172608172,Medium
6249,30.893244,75.821817,31.033244,75.961817,Urban ,20.50691994390812,Long
6250,30.899584,75.809346,30.939584,75.849346,Metropolitian ,5.860255823071971,Medium
6251,9.959778,76.296106,10.009778,76.346106,Metropolitian ,7.803351143013898,Medium
6252,19.207222,72.972281,19.297222,73.062281,Urban ,13.762754362295912,Medium
6253,12.913041,77.683237,12.963041,77.733237,Urban ,7.763504337468698,Medium
6254,18.55144,73.804855,18.59144,73.844855,Urban ,6.128551257918874,Medium
6255,13.064181,80.236442,13.094181,80.266442,Urban ,4.656811824870968,Short
6256,25.449659,81.839744,25.589659,81.979744,Metropolitian ,20.969045158510113,Long
6257,22.760072,75.892574,22.800072,75.932574,Urban ,6.049788909378146,Medium
6258,30.902872,75.826808,30.972872,75.896808,Other,10.254615880614923,Medium
6259,22.514688,88.393294,22.644688,88.523294,Metropolitian ,19.675029811420295,Long
6260,25.449872,81.836167,25.529872,81.916167,Urban ,11.98364740210336,Medium
6261,30.327968,78.046106,30.347968,78.066106,Metropolitian ,2.937629655888185,Short
6262,27.163303,78.057044,27.293303,78.187044,Urban ,19.343487217443105,Long
6263,25.453436,81.833167,25.513436,81.893167,Metropolitian ,8.987951901596347,Medium
6264,26.892312,75.806896,26.912312,75.826896,Urban ,2.979750394372829,Short
6265,9.957144,76.296783,10.037144,76.376783,Metropolitian ,12.485127762331999,Medium
6266,19.003517,72.82765,19.053517,72.87765,Metropolitian ,7.650862810437259,Medium
6267,11.010375,76.95295,11.100375,77.04295,Other,14.022096082519495,Medium
6268,17.426228,78.407495,17.506228,78.487495,Urban ,12.29367767357356,Medium
6269,26.474986,80.342796,26.504986,80.372796,Metropolitian ,4.476810954147793,Short
6270,30.89286,75.822199,31.03286,75.962199,Metropolitian ,20.506954885362845,Long
6271,30.890184,75.829615,30.910184,75.849615,Urban ,2.9303798276289434,Short
6272,9.960846,76.293936,10.090846,76.423936,Metropolitian ,20.287447814730513,Long
6273,12.304569,76.643622,12.394569,76.733622,Other,13.990019508058005,Medium
6274,15.506205,73.766668,15.556205,73.816668,Metropolitian ,7.720449641812487,Medium
6275,22.514688,88.393294,22.544688,88.423294,Metropolitian ,4.541149754385819,Short
6276,26.463504,80.372929,26.493504,80.402929,Urban ,4.47700977756279,Short
6277,18.543626,73.905101,18.673626,74.035101,Other,19.915731481294415,Long
6278,22.744648,75.894377,22.854648,76.004377,Semi-Urban ,16.635820545591837,Long
6279,30.88722,75.804893,30.93722,75.854893,Metropolitian ,7.325558747690208,Medium
6280,17.410371,78.437225,17.500371,78.527225,Urban ,13.83077993292672,Medium
6281,15.556561,73.763633,15.586561,73.793633,Metropolitian ,4.631832797587399,Short
6282,13.066762,80.251865,13.126762,80.311865,Urban ,9.313300003113463,Medium
6283,19.888716,75.321461,19.958716,75.391461,Metropolitian ,10.68339357351711,Medium
6284,17.426228,78.407495,17.476228,78.457495,Urban ,7.683850219127171,Medium
6285,26.471617,80.313564,26.521617,80.363564,Metropolitian ,7.461160035150121,Medium
6286,22.307898,73.167788,22.387898,73.247788,Urban ,12.117044368866042,Medium
6287,23.184992,77.417227,23.204992,77.437227,Metropolitian ,3.020634731038011,Short
6288,10.006881,76.345397,10.066881,76.405397,Metropolitian ,9.363281285465801,Medium
6289,25.454697,81.834492,25.464697,81.844492,Urban ,1.4981248106594827,Short
6290,19.178321,72.834715,19.248321,72.904715,Urban ,10.705559922396493,Medium
6291,25.459775,81.834841,25.549775,81.924841,Metropolitian ,13.480852296837979,Medium
6292,13.026279,80.174568,13.116279,80.264568,Semi-Urban ,13.970652591255362,Medium
6293,23.184992,77.417227,23.314992,77.547227,Metropolitian ,19.63042031534245,Long
6294,22.745536,75.893106,22.875536,76.023106,Other,19.659792615101832,Long
6295,17.438263,78.397865,17.568263,78.527865,Urban ,19.97528686238872,Long
6296,19.875337,75.316722,19.985337,75.426722,Metropolitian ,16.787858845425905,Long
6297,18.55144,73.804855,18.57144,73.824855,Urban ,3.0643606844470583,Short
6298,26.483672,80.320708,26.613672,80.450708,Metropolitian ,19.39510247253322,Long
6299,25.449872,81.836167,25.579872,81.966167,Metropolitian ,19.471605344058524,Long
6300,30.88722,75.804893,30.94722,75.864893,Metropolitian ,8.790475607404213,Medium
6301,30.335259,78.053162,30.465259,78.183162,Urban ,19.08939857350664,Long
6302,22.514119,88.362504,22.604119,88.452504,Urban ,13.622111101994047,Medium
6303,22.311844,73.165081,22.361844,73.215081,Urban ,7.573429885020178,Medium
6304,26.469003,80.316344,26.549003,80.396344,Semi-Urban ,11.937283285240959,Medium
6305,19.875337,75.316722,19.925337,75.366722,Urban ,7.631524823554534,Medium
6306,18.927584,72.832585,18.977584,72.882585,Urban ,7.652510173140083,Medium
6307,21.157735,72.768778,21.207735,72.818778,Metropolitian ,7.601681384870109,Medium
6308,18.539299,73.897902,18.549299,73.907902,Other,1.5322531674038395,Short
6309,11.025083,77.015393,11.085083,77.075393,Urban ,9.348068923522419,Medium
6310,21.186438,72.794115,21.256438,72.864115,Urban ,10.641057010178105,Medium
6311,26.47,80.35,26.51,80.39,Metropolitian ,5.969080903053881,Medium
6312,-22.538731,88.364878,22.578731,88.404878,Urban ,5016.834746180543,Very Long
6313,10.96185,76.971082,11.04185,77.051082,Urban ,12.465199139447055,Medium
6314,26.766536,75.837333,26.876536,75.947333,Urban ,16.39381188080044,Long
6315,19.120083,72.907385,19.250083,73.037385,Urban ,19.883360631546168,Long
6316,18.563934,73.915367,18.573935,73.925367,Urban ,1.5322291887353143,Short
6317,26.483042,80.317833,26.593042,80.427833,Metropolitian ,16.411917547961952,Long
6318,30.899992,75.831338,31.009992,75.941338,Metropolitian ,16.113171400943965,Long
6319,12.3085,76.665808,12.3885,76.745808,Other,12.435597855540365,Medium
6320,17.431477,78.40035,17.491477,78.46035,Urban ,9.220373067021596,Medium
6321,19.120083,72.907385,19.190083,72.977385,Urban ,10.707345040407779,Medium
6322,17.426228,78.407495,17.516228,78.497495,Urban ,13.830206237242644,Medium
6323,21.17106,72.789292,21.30106,72.919292,Urban ,19.76105000353837,Long
6324,21.175104,72.804342,21.305104,72.934342,Urban ,19.760798007029955,Long
6325,22.552996,88.35231,22.572996,88.37231,Metropolitian ,3.027096857241899,Short
6326,22.514688,88.393294,22.564688,88.443294,Metropolitian ,7.568330481285723,Medium
6327,30.359722,78.067079,30.409722,78.117079,Metropolitian ,7.342575883380865,Medium
6328,23.266261,77.379605,23.306261,77.419605,Urban ,6.039377797768455,Medium
6329,18.543626,73.905101,18.633626,73.995101,Urban ,13.78858157014102,Medium
6330,22.753659,75.903365,22.783659,75.933365,Urban ,4.5375160762266304,Short
6331,22.745536,75.893106,22.755536,75.903106,Other,1.5125976112066861,Short
6332,17.455894,78.375467,17.505894,78.425467,Other,7.683253857182236,Medium
6333,17.438263,78.397865,17.458263,78.417865,Metropolitian ,3.073563962914452,Short
6334,23.235123,77.398886,23.265123,77.428886,Urban ,4.53009567879979,Short
6335,26.492106,80.327797,26.512106,80.347797,Urban ,2.984400688567185,Short
6336,15.544419,73.755736,15.584419,73.795736,Urban ,6.175880260448904,Medium
6337,10.003064,76.307589,10.063064,76.367589,Other,9.363335625303595,Medium
6338,30.372202,78.077151,30.392202,78.097151,Urban ,2.9370627446069815,Short
6339,10.028047,76.310019,10.158047,76.440019,Metropolitian ,20.28537005770416,Long
6340,25.449872,81.836167,25.539872,81.926167,Metropolitian ,13.481351232318184,Medium
6341,9.979363,76.285001,10.089363,76.395001,Metropolitian ,17.166080388499182,Long
6342,26.479108,80.315042,26.589108,80.425042,Urban ,16.41216771779456,Long
6343,22.744648,75.894377,22.754648,75.904377,Other,1.512602129242317,Short
6344,12.323225,76.630028,12.353225,76.660028,Other,4.663438748149253,Short
6345,25.449659,81.839744,25.579659,81.969744,Metropolitian ,19.471620852421747,Long
6346,15.303897,73.914336,15.313897,73.924336,Metropolitian ,1.5448861219864414,Short
6347,12.935662,77.61413,12.985662,77.66413,Urban ,7.76316102849308,Medium
6348,23.355164,85.324097,23.375164,85.344097,Other,3.018868742009604,Short
6349,26.921411,75.793604,26.991411,75.863604,Metropolitian ,10.426910834184442,Medium
6350,26.483672,80.320708,26.523672,80.360708,Metropolitian ,5.968765122136668,Medium
6351,30.914057,75.83982,30.974057,75.89982,Metropolitian ,8.789429824527861,Medium
6352,26.479108,80.315042,26.569108,80.405042,Urban ,13.42865800051245,Medium
6353,23.371292,85.327872,23.401292,85.357872,Urban ,4.527973054243249,Short
6354,12.972532,77.608179,13.102532,77.738179,Urban ,20.181172140809643,Long
6355,17.431477,78.40035,17.501477,78.47035,Other,10.756961091859953,Medium
6356,22.311358,73.164798,22.351358,73.204798,Urban ,6.058853851668898,Medium
6357,19.003517,72.82765,19.023517,72.84765,Urban ,3.060475538708932,Short
6358,19.876994,75.372353,19.966994,75.462353,Urban ,13.735861544288948,Medium
6359,15.556561,73.763633,15.606561,73.813633,Urban ,7.719540460983493,Medium
6360,22.74806,75.8934,22.85806,76.0034,Metropolitian ,16.63562921867767,Long
6361,12.975377,77.696664,13.065377,77.786664,Urban ,13.972053024558202,Medium
6362,30.89286,75.822199,30.96286,75.892199,Metropolitian ,10.255071075728859,Medium
6363,9.957144,76.296783,9.977144,76.316783,Urban ,3.121423704552515,Short
6364,17.431668,78.408321,17.491668,78.468321,Urban ,9.220368460606945,Medium
6365,15.157944,73.950889,15.197944,73.990889,Metropolitian ,6.181400210651418,Medium
6366,22.514688,88.393294,22.644688,88.523294,Urban ,19.675029811420295,Long
6367,17.483216,78.552111,17.573216,78.642111,Urban ,13.828140500409377,Medium
6368,17.450851,78.379347,17.530851,78.459347,Urban ,12.292885177860569,Medium
6369,9.985697,76.281128,10.065697,76.361128,Metropolitian ,12.484587017091465,Medium
6370,22.745049,75.892471,22.795049,75.942471,Urban ,7.5624912888618505,Medium
6371,19.874733,75.353942,19.904733,75.383942,Metropolitian ,4.579058880995207,Short
6372,22.569367,88.433187,22.599367,88.463187,Urban ,4.54032123637833,Short
6373,12.299524,76.64262,12.379524,76.72262,Urban ,12.435806041181142,Medium
6374,19.120083,72.907385,19.180083,72.967385,Urban ,9.177855596427849,Medium
6375,22.553227,88.353273,22.563227,88.363273,Urban ,1.5135725235920836,Short
6376,18.994237,72.825553,19.044237,72.875553,Other,7.651064458530453,Medium
6377,26.483672,80.320708,26.593672,80.430708,Metropolitian ,16.4118774824239,Long
6378,19.121999,72.908493,19.251999,73.038493,Urban ,19.88325155302074,Long
6379,10.027014,76.308053,10.117014,76.398053,Urban ,14.044169821639699,Medium
6380,26.463504,80.372929,26.573504,80.482929,Metropolitian ,16.41315971109844,Long
6381,22.761593,75.886362,22.821593,75.946362,Urban ,9.074331008325887,Medium
6382,21.149669,72.772629,21.199669,72.822629,Other,7.601874226721306,Medium
6383,11.008638,76.984311,11.038638,77.014311,Urban ,4.674280112157594,Short
6384,10.020683,76.310631,10.040683,76.330631,Metropolitian ,3.1211232407115173,Short
6385,27.160832,78.011608,27.250832,78.101608,Urban ,13.392839212002583,Medium
6386,26.471529,80.313458,26.531529,80.373458,Urban ,8.953221744544162,Medium
6387,12.323194,76.630583,12.453194,76.760583,Urban ,20.20634606758321,Long
6388,30.89286,75.822199,30.95286,75.882199,Metropolitian ,8.790255881984072,Medium
6389,17.429585,78.392621,17.439585,78.402621,Urban ,1.536836906549508,Short
6390,13.02978,80.208812,13.13978,80.318812,Urban ,17.07478648593785,Long
6391,27.161661,78.011544,27.231661,78.081544,Metropolitian ,10.417031582411873,Medium
6392,17.450851,78.379347,17.580851,78.509347,Urban ,19.97462742500754,Long
6393,30.892978,75.821847,31.032978,75.961847,Metropolitian ,20.50694414817791,Long
6394,12.326356,76.619103,12.456356,76.749103,Urban ,20.206226468829932,Long
6395,15.5696,73.742294,15.5996,73.772294,Metropolitian ,4.631691361204589,Short
6396,22.527893,88.368628,22.607893,88.448628,Metropolitian ,12.1081887885639,Medium
6397,25.457687,81.835585,25.537687,81.915585,Urban ,11.983297481116383,Medium
6398,-27.165108,78.015053,27.215108,78.065053,Urban ,6046.806490179339,Very Long
6399,25.459775,81.834841,25.479775,81.854841,Metropolitian ,2.9961369047358293,Short
6400,22.751234,75.88949,22.771234,75.90949,Urban ,3.0250863295462196,Short
6401,12.970221,77.645396,13.000221,77.675396,Urban ,4.657672650623743,Short
6402,25.45235,81.841889,25.58235,81.971889,Metropolitian ,19.471424915065167,Long
6403,9.988483,76.295211,10.028483,76.335211,Urban ,6.242456810795443,Medium
6404,-27.160832,78.011608,27.250832,78.101608,Urban ,6050.308632025112,Very Long
6405,12.299524,76.64262,12.429524,76.77262,Metropolitian ,20.207240425375993,Long
6406,12.299524,76.64262,12.309524,76.65262,Metropolitian ,1.5545771256178644,Short
6407,25.450329,81.834279,25.530329,81.914279,Metropolitian ,11.98362694208327,Medium
6408,15.51315,73.78346,15.58315,73.853459,Other,10.80812707779524,Medium
6409,22.552996,88.35231,22.562996,88.36231,Metropolitian ,1.5135736903737425,Short
6410,-13.066762,-80.251865,13.076762,80.261865,Metropolitian ,17904.98464280029,Very Long
6411,15.496162,73.825364,15.516162,73.845364,Metropolitian ,3.088360359149458,Short
6412,30.88722,75.804893,31.02722,75.944893,Metropolitian ,20.507468052337632,Long
6413,19.207222,72.972281,19.247222,73.012281,Urban ,6.1172190955626995,Medium
6414,26.902908,75.792934,26.992908,75.882934,Urban ,13.40647565432987,Medium
6415,26.911378,75.789034,26.951378,75.829034,Urban ,5.958820916621518,Medium
6416,12.978453,77.643685,13.048453,77.713685,Urban ,10.867300462045637,Medium
6417,22.569367,88.433187,22.619367,88.483187,Urban ,7.566949091648099,Medium
6418,30.893384,75.821202,30.953384,75.881202,Urban ,8.790235466323594,Medium
6419,26.481547,80.299775,26.491547,80.309775,Metropolitian ,1.4922901835792575,Short
6420,23.234249,77.434007,23.244249,77.444007,Metropolitian ,1.510088255483405,Short
6421,12.304569,76.643622,12.374569,76.713622,Urban ,10.88132949340842,Medium
6422,15.5696,73.742294,15.6996,73.872294,Metropolitian ,20.0683053293221,Long
6423,19.878028,75.317475,20.008028,75.447475,Urban ,19.83944816388011,Long
6424,22.728163,75.884212,22.748163,75.904212,Urban ,3.0253210909320245,Short
6425,13.044694,80.26147,13.074694,80.29147,Urban ,4.656990844808465,Short
6426,30.89286,75.822199,30.93286,75.862199,Urban ,5.860430445188635,Medium
6427,26.49095,80.318656,26.57095,80.398656,Metropolitian ,11.936268761442712,Medium
6428,15.516833,73.768172,15.596833,73.848172,Urban ,12.351979249499767,Medium
6429,12.906229,77.596791,12.916229,77.606791,Urban ,1.5527821295487336,Short
6430,11.001753,76.986241,11.031753,77.016241,Metropolitian ,4.6743337880135964,Short
6431,18.994237,72.825553,19.054237,72.885553,Urban ,9.181146899050779,Medium
6432,15.546594,73.760431,15.566594,73.780431,Metropolitian ,3.0879966861295047,Short
6433,26.902908,75.792934,27.042908,75.932934,Urban ,20.85246594803441,Long
6434,12.334022,76.618203,12.414022,76.698203,Urban ,12.43500511451784,Medium
6435,10.035573,76.336958,10.115573,76.416958,Metropolitian ,12.48363884694831,Medium
6436,18.569156,73.774723,18.699156,73.904723,Other,19.914316766458793,Long
6437,21.186608,72.794136,21.236608,72.844136,Urban ,7.60099056137637,Medium
6438,30.893244,75.821817,31.033244,75.961817,Other,20.50691994390812,Long
6439,19.875337,75.316722,19.965337,75.406722,Urban ,13.735929091490148,Medium
6440,12.933284,77.615428,12.963284,77.645428,Other,4.658009428704655,Short
6441,11.021278,76.995017,11.041278,77.015017,Urban ,3.1161470193377827,Short
6442,17.431668,78.408321,17.481668,78.458321,Semi-Urban ,7.683740930982834,Medium
6443,11.026117,76.944652,11.136117,77.054652,Urban ,17.13737798601565,Long
6444,22.727021,75.884167,22.777021,75.934167,Other,7.562950099274068,Medium
6445,30.328174,78.049117,30.368174,78.089117,Metropolitian ,5.87499772706587,Medium
6446,9.959778,76.296106,9.989778,76.326106,Urban ,4.682081538285404,Short
6447,21.170096,72.789122,21.220096,72.839122,Other,7.601385733165002,Medium
6448,18.927584,72.832585,18.967584,72.872585,Urban ,6.122094799492485,Medium
6449,25.457687,81.835585,25.527687,81.905585,Urban ,10.4855813652327,Medium
6450,19.876994,75.372353,19.936994,75.432353,Metropolitian ,9.157648925671293,Medium
6451,30.340722,78.060221,30.420722,78.140221,Metropolitian ,11.748326016095273,Medium
6452,23.374989,85.335486,23.404989,85.365486,Urban ,4.5279152781492735,Short
6453,18.546947,73.900626,18.626947,73.980626,Other,12.256574293065931,Medium
6454,18.636215,73.751081,18.676215,73.791081,Urban ,6.127106344248561,Medium
6455,26.905287,75.794592,27.045287,75.934592,Urban ,20.85227088046199,Long
6456,13.026279,80.174568,13.156279,80.304568,Other,20.179033324549206,Long
6457,11.010375,76.95295,11.050375,76.99295,Urban ,6.232303380307374,Medium
6458,26.47775,80.351569,26.54775,80.421569,Metropolitian ,10.444971530234914,Medium
6459,18.994237,72.825553,19.044237,72.875553,Urban ,7.651064458530453,Medium
6460,26.911378,75.789034,26.931378,75.809034,Urban ,2.979527470384512,Short
6461,13.026279,80.174568,13.086279,80.234568,Urban ,9.314044193380468,Medium
6462,10.035573,76.336958,10.055573,76.356958,Metropolitian ,3.1210525597446046,Short
6463,19.875522,75.367127,19.915522,75.407127,Metropolitian ,6.105307053927306,Medium
6464,13.066762,80.251865,13.106762,80.291865,Other,6.2089894502097405,Medium
6465,17.451976,78.385883,17.521976,78.455883,Urban ,10.756383853403502,Medium
6466,11.003669,76.976494,11.083669,77.056494,Other,12.464329547625573,Medium
6467,21.183434,72.814492,21.203434,72.834492,Urban ,3.040570257157571,Short
6468,22.552672,88.352885,22.572672,88.372885,Urban ,3.0271001308843335,Short
6469,23.359194,85.325447,23.369194,85.335447,Other,1.509439424217415,Short
6470,30.895817,75.813112,30.915817,75.833112,Metropolitian ,2.9303067055668133,Short
6471,30.362686,78.06889,30.372686,78.07889,Metropolitian ,1.4686244307344405,Short
6472,30.366322,78.070453,30.506322,78.210453,Metropolitian ,20.5545733218893,Long
6473,10.006881,76.345397,10.036881,76.375397,Metropolitian ,4.6817474455765264,Short
6474,22.695207,75.866059,22.755207,75.926059,Urban ,9.076358225887306,Medium
6475,13.005801,80.250744,13.135801,80.380744,Urban ,20.179849220539058,Long
6476,22.577821,88.400581,22.667821,88.490581,Metropolitian ,13.619211642315884,Medium
6477,22.552996,88.35231,22.682996,88.48231,Metropolitian ,19.67251048383437,Long
6478,30.885915,75.788259,30.925915,75.828259,Urban ,5.86061077816155,Medium
6479,23.214294,77.435361,23.244294,77.465361,Urban ,4.530419436025792,Short
6480,21.175104,72.804342,21.185104,72.814342,Other,1.520348892826682,Short
6481,25.454648,81.834502,25.584648,81.964502,Urban ,19.47125757951702,Long
6482,11.003008,76.97544,11.113008,77.08544,Urban ,17.138041435509773,Long
6483,19.131141,72.813074,19.241141,72.923074,Urban ,16.824331819052563,Long
6484,11.001852,76.976268,11.091852,77.066268,Metropolitian ,14.022295961634216,Medium
6485,17.428294,78.404423,17.438294,78.414423,Urban ,1.5368420882542566,Short
6486,23.353783,85.326967,23.373783,85.346967,Other,3.0188831176824724,Short
6487,22.53796,88.349843,22.58796,88.399843,Metropolitian ,7.567742897860633,Medium
6488,17.455894,78.375467,17.585894,78.505467,Urban ,19.97436311932328,Long
6489,23.355164,85.324097,23.435164,85.404097,Urban ,12.074224380435789,Medium
6490,18.543626,73.905101,18.593626,73.955101,Urban ,7.660748837425962,Medium
6491,9.991703,76.293136,10.001703,76.303136,Metropolitian ,1.560642081811916,Short
6492,26.849596,75.800512,26.939596,75.890512,Other,13.409281444577916,Medium
6493,23.351058,85.325731,23.411058,85.385731,Other,9.056109430301543,Medium
6494,30.905562,75.832841,30.915562,75.842841,Urban ,1.465122557159567,Short
6495,9.979363,76.285001,10.059363,76.365001,Metropolitian ,12.484707101943531,Medium
6496,17.440827,78.393391,17.490827,78.443391,Urban ,7.6835568584307055,Medium
6497,22.695207,75.866059,22.745207,75.916059,Urban ,7.563759001970448,Medium
6498,26.483672,80.320708,26.513672,80.350708,Urban ,4.4766605007382445,Short
6499,18.543626,73.905101,18.653626,74.015101,Urban ,16.852241972645306,Long
6500,12.323994,76.626167,12.363994,76.666167,Urban ,6.21785141201631,Medium
6501,30.340722,78.060221,30.420722,78.140221,Urban ,11.748326016095273,Medium
6502,15.516833,73.768172,15.546833,73.798172,Metropolitian ,4.632263051145279,Short
6503,11.025083,77.015393,11.075083,77.065393,Urban ,7.7901226497639176,Medium
6504,15.303897,73.914336,15.353897,73.964336,Metropolitian ,7.724074530277163,Medium
6505,22.539129,88.365507,22.649129,88.475507,Metropolitian ,16.647299687284015,Long
6506,30.332735,78.054222,30.382735,78.104222,Urban ,7.343440790337121,Medium
6507,9.982834,76.283268,9.992834,76.293268,Urban ,1.5606630381438609,Short
6508,30.914057,75.83982,30.964057,75.88982,Metropolitian ,7.324687362706641,Medium
6509,19.876106,75.340775,19.896106,75.360775,Metropolitian ,3.0527387417978322,Short
6510,21.157729,72.768726,21.177729,72.788726,Urban ,3.0408160982094503,Short
6511,27.160934,78.044095,27.170934,78.054095,Urban ,1.4883285022954302,Short
6512,18.536562,73.896485,18.586562,73.946485,Urban ,7.660898979387943,Medium
6513,30.902872,75.826808,30.962872,75.886808,Metropolitian ,8.78986575984879,Medium
6514,27.160934,78.044095,27.300934,78.184095,Metropolitian ,20.83122979934106,Long
6515,30.895817,75.813112,30.985817,75.903112,Metropolitian ,13.184333425019139,Medium
6516,26.471617,80.313564,26.501617,80.343564,Urban ,4.476869299223373,Short
6517,26.47775,80.351569,26.48775,80.361569,Urban ,1.4923121002502362,Short
6518,21.173493,72.801953,21.303493,72.931953,Metropolitian ,19.760898399404088,Long
6519,23.374989,85.335486,23.484989,85.445486,Other,16.60006026589117,Long
6520,27.160832,78.011608,27.240832,78.091608,Metropolitian ,11.904982036628175,Medium
6521,12.949934,77.699386,12.999934,77.749386,Metropolitian ,7.762944133594471,Medium
6522,30.905562,75.832841,31.035562,75.962841,Metropolitian ,19.04152221551391,Long
6523,27.160832,78.011608,27.270832,78.121608,Urban ,16.368376258669986,Long
6524,23.371292,85.327872,23.421292,85.377872,Urban ,7.54636114298463,Medium
6525,10.96185,76.971082,10.99185,77.001082,Urban ,4.674644234402064,Short
6526,26.911378,75.789034,27.021378,75.899034,Urban ,16.384502397510587,Long
6527,21.160437,72.774209,21.190437,72.804209,Metropolitian ,4.5611135889923915,Short
6528,27.16185,78.040165,27.23185,78.110165,Metropolitian ,10.417023783380408,Medium
6529,11.02091,76.940432,11.09091,77.010432,Urban ,10.90606521866252,Medium
6530,23.233219,77.433571,23.283219,77.483571,Other,7.549949499004438,Medium
6531,11.026117,76.944652,11.066117,76.984652,Urban ,6.232139486668676,Medium
6532,13.049645,80.242268,13.139645,80.332268,Urban ,13.970007989573654,Medium
6533,25.453436,81.833167,25.563436,81.943167,Metropolitian ,16.476371062936792,Long
6534,23.233219,77.433571,23.343219,77.543571,Metropolitian ,16.608175423268104,Long
6535,22.744648,75.894377,22.874648,76.024377,Urban ,19.659851482291483,Long
6536,27.201725,78.007553,27.291725,78.097553,Urban ,13.390667794393616,Medium
6537,30.892978,75.821847,30.942978,75.871847,Metropolitian ,7.325371833632359,Medium
6538,30.893081,75.821495,30.963081,75.891495,Urban ,10.255061029110436,Medium
6539,19.874733,75.353942,19.934733,75.413942,Metropolitian ,9.157710329594508,Medium
6540,21.170096,72.789122,21.210096,72.829122,Urban ,6.081204324625954,Medium
6541,26.902328,75.794257,26.992328,75.884257,Urban ,13.406506203191485,Medium
6542,9.985497,76.276999,10.075497,76.366999,Metropolitian ,14.04505779375809,Medium
6543,26.469003,80.316344,26.499003,80.346344,Urban ,4.4769145649540185,Short
6544,30.905562,75.832841,30.965562,75.892841,Metropolitian ,8.789760927394672,Medium
6545,10.020683,76.310631,10.090683,76.380631,Metropolitian ,10.923515441756614,Medium
6546,17.424114,78.347554,17.434114,78.357554,Urban ,1.5368588631563926,Short
6547,22.515082,88.36783,22.645082,88.49783,Metropolitian ,19.67500391866195,Long
6548,26.956431,75.776649,26.986431,75.806649,Urban ,4.46841244126484,Short
6549,21.175975,72.795503,21.215975,72.835503,Urban ,6.081091813811108,Medium
6550,18.593481,73.785901,18.673481,73.865901,Urban ,12.25498831107492,Medium
6551,17.422819,78.449578,17.462819,78.489578,Urban ,6.147215320061263,Medium
6552,15.516833,73.768172,15.596833,73.848172,Metropolitian ,12.351979249499767,Medium
6553,10.035573,76.336958,10.145573,76.446958,Metropolitian ,17.164609401577046,Long
6554,27.165108,78.015053,27.275108,78.125053,Urban ,16.368098812916838,Long
6555,23.232537,77.429845,23.262537,77.459845,Metropolitian ,4.530135887908482,Short
6556,23.353783,85.326967,23.433783,85.406967,Other,12.074281945769592,Medium
6557,19.1813,72.836191,19.3113,72.966191,Urban ,19.87987067737402,Long
6558,21.170096,72.789122,21.190096,72.809122,Urban ,3.040697853651506,Short
6559,26.471529,80.313458,26.481529,80.323458,Urban ,1.4923480030641894,Short
6560,22.514585,88.39331,22.594585,88.47331,Metropolitian ,12.108726603462646,Medium
6561,18.51421,73.838429,18.54421,73.868429,Other,4.596951629499317,Short
6562,26.766536,75.837333,26.836536,75.907333,Urban ,10.43324260995406,Medium
6563,13.022394,80.242439,13.082394,80.302439,Other,9.314115494737882,Medium
6564,19.176269,72.836721,19.206269,72.866721,Other,4.588387206077976,Short
6565,12.933298,77.614293,13.013298,77.694293,Urban ,12.42075005031394,Medium
6566,22.728163,75.884212,22.738163,75.894212,Other,1.5126859754650717,Short
6567,11.022298,76.998349,11.132298,77.108349,Urban ,17.137487720369034,Long
6568,19.874449,75.360232,19.944449,75.430232,Metropolitian ,10.68384582889212,Medium
6569,17.433809,78.386744,17.463809,78.416744,Urban ,4.610339345524889,Short
6570,26.90519,75.810753,27.01519,75.920753,Urban ,16.3849009334588,Long
6571,22.760072,75.892574,22.850072,75.982574,Urban ,13.61087757567187,Medium
6572,26.913726,75.75282,26.933726,75.77282,Other,2.9795000083815664,Short
6573,-30.885814,75.786976,30.965814,75.866976,Metropolitian ,6877.592421324838,Very Long
6574,12.3085,76.665808,12.4185,76.775808,Urban ,17.098467518756365,Long
6575,21.185047,72.80859,21.255047,72.87859,Urban ,10.641103649666475,Medium
6576,15.56155,73.749092,15.61155,73.799092,Urban ,7.7194502342918225,Medium
6577,30.359722,78.067079,30.419722,78.127079,Urban ,8.810898572315832,Medium
6578,25.451517,81.832616,25.511517,81.892616,Urban ,8.988016321480938,Medium
6579,17.458998,78.500366,17.568998,78.610366,Semi-Urban ,16.901690663165507,Long
6580,19.1093,72.825451,19.1393,72.855451,Semi-Urban ,4.589265860691884,Short
6581,12.299524,76.64262,12.359524,76.70262,Urban ,9.327028546828888,Medium
6582,22.514119,88.362504,22.584119,88.432504,Metropolitian ,10.595329148248615,Medium
6583,22.538999,88.322337,22.558999,88.342337,Urban ,3.027238243783603,Short
6584,15.49395,73.827423,15.54395,73.877423,Metropolitian ,7.720670489738155,Medium
6585,19.875337,75.316722,19.885337,75.326722,Metropolitian ,1.5263954607695946,Short
6586,13.005801,80.250744,13.065801,80.310744,Other,9.314419797614722,Medium
6587,23.232537,77.429845,23.322537,77.519845,Metropolitian ,13.589006601040678,Medium
6588,9.991703,76.293136,10.011703,76.313136,Urban ,3.121260512333129,Short
6589,30.346994,78.062543,30.476994,78.192543,Metropolitian ,19.08841990900854,Long
6590,23.266261,77.379605,23.396261,77.509605,Metropolitian ,19.624936204861974,Long
6591,22.725748,75.898497,22.745748,75.918497,Urban ,3.025345653221649,Short
6592,19.120083,72.907385,19.190083,72.977385,Other,10.707345040407779,Medium
6593,21.149669,72.772629,21.259669,72.882629,Other,16.72254315530654,Long
6594,19.103249,72.846749,19.233249,72.976749,Urban ,19.884318574979222,Long
6595,9.982834,76.283268,9.992834,76.293268,Metropolitian ,1.5606630381438609,Short
6596,30.893234,75.82172,31.003234,75.93172,Urban ,16.11365443502283,Long
6597,30.346994,78.062543,30.436994,78.152543,Urban ,13.216215992464313,Medium
6598,19.880256,75.323503,20.010256,75.453503,Metropolitian ,19.839316838731573,Long
6599,19.878028,75.317475,19.938028,75.377475,Metropolitian ,9.157620842368736,Medium
6600,12.334022,76.618203,12.364022,76.648203,Other,4.6633448430939985,Short
6601,12.337978,76.616792,12.377978,76.656792,Urban ,6.217689154531195,Medium
6602,13.02978,80.208812,13.15978,80.338812,Urban ,20.178893713604943,Long
6603,30.914057,75.83982,30.984057,75.90982,Urban ,10.254107230645024,Medium
6604,18.536562,73.896485,18.596562,73.956485,Urban ,9.192951167083816,Medium
6605,19.221315,72.862381,19.241315,72.882381,Other,3.058573658857584,Short
6606,25.454697,81.834492,25.484697,81.864492,Metropolitian ,4.494206641886593,Short
6607,21.15276,72.778059,21.28276,72.908059,Urban ,19.76218981785956,Long
6608,9.979363,76.285001,10.059363,76.365001,Urban ,12.484707101943531,Medium
6609,15.157944,73.950889,15.247944,74.040889,Urban ,13.907355216214563,Medium
6610,10.035573,76.336958,10.095573,76.396958,Metropolitian ,9.362872174066023,Medium
6611,30.372202,78.077151,30.432202,78.137151,Other,8.810418322295401,Medium
6612,18.636215,73.751081,18.716215,73.831081,Metropolitian ,12.253528674537387,Medium
6613,23.232357,77.429989,23.272357,77.469989,Urban ,6.040081211062473,Medium
6614,11.006686,76.951736,11.076686,77.021736,Urban ,10.906324615073945,Medium
6615,19.091458,72.827808,19.221458,72.957808,Urban ,19.884989093917287,Long
6616,26.492106,80.327797,26.602106,80.437797,Urban ,16.411341039815348,Long
6617,17.433809,78.386744,17.563809,78.516744,Urban ,19.97552008622187,Long
6618,27.161694,78.034714,27.221694,78.094714,Metropolitian ,8.929060012159653,Medium
6619,19.1093,72.825451,19.1793,72.895451,Urban ,10.707675026485889,Medium
6620,27.157772,78.04725,27.267772,78.15725,Semi-Urban ,16.368574783912262,Long
6621,25.459775,81.834841,25.599775,81.974841,Metropolitian ,20.968251711199535,Long
6622,11.003669,76.976494,11.083669,77.056494,Urban ,12.464329547625573,Medium
6623,18.546947,73.900626,18.586947,73.940626,Urban ,6.12862767048463,Medium
6624,22.308096,73.167753,22.368096,73.227753,Urban ,9.088078142012026,Medium
6625,30.89286,75.822199,30.91286,75.842199,Metropolitian ,2.930345091619148,Short
6626,13.005801,80.250744,13.015801,80.260744,Other,1.552479637305569,Short
6627,30.372202,78.077151,30.402202,78.107151,Urban ,4.40549791159424,Short
6628,22.553227,88.353273,22.573227,88.373273,Metropolitian ,3.027094523231418,Short
6629,21.157735,72.768778,21.177735,72.788778,Other,3.0408160408563645,Short
6630,21.160437,72.774209,21.230437,72.844209,Urban ,10.641928366460249,Medium
6631,17.426228,78.407495,17.476228,78.457495,Metropolitian ,7.683850219127171,Medium
6632,18.994049,72.825203,19.074049,72.905203,Urban ,12.241187680095402,Medium
6633,11.021278,76.995017,11.131278,77.105017,Urban ,17.13751702264012,Long
6634,12.972793,80.249982,13.032793,80.309982,Urban ,9.31502403899762,Medium
6635,19.878028,75.317475,19.888028,75.327475,Metropolitian ,1.5263832936831832,Short
6636,12.970324,77.645748,12.990324,77.665748,Urban ,3.1051449132267224,Short
6637,13.026279,80.174568,13.046279,80.194568,Urban ,3.1048037532854202,Short
6638,-25.451517,81.832616,25.471517,81.852616,Metropolitian ,5662.383437732533,Very Long
6639,27.16185,78.040165,27.22185,78.100165,Urban ,8.929054495274405,Medium
6640,23.374989,85.335486,23.434989,85.395486,Urban ,9.055361318454347,Medium
6641,-22.651847,-75.881991,22.711847,75.941991,Metropolitian ,17128.776780460714,Very Long
6642,15.157944,73.950889,15.237944,74.030889,Metropolitian ,12.36223503111372,Medium
6643,13.058616,80.264151,13.068616,80.274151,Other,1.5523182877494135,Short
6644,25.457116,81.859682,25.537116,81.939682,Metropolitian ,11.983323050925035,Medium
6645,18.546258,73.904337,18.606258,73.964337,Urban ,9.192703790075399,Medium
6646,26.473698,80.352677,26.563698,80.442677,Urban ,13.428939356135318,Medium
6647,9.970717,76.285447,10.040717,76.355447,Metropolitian ,10.924344981907934,Medium
6648,12.297954,76.665169,12.337954,76.705169,Urban ,6.218153086065569,Medium
6649,-22.547186,88.35068,22.567186,88.37068,Metropolitian ,5016.48975236648,Very Long
6650,26.474133,80.3481,26.554133,80.4281,Metropolitian ,11.937046205545162,Medium
6651,21.160522,72.771477,21.290522,72.901477,Other,19.7617064674139,Long
6652,22.32,73.17,22.35,73.2,Other,4.5440857063035835,Short
6653,27.165108,78.015053,27.305108,78.155053,Urban ,20.83088495953358,Long
6654,30.892978,75.821847,30.922978,75.851847,Metropolitian ,4.395417948927889,Short
6655,12.914264,77.6784,12.924264,77.6884,Metropolitian ,1.5527578022553539,Short
6656,9.979363,76.285001,9.989363,76.295001,Urban ,1.5606712347477756,Short
6657,30.332735,78.054222,30.472735,78.194222,Metropolitian ,20.55759081003579,Long
6658,22.577821,88.400581,22.597821,88.420581,Urban ,3.0268459094259565,Short
6659,22.552672,88.352885,22.662672,88.462885,Urban ,16.646545996493526,Long
6660,27.161661,78.011544,27.211661,78.061544,Metropolitian ,7.441031749342384,Medium
6661,22.753839,75.897429,22.823839,75.967429,Urban ,10.586817607222669,Medium
6662,22.310237,73.158921,22.420237,73.268921,Urban ,16.65997912906346,Long
6663,22.526461,88.364453,22.566461,88.404453,Metropolitian ,6.054527674480393,Medium
6664,21.157735,72.768778,21.267735,72.878778,Urban ,16.722118375772798,Long
6665,27.165108,78.015053,27.275108,78.125053,Metropolitian ,16.368098812916838,Long
6666,21.183434,72.814492,21.223434,72.854492,Urban ,6.08094902595068,Medium
6667,21.160437,72.774209,21.180437,72.794209,Urban ,3.040790211399868,Short
6668,26.913987,75.752891,26.933987,75.772891,Urban ,2.979496955631163,Short
6669,9.966783,76.242981,10.036783,76.312981,Metropolitian ,10.924410123602872,Medium
6670,12.325461,76.632278,12.355461,76.662278,Urban ,4.663419307399412,Short
6671,12.934365,77.616155,13.014365,77.696155,Urban ,12.420724094049318,Medium
6672,22.651847,75.881991,22.731847,75.961991,Urban ,12.103166363269912,Medium
6673,26.472001,80.354002,26.582001,80.464002,Metropolitian ,16.412619589031983,Long
6674,13.049645,80.242268,13.179645,80.372268,Other,20.178100872930706,Long
6675,11.008638,76.984311,11.048638,77.024311,Urban ,6.232321450753127,Medium
6676,26.479108,80.315042,26.519108,80.355042,Urban ,5.968870550908139,Medium
6677,11.008638,76.984311,11.068638,77.044311,Other,9.348325936764757,Medium
6678,-22.538731,88.364878,22.618731,88.444878,Urban ,5021.288141985915,Very Long
6679,12.337928,76.617889,12.377928,76.657889,Urban ,6.217689734999503,Medium
6680,23.359407,85.325055,23.439407,85.405055,Other,12.074047498027545,Medium
6681,21.186608,72.794136,21.296608,72.904136,Urban ,16.72059667667663,Long
6682,25.449872,81.836167,25.589872,81.976167,Metropolitian ,20.96902845452305,Long
6683,21.149669,72.772629,21.239669,72.862629,Other,13.682511992314389,Medium
6684,22.526461,88.364453,22.556461,88.394453,Metropolitian ,4.540971511039218,Short
6685,-26.474133,80.3481,26.484133,80.3581,Urban ,5888.690600493778,Very Long
6686,27.160934,78.044095,27.210934,78.094095,Metropolitian ,7.441053171025973,Medium
6687,30.361281,78.068022,30.471281,78.178022,Urban ,16.15143830673367,Long
6688,27.201725,78.007553,27.251725,78.057553,Metropolitian ,7.439850531565586,Medium
6689,26.914142,75.805704,26.924142,75.815704,Other,1.4897768153108437,Short
6690,19.874103,75.368419,19.884103,75.378419,Metropolitian ,1.5264010396835188,Short
6691,18.51421,73.838429,18.59421,73.918429,Urban ,12.257687886803152,Medium
6692,22.761226,75.887522,22.821226,75.947522,Urban ,9.074342229264849,Medium
6693,10.020683,76.310631,10.080683,76.370631,Metropolitian ,9.363084628484573,Medium
6694,18.53408,73.89852,18.56408,73.92852,Urban ,4.596698554557409,Short
6695,12.914264,77.6784,13.004264,77.7684,Other,13.973727486522742,Medium
6696,22.725835,75.887648,22.795835,75.957648,Urban ,10.587815903448728,Medium
6697,12.934179,77.615797,13.064179,77.745797,Urban ,20.182693224611718,Long
6698,12.316967,76.603067,12.376967,76.663067,Urban ,9.32672525872147,Medium
6699,22.53796,88.349843,22.62796,88.439843,Metropolitian ,13.621026777728382,Medium
6700,12.970221,77.645396,12.980221,77.655396,Urban ,1.552587981794941,Short
6701,30.893081,75.821495,30.943081,75.871495,Metropolitian ,7.325368489858038,Medium
6702,17.458998,78.500366,17.528998,78.570366,Other,10.756185975480696,Medium
6703,25.454697,81.834492,25.584697,81.964492,Metropolitian ,19.471254011306446,Long
6704,23.230791,77.43702,23.260791,77.46702,Urban ,4.530163033904196,Short
6705,23.416792,85.316842,23.486792,85.386842,Urban ,10.562878909252897,Medium
6706,13.02978,80.208812,13.09978,80.278812,Urban ,10.866202682035826,Medium
6707,18.520016,73.830547,18.560016,73.870547,Urban ,6.129085334980087,Medium
6708,22.53796,88.349843,22.59796,88.409843,Metropolitian ,9.081139807540945,Medium
6709,30.89286,75.822199,31.00286,75.932199,Metropolitian ,16.113681164807037,Long
6710,9.966783,76.242981,10.076783,76.352981,Metropolitian ,17.16640850464352,Long
6711,11.003008,76.97544,11.113008,77.08544,Other,17.138041435509773,Long
6712,15.498603,73.826911,15.538603,73.866911,Metropolitian ,6.176541436789505,Medium
6713,10.003064,76.307589,10.033064,76.337589,Urban ,4.681774575928857,Short
6714,30.88722,75.804893,30.92722,75.844893,Metropolitian ,5.8605768949097286,Medium
6715,23.353783,85.326967,23.463783,85.436967,Urban ,16.60127679034639,Long
6716,18.554382,73.798206,18.664382,73.908206,Urban ,16.851738065958237,Long
6717,26.492106,80.327797,26.622106,80.457797,Metropolitian ,19.39446830388421,Long
6718,26.471529,80.313458,26.561529,80.403458,Metropolitian ,13.42905214553439,Medium
6719,9.966783,76.242981,10.096783,76.372981,Urban ,20.287264795752954,Long
6720,22.310237,73.158921,22.340237,73.188921,Metropolitian ,4.544232356931138,Short
6721,19.880256,75.323503,19.910256,75.353503,Metropolitian ,4.578983929546771,Short
6722,22.751857,75.866699,22.831857,75.946699,Other,12.099096916817428,Medium
6723,18.543626,73.905101,18.583626,73.945101,Urban ,6.128684140033017,Medium
6724,22.753659,75.903365,22.813659,75.963365,Urban ,9.074573554009332,Medium
6725,23.218998,77.373573,23.268998,77.423573,Metropolitian ,7.550318061414838,Medium
6726,12.979096,77.640625,13.069096,77.730625,Urban ,13.971950882977819,Medium
6727,12.914264,77.6784,12.994264,77.7584,Urban ,12.421212735966272,Medium
6728,22.310237,73.158921,22.390237,73.238921,Urban ,12.116950608888649,Medium
6729,11.008638,76.984311,11.138638,77.114311,Urban ,20.253518127453454,Long
6730,23.371292,85.327872,23.391292,85.347872,Urban ,3.0187008024389756,Short
6731,22.569367,88.433187,22.589367,88.453187,Urban ,3.0269313947755,Short
6732,19.866969,75.318894,19.936969,75.388894,Metropolitian ,10.684082824870355,Medium
6733,26.481547,80.299775,26.501547,80.319775,Metropolitian ,2.984522628644554,Short
6734,23.354422,85.3329,23.374422,85.3529,Urban ,3.0188764660304765,Short
6735,22.753659,75.903365,22.863659,76.013365,Urban ,16.635315203255878,Long
6736,25.451517,81.832616,25.581517,81.962616,Urban ,19.471485569343805,Long
6737,22.745049,75.892471,22.855049,76.002471,Urban ,16.635798060903895,Long
6738,21.186884,72.793616,21.296884,72.903616,Urban ,16.720582121840994,Long
6739,18.533811,73.899315,18.613811,73.979315,Other,12.257021346005944,Medium
6740,22.75004,75.902847,22.84004,75.992847,Metropolitian ,13.611337814320951,Medium
6741,12.310972,76.659264,12.370972,76.719264,Urban ,9.326829542520041,Medium
6742,15.574828,73.766883,15.644828,73.836883,Urban ,10.806640241071362,Medium
6743,23.355164,85.324097,23.385164,85.354097,Urban ,4.52822500931378,Short
6744,30.346994,78.062543,30.386994,78.102543,Metropolitian ,5.8745153545384685,Medium
6745,19.874733,75.353942,19.894733,75.373942,Metropolitian ,3.052751159643992,Short
6746,30.328174,78.049117,30.438174,78.159117,Metropolitian ,16.153774202105687,Long
6747,15.496162,73.825364,15.626162,73.955364,Urban ,20.071761351648224,Long
6748,15.546594,73.760431,15.576594,73.790431,Urban ,4.631940836710764,Short
6749,9.966783,76.242981,9.996783,76.272981,Other,4.682031950204985,Short
6750,25.451646,81.832796,25.491646,81.872796,Metropolitian ,5.992231876438848,Medium
6751,9.960846,76.293936,9.970846,76.303936,Other,1.5607149148635842,Short
6752,-30.327968,78.046106,30.347968,78.066106,Metropolitian ,6746.856584219273,Very Long
6753,25.454648,81.834502,25.504648,81.884502,Urban ,7.490065970202702,Medium
6754,22.695207,75.866059,22.775207,75.946059,Urban ,12.101403911098085,Medium
6755,15.556561,73.763633,15.636561,73.843633,Metropolitian ,12.350830179827938,Medium
6756,18.927584,72.832585,18.967584,72.872585,Other,6.122094799492485,Medium
6757,13.086438,80.220672,13.166438,80.300672,Urban ,12.41700384268753,Medium
6758,23.351058,85.325731,23.371058,85.345731,Urban ,3.018911481757933,Short
6759,27.195928,77.998092,27.285928,78.088092,Urban ,13.390975771119729,Medium
6760,12.972532,77.608179,13.062532,77.698179,Urban ,13.972131143082873,Medium
6761,12.972793,80.249982,13.082793,80.359982,Metropolitian ,17.076704210539905,Long
6762,12.3085,76.665808,12.3285,76.685808,Urban ,3.10907341094769,Short
6763,22.651847,75.881991,22.761847,75.991991,Urban ,16.641014927987452,Long
6764,23.234631,77.401663,23.264631,77.431663,Urban ,4.530103329085747,Short
6765,23.359194,85.325447,23.409194,85.375447,Urban ,7.546676276224407,Medium
6766,22.74806,75.8934,22.76806,75.9134,Other,3.0251186390180176,Short
6767,15.498603,73.826911,15.568603,73.896911,Urban ,10.808568764939935,Medium
6768,30.361281,78.068022,30.371281,78.078022,Other,1.4686334355934356,Short
6769,23.374989,85.335486,23.484989,85.445486,Semi-Urban ,16.60006026589117,Long
6770,17.440827,78.393391,17.570827,78.523391,Urban ,19.975152579495987,Long
6771,23.234249,77.434007,23.314249,77.514007,Metropolitian ,12.079253649322473,Medium
6772,18.593481,73.785901,18.683481,73.875901,Other,13.786669693634837,Medium
6773,30.893244,75.821817,30.923244,75.851817,Metropolitian ,4.395412768889883,Short
6774,15.303897,73.914336,15.323897,73.934336,Metropolitian ,3.0897366597020492,Short
6775,12.914264,77.6784,12.954264,77.7184,Urban ,6.2108493245340295,Medium
6776,22.753839,75.897429,22.863838,76.007429,Urban ,16.635223376952894,Long
6777,21.149834,72.778666,21.189834,72.818666,Urban ,6.081591883832577,Medium
6778,30.332735,78.054222,30.402735,78.124222,Metropolitian ,10.280368205885546,Medium
6779,15.51315,73.78346,15.56315,73.83346,Metropolitian ,7.720324413180035,Medium
6780,9.966783,76.242981,10.006783,76.282981,Metropolitian ,6.24266201557647,Medium
6781,12.914264,77.6784,12.994264,77.7584,Semi-Urban ,12.421212735966272,Medium
6782,19.876106,75.340775,19.936106,75.400775,Metropolitian ,9.157673042593977,Medium
6783,12.311072,76.654878,12.391072,76.734878,Other,12.43553817483714,Medium
6784,12.352058,76.60665,12.422058,76.67665,Urban ,10.880364286277024,Medium
6785,22.307898,73.167788,22.397898,73.257788,Urban ,13.631449198481373,Medium
6786,22.31279,73.170283,22.42279,73.280283,Urban ,16.65983831917015,Long
6787,10.028047,76.310019,10.138047,76.420019,Metropolitian ,17.164806817113913,Long
6788,12.972161,77.596014,12.992161,77.616014,Urban ,3.1051337352345962,Short
6789,26.846156,75.8023,26.986156,75.9423,Urban ,20.857115324129346,Long
6790,27.161661,78.011544,27.181661,78.031544,Metropolitian ,2.976589528427393,Short
6791,26.47,80.35,26.52,80.4,Metropolitian ,7.461206718330892,Medium
6792,21.185047,72.80859,21.295047,72.91859,Urban ,16.72067899275337,Long
6793,30.893384,75.821202,31.023384,75.951202,Metropolitian ,19.042551215054168,Long
6794,23.211529,77.419399,23.281529,77.489399,Metropolitian ,10.570353220161401,Medium
6795,15.546594,73.760431,15.616594,73.830431,Metropolitian ,10.807355603129176,Medium
6796,22.751234,75.88949,22.761234,75.89949,Other,1.512568616883653,Short
6797,12.914264,77.6784,12.984264,77.7484,Other,10.868667520702907,Medium
6798,12.310972,76.659264,12.350972,76.699264,Urban ,6.218002348694166,Medium
6799,23.371292,85.327872,23.391292,85.347872,Other,3.0187008024389756,Short
6800,25.449872,81.836167,25.519872,81.906167,Urban ,10.48588749704316,Medium
6801,30.359722,78.067079,30.379722,78.087079,Metropolitian ,2.9372227514152978,Short
6802,25.457687,81.835585,25.587687,81.965585,Metropolitian ,19.47103626702457,Long
6803,13.081878,80.248519,13.151878,80.318519,Urban ,10.86508418998648,Medium
6804,22.744648,75.894377,22.834648,75.984377,Urban ,13.61158511177172,Medium
6805,26.47,80.35,26.55,80.43,Urban ,11.937237212390697,Medium
6806,12.934179,77.615797,13.024179,77.705797,Other,13.97318265391717,Medium
6807,27.16185,78.040165,27.18185,78.060165,Other,2.976587301747236,Short
6808,21.149569,72.772697,21.169569,72.792697,Urban ,3.040894085204392,Short
6809,17.45971,78.368855,17.48971,78.398855,Urban ,4.610027010711543,Short
6810,13.049645,80.242268,13.069645,80.262268,Urban ,3.1046608747204867,Short
6811,13.022394,80.242439,13.032394,80.252439,Urban ,1.5524290130727518,Short
6812,26.472001,80.354002,26.502001,80.384002,Other,4.4768626493275985,Short
6813,12.352058,76.60665,12.372058,76.62665,Other,3.1088209178697257,Short
6814,23.355164,85.324097,23.445164,85.414097,Urban ,13.583267699065841,Medium
6815,12.975996,80.221898,12.985996,80.231898,Urban ,1.5525704156530522,Short
6816,22.538731,88.364878,22.608731,88.434878,Metropolitian ,10.594458830147456,Medium
6817,23.39925,85.390464,23.43925,85.430464,Metropolitian ,6.0366102498163405,Medium
6818,-26.481547,80.299775,26.541547,80.359775,Metropolitian ,5895.902549257507,Very Long
6819,21.149834,72.778666,21.169834,72.798666,Urban ,3.040891552952415,Short
6820,19.121999,72.908493,19.131999,72.918493,Urban ,1.5297435115833462,Short
6821,25.443994,81.860187,25.533994,81.950187,Metropolitian ,13.48164730442495,Medium
6822,12.304569,76.643622,12.314569,76.653622,Urban ,1.5545625412411683,Short
6823,18.520016,73.830547,18.630016,73.940547,Semi-Urban ,16.853347148215562,Long
6824,27.161694,78.034714,27.211694,78.084714,Metropolitian ,7.44103077695908,Medium
6825,19.178321,72.834715,19.258321,72.914715,Other,12.234750048931101,Medium
6826,26.88842,75.800689,26.97842,75.890689,Other,13.407238587856547,Medium
6827,22.753659,75.903365,22.803659,75.953365,Urban ,7.562272055566006,Medium
6828,23.235123,77.398886,23.245123,77.408886,Urban ,1.5100837271231295,Short
6829,30.892978,75.821847,30.972978,75.901847,Metropolitian ,11.719815091956,Medium
6830,11.022298,76.998349,11.062298,77.038349,Urban ,6.232179267965744,Medium
6831,26.892312,75.806896,26.902313,75.816896,Urban ,1.4899874085572802,Short
6832,15.544419,73.755736,15.614419,73.825736,Urban ,10.807410660610424,Medium
6833,19.254567,72.848923,19.384567,72.978923,Other,19.87568060491079,Long
6834,11.006686,76.951736,11.016686,76.961736,Urban ,1.5581244322259453,Short
6835,25.454648,81.834502,25.514648,81.894502,Metropolitian ,8.987911213313382,Medium
6836,30.893244,75.821817,30.953244,75.881817,Urban ,8.790240920913794,Medium
6837,26.892312,75.806896,26.922313,75.836896,Other,4.469620875558469,Short
6838,26.469003,80.316344,26.549003,80.396344,Urban ,11.937283285240959,Medium
6839,25.449872,81.836167,25.499872,81.886167,Urban ,7.490199554499752,Medium
6840,15.498603,73.826911,15.518603,73.846911,Metropolitian ,3.0883427821837315,Short
6841,30.873988,75.842739,30.943988,75.912739,Urban ,10.255928804012216,Medium
6842,21.183434,72.814492,21.293434,72.924492,Urban ,16.72076404537056,Long
6843,15.51315,73.78346,15.64315,73.91346,Metropolitian ,20.07096324324512,Long
6844,26.471617,80.313564,26.511617,80.353564,Metropolitian ,5.969043562148867,Medium
6845,17.41233,78.449654,17.43233,78.469654,Other,3.0737721530635134,Short
6846,30.893081,75.821495,30.973081,75.901495,Metropolitian ,11.719809740060654,Medium
6847,18.994049,72.825203,19.004049,72.835203,Urban ,1.5303005968357748,Short
6848,12.933284,77.615428,13.063284,77.745428,Other,20.1827286692576,Long
6849,13.026279,80.174568,13.136279,80.284568,Other,17.074904532036182,Long
6850,15.506205,73.766668,15.586205,73.846668,Urban ,12.35228618251591,Medium
6851,18.536562,73.896485,18.546562,73.906485,Urban ,1.5322647895219275,Short
6852,19.091458,72.827808,19.171458,72.907808,Urban ,12.237791615217422,Medium
6853,23.211529,77.419399,23.301529,77.509399,Urban ,13.589987199022492,Medium
6854,18.530963,73.828972,18.660963,73.958972,Urban ,19.91643253383978,Long
6855,23.232357,77.429989,23.292357,77.489989,Metropolitian ,9.05981056427967,Medium
6856,23.211529,77.419399,23.301529,77.509399,Other,13.589987199022492,Medium
6857,19.12663,72.829976,19.23663,72.939976,Other,16.82454910007528,Long
6858,11.021278,76.995017,11.081278,77.055017,Other,9.348128423503685,Medium
6859,22.539129,88.365507,22.619129,88.445507,Urban ,12.107734496942223,Medium
6860,10.000706,76.349516,10.110706,76.459516,Metropolitian ,17.165522795529256,Long
6861,30.905562,75.832841,31.045562,75.972841,Urban ,20.50579892346357,Long
6862,21.157735,72.768778,21.237735,72.848778,Other,12.162115707004753,Medium
6863,15.56155,73.749092,15.67155,73.859092,Urban ,16.98159434210999,Long
6864,27.160934,78.044095,27.230934,78.114095,Metropolitian ,10.417061581464,Medium
6865,23.266261,77.379605,23.286261,77.399605,Metropolitian ,3.019792716210709,Short
6866,26.483042,80.317833,26.513042,80.347833,Metropolitian ,4.476671414527099,Short
6867,26.481547,80.299775,26.521547,80.339775,Metropolitian ,5.968814211616335,Medium
6868,15.516833,73.768172,15.526833,73.778172,Metropolitian ,1.544123739455204,Short
6869,13.091809,80.219104,13.201809,80.329104,Urban ,17.072690000336546,Long
6870,27.157772,78.04725,27.197772,78.08725,Metropolitian ,5.953034972417382,Medium
6871,9.982834,76.283268,10.112834,76.413268,Metropolitian ,20.286769465746985,Long
6872,11.024839,77.007003,11.054839,77.037003,Urban ,4.674153680097568,Short
6873,19.22384,72.841347,19.24384,72.861347,Other,3.0585514953421016,Short
6874,23.374878,85.335739,23.454878,85.415739,Other,12.073402311815487,Medium
6875,26.471529,80.313458,26.541529,80.383458,Metropolitian ,10.44522307769975,Medium
6876,22.53796,88.349843,22.60796,88.419843,Urban ,10.594486106270377,Medium
6877,26.492106,80.327797,26.572106,80.407797,Metropolitian ,11.936215305491718,Medium
6878,30.893234,75.82172,30.973234,75.90172,Metropolitian ,11.719801790134351,Medium
6879,12.304569,76.643622,12.434569,76.773622,Other,20.20704994057408,Long
6880,19.874449,75.360232,19.964449,75.450232,Other,13.735965288529053,Medium
6881,-19.876106,75.340775,19.886106,75.350775,Metropolitian ,4421.35638073294,Very Long
6882,19.120083,72.907385,19.200083,72.987385,Urban ,12.236790662986381,Medium
6883,22.514119,88.362504,22.524119,88.372504,Urban ,1.5137699120814663,Short
6884,25.450329,81.834279,25.500329,81.884279,Metropolitian ,7.490186773135797,Medium
6885,12.972793,80.249982,13.022793,80.299982,Other,7.7625962645802185,Medium
6886,13.026286,80.275235,13.116286,80.365235,Urban ,13.970652398309912,Medium
6887,10.027364,76.308258,10.117364,76.398258,Urban ,14.04416232060137,Medium
6888,23.39925,85.390464,23.40925,85.400464,Urban ,1.5092307910801999,Short
6889,12.321214,76.621094,12.331214,76.631094,Urban ,1.554514382187431,Short
6890,25.450317,81.831681,25.520317,81.901681,Metropolitian ,10.48587006741055,Medium
6891,23.234631,77.401663,23.314631,77.481663,Metropolitian ,12.079237795479052,Medium
6892,12.979096,77.640625,13.049096,77.710625,Other,10.867286735129932,Medium
6893,11.001753,76.986241,11.041753,77.026241,Urban ,6.232393050016353,Medium
6894,15.5696,73.742294,15.6096,73.782294,Other,6.175516093406556,Medium
6895,27.163303,78.057044,27.183303,78.077044,Urban ,2.976570182999617,Short
6896,18.516216,73.842527,18.646216,73.972527,Urban ,19.91724841572886,Long
6897,30.892978,75.821847,30.912978,75.841847,Metropolitian ,2.930343559862168,Short
6898,17.438263,78.397865,17.478263,78.437865,Urban ,6.146967151934406,Medium
6899,9.988483,76.295211,10.018483,76.325211,Metropolitian ,4.681878121614791,Short
6900,15.556561,73.763633,15.636561,73.843633,Urban ,12.350830179827938,Medium
6901,22.515082,88.36783,22.575082,88.42783,Metropolitian ,9.081833107521298,Medium
6902,12.979166,77.640709,13.019166,77.680709,Urban ,6.2100603230883085,Medium
6903,17.429585,78.392621,17.499585,78.462621,Urban ,10.757014337994818,Medium
6904,9.982834,76.283268,10.042834,76.343268,Metropolitian ,9.363623288889148,Medium
6905,10.000706,76.349516,10.090706,76.439516,Metropolitian ,14.044732915893816,Medium
6906,22.538731,88.364878,22.628731,88.454878,Metropolitian ,13.620991695069751,Medium
6907,18.520016,73.830547,18.530016,73.840547,Urban ,1.5323350156093773,Short
6908,-22.539129,88.365507,22.629129,88.455507,Metropolitian ,5022.490583438826,Very Long
6909,12.914264,77.6784,13.024264,77.7884,Other,17.078665498349924,Long
6910,15.574828,73.766883,15.664828,73.856883,Metropolitian ,13.893925249839853,Medium
6911,17.450851,78.379347,17.510851,78.439347,Urban ,9.219905581617374,Medium
6912,11.003681,76.975525,11.063681,77.035525,Other,9.34840333533469,Medium
6913,19.875522,75.367127,19.905522,75.397127,Urban ,4.579048174782952,Short
6914,22.761593,75.886362,22.791593,75.916362,Other,4.537394871786458,Short
6915,21.157729,72.768726,21.267729,72.878726,Urban ,16.722118691803292,Long
6916,12.949934,77.699386,13.059934,77.809386,Urban ,17.077471212874364,Long
6917,19.875908,75.358888,19.985908,75.468888,Metropolitian ,16.787830384095233,Long
6918,22.527893,88.368628,22.587893,88.428628,Urban ,9.081444954603896,Medium
6919,19.875908,75.358888,19.935908,75.418888,Metropolitian ,9.15767841988528,Medium
6920,15.157944,73.950889,15.187944,73.980889,Other,4.636103104061094,Short
6921,10.994136,76.963303,11.084136,77.053303,Urban ,14.02247678645175,Medium
6922,22.514688,88.393294,22.524688,88.403294,Urban ,1.5137670422985856,Short
6923,23.351058,85.325731,23.481058,85.455731,Urban ,19.619196710684104,Long
6924,22.311844,73.165081,22.421844,73.275081,Semi-Urban ,16.659890497111576,Long
6925,22.761226,75.887522,22.801226,75.927522,Urban ,6.049765396707846,Medium
6926,26.910262,75.783013,26.990262,75.863013,Urban ,11.916757259074872,Medium
6927,12.979096,77.640625,13.089096,77.750625,Other,17.07649249561196,Long
6928,22.651847,75.881991,22.741847,75.971991,Urban ,13.615833459010936,Medium
6929,25.449872,81.836167,25.559872,81.946167,Semi-Urban ,16.476590576084117,Long
6930,22.538999,88.322337,22.668999,88.452337,Urban ,19.673431422538805,Long
6931,26.463504,80.372929,26.493504,80.402929,Metropolitian ,4.47700977756279,Short
6932,30.359722,78.067079,30.369722,78.077079,Metropolitian ,1.4686434271070297,Short
6933,15.576683,73.75575,15.656683,73.83575,Metropolitian ,12.350247136473309,Medium
6934,26.913483,75.803139,27.043483,75.933139,Semi-Urban ,19.36258018346535,Long
6935,22.32,73.17,22.34,73.19,Urban ,3.029440560313021,Short
6936,-27.160832,78.011608,27.300832,78.151608,Metropolitian ,6055.879212408516,Very Long
6937,10.000706,76.349516,10.070706,76.419516,Metropolitian ,10.923847584667671,Medium
6938,23.369746,85.33982,23.399746,85.36982,Urban ,4.527997212574592,Short
6939,26.905287,75.794592,26.925287,75.814592,Urban ,2.979598701342017,Short
6940,22.651847,75.881991,22.661847,75.891991,Other,1.5130734557289574,Short
6941,23.214459,77.434976,23.254459,77.474976,Metropolitian ,6.04045219327021,Medium
6942,22.553227,88.353273,22.623227,88.423273,Metropolitian ,10.593945847570625,Medium
6943,25.443994,81.860187,25.463994,81.880187,Urban ,2.996313374961318,Short
6944,17.41233,78.449654,17.52233,78.559654,Urban ,16.903757254525896,Long
6945,15.576683,73.75575,15.646683,73.82575,Metropolitian ,10.806593198696826,Medium
6946,10.003064,76.307589,10.013064,76.317589,Metropolitian ,1.5606152107250726,Short
6947,15.49395,73.827423,15.56395,73.897423,Metropolitian ,10.80868620155457,Medium
6948,25.449659,81.839744,25.539659,81.929744,Metropolitian ,13.48136196200143,Medium
6949,27.195928,77.998092,27.255928,78.058092,Metropolitian ,8.927848741431507,Medium
6950,19.1093,72.825451,19.1193,72.835451,Other,1.5297989528625522,Short
6951,22.311844,73.165081,22.331844,73.185081,Urban ,3.0295222215908577,Short
6952,13.054347,80.257221,13.124347,80.327221,Urban ,10.865675782879832,Medium
6953,11.003669,76.976494,11.023669,76.996494,Urban ,3.1162385581766157,Short
6954,18.520016,73.830547,18.570016,73.880547,Urban ,7.661250453808475,Medium
6955,30.893384,75.821202,30.923384,75.851202,Metropolitian ,4.395410042540987,Short
6956,30.361281,78.068022,30.411281,78.118022,Metropolitian ,7.34252590190104,Medium
6957,26.911378,75.789034,27.041378,75.919034,Urban ,19.36274047125199,Long
6958,9.959778,76.296106,10.029778,76.366106,Metropolitian ,10.924526055103462,Medium
6959,30.899992,75.831338,31.029992,75.961338,Urban ,19.041992897398593,Long
6960,11.001753,76.986241,11.131753,77.116241,Urban ,20.25375174504849,Long
6961,22.5491,88.400467,22.6591,88.510467,Metropolitian ,16.646744821981603,Long
6962,27.161694,78.034714,27.171694,78.044714,Metropolitian ,1.4883240260790167,Short
6963,13.049645,80.242268,13.089645,80.282268,Urban ,6.209199248060677,Medium
6964,22.728163,75.884212,22.818163,75.974212,Urban ,13.61234086526925,Medium
6965,11.001753,76.986241,11.031753,77.016241,Urban ,4.6743337880135964,Short
6966,18.530963,73.828972,18.550963,73.848972,Metropolitian ,3.0645346577470782,Short
6967,-22.515082,88.36783,22.645082,88.49783,Metropolitian ,5021.600840594848,Very Long
6968,26.913483,75.803139,26.993483,75.883139,Urban ,11.91660643888762,Medium
6969,26.902328,75.794257,27.032328,75.924257,Other,19.363429481747797,Long
6970,23.230791,77.43702,23.300791,77.50702,Urban ,10.569654198587227,Medium
6971,25.454697,81.834492,25.534697,81.914492,Other,11.983431370375913,Medium
6972,18.546947,73.900626,18.626947,73.980626,Urban ,12.256574293065931,Medium
6973,11.010375,76.95295,11.080375,77.02295,Urban ,10.906257371571431,Medium
6974,17.433809,78.386744,17.493809,78.446744,Other,9.220316822180699,Medium
6975,22.75004,75.902847,22.77004,75.922847,Urban ,3.025098484224585,Short
6976,30.895817,75.813112,31.005817,75.923112,Urban ,16.113469821685396,Long
6977,23.359033,85.325347,23.489033,85.455347,Urban ,19.618656013660114,Long
6978,12.284747,76.625861,12.414747,76.755861,Urban ,20.20779793335838,Long
6979,19.875016,75.322405,19.945016,75.392405,Urban ,10.683827860847575,Medium
6980,18.994049,72.825203,19.044049,72.875203,Urban ,7.651068542725186,Medium
6981,17.41233,78.449654,17.45233,78.489654,Urban ,6.147383751705012,Medium
6982,15.585658,73.743606,15.635658,73.793606,Urban ,7.7190138572076075,Medium
6983,10.020683,76.310631,10.150683,76.440631,Semi-Urban ,20.285598401299914,Long
6984,12.316967,76.603067,12.406967,76.693067,Semi-Urban ,13.989695713800042,Medium
6985,12.934179,77.615797,12.944179,77.625797,Other,1.5526974438937056,Short
6986,11.001852,76.976268,11.041852,77.016268,Other,6.232392020791474,Medium
6987,-22.515082,88.36783,22.525082,88.37783,Urban ,5008.237849055538,Very Long
6988,22.75004,75.902847,22.83004,75.982847,Urban ,12.099170988010787,Medium
6989,23.232357,77.429989,23.282357,77.479989,Metropolitian ,7.549971844716151,Medium
6990,30.893081,75.821495,30.923081,75.851495,Urban ,4.39541594312748,Short
6991,18.994237,72.825553,19.014237,72.845553,Urban ,3.060556140526367,Short
6992,23.357804,85.325146,23.367804,85.335146,Urban ,1.5094466586398139,Short
6993,15.576683,73.75575,15.636683,73.81575,Urban ,9.262902940888772,Medium
6994,18.593481,73.785901,18.623481,73.815901,Other,4.595940524023034,Short
6995,21.160437,72.774209,21.230437,72.844209,Other,10.641928366460249,Medium
6996,10.006881,76.345397,10.016881,76.355397,Urban ,1.5606061760657888,Short
6997,23.351058,85.325731,23.421058,85.395731,Urban ,10.56527857058105,Medium
6998,15.561295,73.749478,15.671295,73.859478,Urban ,16.981604507589847,Long
6999,-23.351058,-85.325731,23.421058,85.395731,Metropolitian ,19068.246962308313,Very Long
7000,-26.473698,80.352677,26.613698,80.492677,Metropolitian ,5903.068140670003,Very Long
7001,22.569358,88.433452,22.589358,88.453452,Metropolitian ,3.026931485767254,Short
7002,12.334022,76.618203,12.354022,76.638203,Other,3.108925571154758,Short
7003,26.766536,75.837333,26.826536,75.897333,Urban ,8.942954308598857,Medium
7004,30.327968,78.046106,30.387968,78.106106,Urban ,8.812119870404002,Medium
7005,19.875522,75.367127,19.885522,75.377127,Metropolitian ,1.5263946243577553,Short
7006,23.214459,77.434976,23.224459,77.444976,Metropolitian ,1.5101907524493865,Short
7007,18.55144,73.804855,18.61144,73.864855,Urban ,9.192571532077354,Medium
7008,22.569367,88.433187,22.639367,88.503187,Urban ,10.593374354489539,Medium
7009,25.450329,81.834279,25.540329,81.924279,Semi-Urban ,13.48132821110772,Medium
7010,23.351058,85.325731,23.431058,85.405731,Urban ,12.074395525684995,Medium
7011,23.374878,85.335739,23.394878,85.355739,Urban ,3.018663448352764,Short
7012,22.760072,75.892574,22.830072,75.962574,Urban ,10.58659526806034,Medium
7013,18.554382,73.798206,18.634382,73.878206,Urban ,12.256321133212582,Medium
7014,22.311603,73.165012,22.441603,73.295012,Other,19.688324335751815,Long
7015,19.1813,72.836191,19.2413,72.896191,Other,9.176247492588644,Medium
7016,21.170798,72.790489,21.260798,72.880489,Urban ,13.68160171925099,Medium
7017,25.449659,81.839744,25.459659,81.849744,Metropolitian ,1.498152974994539,Short
7018,26.471617,80.313564,26.501617,80.343564,Metropolitian ,4.476869299223373,Short
7019,15.498603,73.826911,15.568603,73.896911,Metropolitian ,10.808568764939935,Medium
7020,21.17106,72.789292,21.18106,72.799292,Urban ,1.5203682291089562,Short
7021,23.233219,77.433571,23.313219,77.513571,Metropolitian ,12.079296395490507,Medium
7022,15.574828,73.766883,15.654828,73.846883,Urban ,12.350300915304496,Medium
7023,10.000706,76.349516,10.130706,76.479516,Metropolitian ,20.28621703265343,Long
7024,23.233219,77.433571,23.243219,77.443571,Metropolitian ,1.5100935919220129,Short
7025,10.96185,76.971082,10.99185,77.001082,Other,4.674644234402064,Short
7026,18.994237,72.825553,19.124237,72.955553,Semi-Urban ,19.89050358396663,Long
7027,26.905287,75.794592,27.035287,75.924592,Urban ,19.36320422209724,Long
7028,11.006686,76.951736,11.086686,77.031736,Semi-Urban ,12.464266688013891,Medium
7029,11.006686,76.951736,11.096686,77.041736,Urban ,14.022182614283688,Medium
7030,11.003669,76.976494,11.133669,77.106494,Semi-Urban ,20.253686746640145,Long
7031,17.431477,78.40035,17.461477,78.43035,Metropolitian ,4.610367445745231,Short
7032,21.173493,72.801953,21.213493,72.841953,Urban ,6.081139317039227,Medium
7033,17.483216,78.552111,17.493216,78.562111,Other,1.5366213355986191,Short
7034,9.982834,76.283268,10.062834,76.363268,Metropolitian ,12.484641305206136,Medium
7035,22.728163,75.884212,22.758163,75.914212,Urban ,4.537905323142224,Short
7036,12.975996,80.221898,12.985996,80.231898,Other,1.5525704156530522,Short
7037,19.003517,72.82765,19.133517,72.95765,Other,19.889978303743785,Long
7038,15.546594,73.760431,15.576594,73.790431,Metropolitian ,4.631940836710764,Short
7039,30.89286,75.822199,30.93286,75.862199,Metropolitian ,5.860430445188635,Medium
7040,26.479108,80.315042,26.499108,80.335042,Urban ,2.984550789786577,Short
7041,23.266261,77.379605,23.316261,77.429605,Urban ,7.549092417510281,Medium
7042,26.956431,75.776649,26.986431,75.806649,Metropolitian ,4.46841244126484,Short
7043,21.160522,72.771477,21.270522,72.881477,Urban ,16.72197157113449,Long
7044,17.440827,78.393391,17.450827,78.403391,Urban ,1.5367917694815911,Short
7045,19.254567,72.848923,19.294567,72.888923,Other,6.116387229265149,Medium
7046,19.176269,72.836721,19.246269,72.906721,Other,10.705622903497021,Medium
7047,26.47,80.35,26.49,80.37,Urban ,2.984655934099534,Short
7048,18.592718,73.773572,18.612718,73.793572,Other,3.06400945550929,Short
7049,17.428294,78.404423,17.498294,78.474423,Urban ,10.757050667280218,Medium
7050,23.359194,85.325447,23.399194,85.365447,Other,6.037445236368049,Medium
7051,11.001852,76.976268,11.071852,77.046268,Urban ,10.906412696832449,Medium
7052,22.552672,88.352885,22.622672,88.422885,Urban ,10.593965493047884,Medium
7053,17.430448,78.418213,17.500448,78.488213,Urban ,10.756990051436178,Medium
7054,11.008638,76.984311,11.078638,77.054311,Urban ,10.90628903651009,Medium
7055,17.431668,78.408321,17.541668,78.518321,Urban ,16.902901527491522,Long
7056,-30.873988,75.842739,30.923988,75.892739,Metropolitian ,6871.623434871857,Very Long
7057,12.321214,76.621094,12.411214,76.711094,Semi-Urban ,13.98958472463614,Medium
7058,27.161694,78.034714,27.271694,78.144714,Metropolitian ,16.368320331066613,Long
7059,23.353783,85.326967,23.383783,85.356967,Urban ,4.528246576738902,Short
7060,13.066762,80.251865,13.146762,80.331865,Other,12.417487520918202,Medium
7061,22.547186,88.35068,22.637186,88.44068,Metropolitian ,13.62060690138349,Medium
7062,23.374878,85.335739,23.434878,85.395739,Urban ,9.055364789945758,Medium
7063,12.299524,76.64262,12.329524,76.67262,Semi-Urban ,4.663644606869416,Short
7064,30.905562,75.832841,30.955562,75.882841,Metropolitian ,7.3249632498832575,Medium
7065,26.956431,75.776649,26.966431,75.786649,Other,1.4895293820619868,Short
7066,12.970324,77.645748,13.060324,77.735748,Urban ,13.972191759502778,Medium
7067,10.028047,76.310019,10.078047,76.360019,Metropolitian ,7.802542492622434,Medium
7068,30.899584,75.809346,31.009584,75.919346,Metropolitian ,16.11320056524406,Long
7069,-22.514119,88.362504,22.534119,88.382504,Metropolitian ,5009.13598784997,Very Long
7070,30.362686,78.06889,30.452686,78.15889,Metropolitian ,13.215310129028902,Medium
7071,26.766536,75.837333,26.836536,75.907333,Other,10.43324260995406,Medium
7072,19.065838,72.832658,19.115838,72.882658,Urban ,7.64950631832897,Medium
7073,22.727021,75.884167,22.807021,75.964167,Urban ,12.10010893466116,Medium
7074,30.873988,75.842739,30.913988,75.882739,Metropolitian ,5.8609204054896376,Medium
7075,19.1093,72.825451,19.1493,72.865451,Other,6.1189337686419085,Medium
7076,12.284747,76.625861,12.334747,76.675861,Urban ,7.772809995408218,Medium
7077,18.546947,73.900626,18.556947,73.910626,Urban ,1.532220683460433,Short
7078,30.899992,75.831338,30.989992,75.921338,Metropolitian ,13.184089319007638,Medium
7079,21.160437,72.774209,21.290437,72.904209,Urban ,19.761711761320647,Long
7080,23.232357,77.429989,23.302357,77.499989,Urban ,10.56959734652895,Medium
7081,12.975377,77.696664,12.985377,77.706664,Urban ,1.552572298857814,Short
7082,11.001753,76.986241,11.071753,77.056241,Urban ,10.90641450035058,Medium
7083,12.316967,76.603067,12.346967,76.633067,Urban ,4.663493139918864,Short
7084,19.874449,75.360232,19.904449,75.390232,Urban ,4.579062734596037,Short
7085,23.264015,77.408236,23.354015,77.498236,Urban ,13.58753588335531,Medium
7086,13.066762,80.251865,13.086762,80.271865,Urban ,3.1045560524380664,Short
7087,9.970717,76.285447,10.010717,76.325447,Metropolitian ,6.242624846136644,Medium
7088,30.335259,78.053162,30.345259,78.063162,Urban ,1.4688001598213698,Short
7089,12.323978,76.627961,12.383978,76.687961,Other,9.326603239771995,Medium
7090,25.451517,81.832616,25.491517,81.872616,Urban ,5.992234762408483,Medium
7091,19.876219,75.346017,20.006219,75.476017,Urban ,19.839554782256076,Long
7092,26.483042,80.317833,26.503042,80.337833,Metropolitian ,2.9845053660742904,Short
7093,27.201725,78.007553,27.341725,78.147553,Metropolitian ,20.827858021827478,Long
7094,13.044694,80.26147,13.054694,80.27147,Urban ,1.5523608800120052,Short
7095,26.913726,75.75282,26.963726,75.80282,Other,7.448311138215742,Medium
7096,-30.899584,75.809346,30.959584,75.869346,Urban ,6878.428563067476,Very Long
7097,22.745536,75.893106,22.755536,75.903106,Urban ,1.5125976112066861,Short
7098,30.895204,75.822103,31.005204,75.932103,Metropolitian ,16.11351363529282,Long
7099,30.319528,78.040267,30.409528,78.130267,Metropolitian ,13.217800724812417,Medium
7100,18.53408,73.89852,18.66408,74.02852,Urban ,19.91626000977551,Long
7101,30.902872,75.826808,30.932872,75.856808,Metropolitian ,4.39522525342737,Short
7102,22.553227,88.353273,22.583227,88.383273,Urban ,4.540565975649226,Short
7103,25.453436,81.833167,25.483436,81.863167,Metropolitian ,4.494227798361721,Short
7104,22.514688,88.393294,22.524688,88.403294,Other,1.5137670422985856,Short
7105,19.875908,75.358888,19.925908,75.408888,Metropolitian ,7.6315119039786525,Medium
7106,15.506205,73.766668,15.516205,73.776668,Urban ,1.5441620252115225,Short
7107,30.332735,78.054222,30.352735,78.074222,Metropolitian ,2.937568589981041,Short
7108,26.482581,80.315628,26.502581,80.335628,Metropolitian ,2.984510689263376,Short
7109,22.533662,88.366217,22.573662,88.406217,Metropolitian ,6.054382229845798,Medium
7110,22.761593,75.886362,22.781593,75.906362,Urban ,3.02498085409636,Short
7111,17.483216,78.552111,17.593216,78.662111,Urban ,16.900616226154483,Long
7112,13.058616,80.264151,13.188616,80.394151,Urban ,20.177742451193726,Long
7113,27.157772,78.04725,27.167772,78.05725,Urban ,1.488347124651177,Short
7114,27.195928,77.998092,27.225928,78.028092,Urban ,4.464189945567775,Short
7115,30.899992,75.831338,30.909992,75.841338,Urban ,1.4651587132824175,Short
7116,22.515082,88.36783,22.585082,88.43783,Urban ,10.595295110431923,Medium
7117,27.201725,78.007553,27.251725,78.057553,Other,7.439850531565586,Medium
7118,18.516216,73.842527,18.566216,73.892527,Urban ,7.66133113422064,Medium
7119,22.311358,73.164798,22.361358,73.214798,Metropolitian ,7.573442055128552,Medium
7120,26.849596,75.800512,26.959596,75.910512,Urban ,16.38847819603748,Long
7121,12.972161,77.596014,13.082161,77.706014,Urban ,17.076725433736108,Long
7122,9.985697,76.281128,10.095697,76.391128,Metropolitian ,17.16591503105246,Long
7123,30.88722,75.804893,31.01722,75.934893,Urban ,19.04307194193591,Long
7124,15.303897,73.914336,15.333897,73.944336,Urban ,4.634551589452905,Short
7125,11.025083,77.015393,11.135083,77.125393,Urban ,17.13740770037243,Long
7126,21.183434,72.814492,21.273434,72.904492,Urban ,13.681056958913599,Medium
7127,22.5491,88.400467,22.6791,88.530467,Metropolitian ,19.672766872020695,Long
7128,13.058616,80.264151,13.118616,80.324151,Urban ,9.313449926160223,Medium
7129,12.949934,77.699386,12.999934,77.749386,Other,7.762944133594471,Medium
7130,15.561295,73.749478,15.641295,73.829478,Urban ,12.350693073476187,Medium
7131,12.304569,76.643622,12.374569,76.713622,Other,10.88132949340842,Medium
7132,19.875522,75.367127,19.985522,75.477127,Metropolitian ,16.787849624233306,Long
7133,23.218998,77.373573,23.328998,77.483573,Metropolitian ,16.608987150080058,Long
7134,30.335259,78.053162,30.415259,78.133162,Metropolitian ,11.748606195579757,Medium
7135,15.561295,73.749478,15.671295,73.859478,Metropolitian ,16.981604507589847,Long
7136,17.41233,78.449654,17.46233,78.499654,Other,7.684129284114851,Medium
7137,22.514688,88.393294,22.594688,88.473294,Metropolitian ,12.108722441981062,Medium
7138,12.975996,80.221898,13.065996,80.311898,Other,13.97203602578282,Medium
7139,15.496162,73.825364,15.606162,73.935364,Metropolitian ,16.98419592301046,Long
7140,22.569358,88.433452,22.609358,88.473452,Urban ,6.053660658479559,Medium
7141,10.000706,76.349516,10.010706,76.359516,Urban ,1.5606207903224962,Short
7142,12.934365,77.616155,13.064365,77.746155,Urban ,20.182685858169425,Long
7143,11.001852,76.976268,11.131852,77.106268,Urban ,20.253748386838318,Long
7144,11.022477,76.995667,11.152477,77.125667,Urban ,20.253048125430862,Long
7145,22.751857,75.866699,22.821857,75.936699,Urban ,10.586888296813168,Medium
7146,22.53796,88.349843,22.66796,88.479843,Urban ,19.673499764474364,Long
7147,12.933284,77.615428,13.063284,77.745428,Urban ,20.1827286692576,Long
7148,12.979096,77.640625,13.009096,77.670625,Urban ,4.657591594951663,Short
7149,25.449659,81.839744,25.489659,81.879744,Metropolitian ,5.992276327992517,Medium
7150,22.539129,88.365507,22.609129,88.435507,Metropolitian ,10.594444749553652,Medium
7151,26.49095,80.318656,26.63095,80.458656,Urban ,20.886038531979604,Long
7152,26.47775,80.351569,26.55775,80.431569,Urban ,11.936879026141396,Medium
7153,22.533662,88.366217,22.553662,88.386217,Metropolitian ,3.0272921340439294,Short
7154,26.921411,75.793604,26.941411,75.813604,Urban ,2.9794101120234657,Short
7155,21.170798,72.790489,21.200798,72.820489,Semi-Urban ,4.560964950803957,Short
7156,-9.970717,76.285447,10.000717,76.315447,Metropolitian ,2220.7246186603234,Very Long
7157,22.53796,88.349843,22.54796,88.359843,Metropolitian ,1.5136496152439836,Short
7158,22.547186,88.35068,22.557186,88.36068,Metropolitian ,1.5136030333562258,Short
7159,10.006881,76.345397,10.136881,76.475397,Urban ,20.286025937858113,Long
7160,26.471617,80.313564,26.541617,80.383564,Metropolitian ,10.445219519730003,Medium
7161,15.496162,73.825364,15.546162,73.875364,Metropolitian ,7.720630639257156,Medium
7162,-19.876428,75.364792,19.986428,75.474792,Metropolitian ,4432.563538512652,Very Long
7163,-13.02978,-80.208812,13.13978,80.318812,Urban ,17906.56592897377,Very Long
7164,17.41233,78.449654,17.47233,78.509654,Other,9.22083460710919,Medium
7165,11.003669,76.976494,11.093669,77.066494,Semi-Urban ,14.022253362357478,Medium
7166,26.910262,75.783013,27.000262,75.873013,Urban ,13.406088270680218,Medium
7167,26.471617,80.313564,26.541617,80.383564,Urban ,10.445219519730003,Medium
7168,19.874449,75.360232,19.894449,75.380232,Metropolitian ,3.0527537281357566,Short
7169,30.372202,78.077151,30.382202,78.087151,Metropolitian ,1.4685634332717812,Short
7170,19.055831,72.833984,19.075831,72.853984,Metropolitian ,3.0600204990366,Short
7171,22.310526,73.170937,22.320526,73.180937,Urban ,1.5147927355659148,Short
7172,11.003669,76.976494,11.053669,77.026494,Urban ,7.790401360105807,Medium
7173,19.1813,72.836191,19.2513,72.906191,Urban ,10.705468478530399,Medium
7174,9.966783,76.242981,10.056783,76.332981,Urban ,14.045456883617987,Medium
7175,11.003681,76.975525,11.023681,76.995525,Urban ,3.1162384958439002,Short
7176,18.546258,73.904337,18.616258,73.974337,Semi-Urban ,10.7246720867354,Medium
7177,9.979363,76.285001,9.999363,76.305001,Metropolitian ,3.121318846633558,Short
7178,26.472001,80.354002,26.502001,80.384002,Metropolitian ,4.4768626493275985,Short
7179,15.561295,73.749478,15.641295,73.829478,Metropolitian ,12.350693073476187,Medium
7180,18.539299,73.897902,18.559299,73.917902,Other,3.0644638558360477,Short
7181,12.970324,77.645748,13.020324,77.695748,Other,7.762633866101948,Medium
7182,17.424114,78.347554,17.504114,78.427554,Urban ,12.29374566524453,Medium
7183,19.1813,72.836191,19.2213,72.876191,Other,6.117673772819492,Medium
7184,13.02978,80.208812,13.05978,80.238812,Other,4.657127681974944,Short
7185,18.53408,73.89852,18.55408,73.91852,Other,3.0645081868526045,Short
7186,22.547186,88.35068,22.577185,88.38068,Urban ,4.540575857362515,Short
7187,12.334022,76.618203,12.374022,76.658203,Other,6.217735074215029,Medium
7188,23.369746,85.33982,23.429746,85.39982,Other,9.055525276451691,Medium
7189,25.449659,81.839744,25.499659,81.889744,Urban ,7.490205511614625,Medium
7190,13.091809,80.219104,13.161809,80.289104,Urban ,10.86487049885657,Medium
7191,30.895204,75.822103,31.005204,75.932103,Urban ,16.11351363529282,Long
7192,30.899584,75.809346,30.969584,75.879346,Urban ,10.2547653809903,Medium
7193,19.12663,72.829976,19.25663,72.959976,Urban ,19.88298786811295,Long
7194,30.342509,78.061187,30.372509,78.091187,Metropolitian ,4.406068905879388,Short
7195,27.195928,77.998092,27.205928,78.008092,Metropolitian ,1.4881222937792054,Short
7196,21.185047,72.80859,21.315047,72.93859,Urban ,19.76017824329335,Long
7197,27.165108,78.015053,27.195108,78.045053,Other,4.464734973807758,Short
7198,9.991703,76.293136,10.041703,76.343136,Metropolitian ,7.802973657602597,Medium
7199,21.160522,72.771477,21.240522,72.851477,Urban ,12.162009006258524,Medium
7200,22.547186,88.35068,22.587186,88.39068,Metropolitian ,6.054108966391283,Medium
7201,11.026117,76.944652,11.156117,77.074652,Urban ,20.252924408847694,Long
7202,30.892978,75.821847,30.932978,75.861847,Urban ,5.8604273809643965,Medium
7203,17.440827,78.393391,17.510827,78.463391,Other,10.756697879102664,Medium
7204,26.471617,80.313564,26.481617,80.323564,Metropolitian ,1.492347495243405,Short
7205,26.492106,80.327797,26.502106,80.337797,Metropolitian ,1.4922292227424245,Short
7206,21.173493,72.801953,21.223493,72.851953,Urban ,7.601304456856132,Medium
7207,26.911378,75.789034,26.981378,75.859034,Urban ,10.427321890632737,Medium
7208,23.374878,85.335739,23.414878,85.375739,Urban ,6.037118440222238,Medium
7209,-23.234631,77.401663,23.274631,77.441663,Urban ,5171.595782836402,Very Long
7210,25.457116,81.859682,25.597116,81.999682,Urban ,20.968460294412367,Long
7211,23.184992,77.417227,23.194992,77.427227,Metropolitian ,1.5103432312089273,Short
7212,22.761593,75.886362,22.801593,75.926362,Urban ,6.049757918894705,Medium
7213,9.960846,76.293936,9.970846,76.303936,Metropolitian ,1.5607149148635842,Short
7214,23.233219,77.433571,23.303219,77.503571,Metropolitian ,10.569566051096631,Medium
7215,19.866969,75.318894,19.916969,75.368894,Metropolitian ,7.631714121877287,Medium
7216,12.334022,76.618203,12.444022,76.728203,Urban ,17.09765154986503,Long
7217,30.893081,75.821495,30.943081,75.871495,Urban ,7.325368489858038,Medium
7218,26.910262,75.783013,27.040262,75.913013,Urban ,19.362825446415616,Long
7219,11.001852,76.976268,11.051852,77.026268,Other,7.790424984867233,Medium
7220,11.000762,76.981876,11.050762,77.031876,Urban ,7.790439155314433,Medium
7221,18.53408,73.89852,18.62408,73.98852,Other,13.788947117365018,Medium
7222,17.450851,78.379347,17.460851,78.389347,Urban ,1.5367515001851497,Short
7223,23.211529,77.419399,23.301529,77.509399,Metropolitian ,13.589987199022492,Medium
7224,30.88722,75.804893,30.96722,75.884893,Urban ,11.720114258240434,Medium
7225,22.538731,88.364878,22.648731,88.474878,Metropolitian ,16.647321830787615,Long
7226,23.354422,85.3329,23.424422,85.4029,Urban ,10.565155904264323,Medium
7227,30.905562,75.832841,31.015562,75.942841,Metropolitian ,16.112773223613402,Long
7228,15.496162,73.825364,15.566162,73.895364,Metropolitian ,10.808630377209425,Medium
7229,26.469003,80.316344,26.519003,80.366344,Metropolitian ,7.461235500824858,Medium
7230,22.552672,88.352885,22.632672,88.432885,Metropolitian ,12.107186670957672,Medium
7231,-21.170096,-72.789122,21.180096,72.799122,Metropolitian ,16454.249026966525,Very Long
7232,27.160832,78.011608,27.180832,78.031608,Urban ,2.976599295045268,Short
7233,17.41233,78.449654,17.54233,78.579654,Urban ,19.976644021153277,Long
7234,30.366322,78.070453,30.386322,78.090453,Metropolitian ,2.937138138378984,Short
7235,11.022298,76.998349,11.062298,77.038349,Other,6.232179267965744,Medium
7236,9.959778,76.296106,10.009778,76.346106,Urban ,7.803351143013898,Medium
7237,15.544419,73.755736,15.604419,73.815736,Urban ,9.263603412236375,Medium
7238,10.96185,76.971082,11.09185,77.101082,Other,20.25510293834014,Long
7239,26.492106,80.327797,26.532106,80.367797,Metropolitian ,5.968570257848264,Medium
7240,27.201725,78.007553,27.291725,78.097553,Metropolitian ,13.390667794393616,Medium
7241,12.970221,77.645396,13.020221,77.695396,Urban ,7.762635434587184,Medium
7242,26.482581,80.315628,26.532581,80.365628,Metropolitian ,7.460843441737913,Medium
7243,11.000762,76.981876,11.080762,77.061876,Urban ,12.46439009964234,Medium
7244,26.481547,80.299775,26.511547,80.329775,Metropolitian ,4.476697312291878,Short
7245,9.991703,76.293136,10.081703,76.383136,Metropolitian ,14.044925285940236,Medium
7246,21.175104,72.804342,21.285104,72.914342,Other,16.721203191622664,Long
7247,18.994049,72.825203,19.074049,72.905203,Semi-Urban ,12.241187680095402,Medium
7248,22.753839,75.897429,22.773839,75.917429,Urban ,3.0250598092769923,Short
7249,19.874733,75.353942,19.904733,75.383942,Urban ,4.579058880995207,Short
7250,23.333017,85.3172,23.413017,85.3972,Semi-Urban ,12.075147204184079,Medium
7251,27.158822,78.045359,27.288822,78.175359,Urban ,19.34383090814025,Long
7252,30.902872,75.826808,30.912872,75.836808,Urban ,1.46514001913691,Short
7253,26.479108,80.315042,26.509108,80.345042,Metropolitian ,4.476739560384126,Short
7254,22.514119,88.362504,22.534119,88.382504,Urban ,3.0274893755135532,Short
7255,18.569156,73.774723,18.639156,73.844723,Urban ,10.723989806656157,Medium
7256,21.173493,72.801953,21.303493,72.931953,Urban ,19.760898399404088,Long
7257,19.221315,72.862381,19.271315,72.912381,Urban ,7.646104748321333,Medium
7258,10.96185,76.971082,10.98185,76.991082,Urban ,3.1164553828823514,Short
7259,22.551084,88.354127,22.561084,88.364127,Urban ,1.5135833475077918,Short
7260,23.39925,85.390464,23.42925,85.420464,Urban ,4.527535939190851,Short
7261,21.149669,72.772629,21.239669,72.862629,Urban ,13.682511992314389,Medium
7262,30.328174,78.049117,30.348174,78.069117,Metropolitian ,2.9376270171445893,Short
7263,12.352058,76.60665,12.432058,76.68665,Urban ,12.434585525065135,Medium
7264,12.970324,77.645748,13.050324,77.725748,Urban ,12.419848147906764,Medium
7265,19.880256,75.323503,19.950256,75.393503,Urban ,10.68366178535576,Medium
7266,27.159795,78.04299,27.189795,78.07299,Metropolitian ,4.464828880999707,Short
7267,23.359033,85.325347,23.449033,85.415347,Semi-Urban ,13.583086214934681,Medium
7268,23.235123,77.398886,23.365123,77.528886,Urban ,19.62703934775151,Long
7269,22.31279,73.170283,22.32279,73.180283,Urban ,1.5147814055668367,Short
7270,18.520016,73.830547,18.580016,73.890547,Urban ,9.193373039577615,Medium
7271,15.496162,73.825364,15.566162,73.895364,Urban ,10.808630377209425,Medium
7272,22.551084,88.354127,22.611084,88.414127,Urban ,9.08074182217772,Medium
7273,21.173493,72.801953,21.263493,72.891953,Urban ,13.681485556891033,Medium
7274,19.876219,75.346017,19.946219,75.416017,Urban ,10.683789736660612,Medium
7275,12.972793,80.249982,13.052793,80.329982,Urban ,12.419787919081514,Medium
7276,25.454648,81.834502,25.544648,81.924502,Metropolitian ,13.48111062640574,Medium
7277,10.028047,76.310019,10.038047,76.320019,Metropolitian ,1.5605560162486167,Short
7278,15.574828,73.766883,15.604828,73.796883,Metropolitian ,4.631634621028647,Short
7279,10.000706,76.349516,10.110706,76.459516,Urban ,17.165522795529256,Long
7280,-30.873988,75.842739,30.963988,75.932739,Urban ,6876.07576669672,Very Long
7281,18.56245,73.916619,18.62245,73.976619,Urban ,9.192290417404571,Medium
7282,23.416792,85.316842,23.426792,85.326842,Urban ,1.509139327532213,Short
7283,22.722634,75.886959,22.762634,75.926959,Urban ,6.050551152463514,Medium
7284,21.186884,72.793616,21.316884,72.923616,Urban ,19.760063712199027,Long
7285,30.899584,75.809346,31.029584,75.939346,Urban ,19.042027372260105,Long
7286,23.214294,77.435361,23.324294,77.545361,Urban ,16.609255559078086,Long
7287,27.159795,78.04299,27.219795,78.10299,Metropolitian ,8.929127167629593,Medium
7288,30.89286,75.822199,30.90286,75.832199,Urban ,1.465205001898216,Short
7289,15.576683,73.75575,15.706683,73.88575,Urban ,20.06797119550788,Long
7290,-9.960846,76.293936,10.050846,76.383936,Metropolitian ,2225.220898429213,Very Long
7291,18.569156,73.774723,18.619156,73.824723,Urban ,7.66020577723812,Medium
7292,23.266261,77.379605,23.396261,77.509605,Urban ,19.624936204861974,Long
7293,9.979186,76.317361,10.059186,76.397361,Metropolitian ,12.484710456583022,Medium
7294,19.254567,72.848923,19.364567,72.958923,Semi-Urban ,16.818368923733058,Long
7295,30.893234,75.82172,30.953234,75.88172,Metropolitian ,8.790241310526385,Medium
7296,30.319528,78.040267,30.399528,78.120267,Metropolitian ,11.749412782895224,Medium
7297,12.975377,77.696664,13.015377,77.736664,Metropolitian ,6.2101064890276785,Medium
7298,15.576683,73.75575,15.636683,73.81575,Metropolitian ,9.262902940888772,Medium
7299,19.178321,72.834715,19.218321,72.874715,Urban ,6.117725989707899,Medium
7300,19.121999,72.908493,19.141999,72.928493,Urban ,3.059443338898001,Short
7301,22.569367,88.433187,22.619367,88.483187,Metropolitian ,7.566949091648099,Medium
7302,12.352058,76.60665,12.402058,76.65665,Other,7.771834302405156,Medium
7303,19.875908,75.358888,19.945908,75.428888,Metropolitian ,10.68379959273745,Medium
7304,18.546947,73.900626,18.586947,73.940626,Other,6.12862767048463,Medium
7305,12.949934,77.699386,12.989934,77.739386,Other,6.2104161583770905,Medium
7306,9.979363,76.285001,10.049363,76.355001,Metropolitian ,10.924201728205027,Medium
7307,18.994049,72.825203,19.044049,72.875203,Other,7.651068542725186,Medium
7308,27.157772,78.04725,27.207772,78.09725,Urban ,7.441146336839878,Medium
7309,22.732225,75.874765,22.862225,76.004765,Other,19.66067482059042,Long
7310,19.879631,75.323403,19.889631,75.333403,Urban ,1.5263760451811532,Short
7311,27.165108,78.015053,27.235108,78.085053,Urban ,10.416889336224635,Medium
7312,21.160522,72.771477,21.230522,72.841477,Other,10.641925519430906,Medium
7313,11.003681,76.975525,11.043681,77.015525,Urban ,6.232373004508207,Medium
7314,22.725748,75.898497,22.855747,76.028497,Urban ,19.66102221350671,Long
7315,9.979363,76.285001,10.109363,76.415001,Metropolitian ,20.286876645336417,Long
7316,26.479108,80.315042,26.559108,80.395042,Other,11.936816254050242,Medium
7317,19.121999,72.908493,19.181999,72.968493,Urban ,9.177805335296428,Medium
7318,26.473698,80.352677,26.563698,80.442677,Metropolitian ,13.428939356135318,Medium
7319,19.176269,72.836721,19.256269,72.916721,Urban ,12.234822044206267,Medium
7320,17.451976,78.385883,17.581976,78.515883,Urban ,19.974568469352192,Long
7321,23.374878,85.335739,23.424878,85.385739,Other,7.546267706957808,Medium
7322,26.905287,75.794592,26.995287,75.884592,Urban ,13.406350345878925,Medium
7323,30.361281,78.068022,30.451281,78.158022,Metropolitian ,13.215391250313326,Medium
7324,23.232357,77.429989,23.242357,77.439989,Metropolitian ,1.5100980577953873,Short
7325,21.175104,72.804342,21.235104,72.864342,Other,9.121375406203558,Medium
7326,26.766536,75.837333,26.816536,75.887333,Other,7.452607659561899,Medium
7327,11.008638,76.984311,11.068638,77.044311,Urban ,9.348325936764757,Medium
7328,18.554382,73.798206,18.614382,73.858206,Urban ,9.192496429758704,Medium
7329,22.569367,88.433187,22.579367,88.443187,Metropolitian ,1.5134909748925685,Short
7330,13.029198,77.570997,13.089198,77.630997,Urban ,9.313990607668359,Medium
7331,23.230791,77.43702,23.250791,77.45702,Urban ,3.0201605229871826,Short
7332,30.89286,75.822199,31.00286,75.932199,Urban ,16.113681164807037,Long
7333,22.761593,75.886362,22.801593,75.926362,Other,6.049757918894705,Medium
7334,-22.538999,88.322337,22.618999,88.402337,Metropolitian ,5021.347742368074,Very Long
7335,10.027364,76.308258,10.137364,76.418258,Urban ,17.164824725881516,Long
7336,23.234249,77.434007,23.324249,77.524007,Metropolitian ,13.588926656250065,Medium
7337,23.39925,85.390464,23.44925,85.440464,Other,7.545632353879244,Medium
7338,23.230791,77.43702,23.320791,77.52702,Metropolitian ,13.58908812837401,Medium
7339,15.516833,73.768172,15.546833,73.798172,Urban ,4.632263051145279,Short
7340,23.351058,85.325731,23.411058,85.385731,Urban ,9.056109430301543,Medium
7341,23.333017,85.3172,23.423017,85.4072,Urban ,13.584306064166835,Medium
7342,23.214294,77.435361,23.224294,77.445361,Urban ,1.5101916067115402,Short
7343,-15.303897,73.914336,15.393897,74.004336,Metropolitian ,3413.4532694112986,Very Long
7344,21.186438,72.794115,21.256438,72.864115,Other,10.641057010178105,Medium
7345,26.482419,80.320939,26.542419,80.380939,Urban ,8.952844341085248,Medium
7346,19.254567,72.848923,19.264567,72.858923,Urban ,1.529162766029935,Short
7347,23.357804,85.325146,23.437804,85.405146,Semi-Urban ,12.074114327172738,Medium
7348,19.879631,75.323403,19.919631,75.363403,Metropolitian ,6.105232687155107,Medium
7349,30.359722,78.067079,30.449722,78.157079,Metropolitian ,13.21548125999863,Medium
7350,22.552672,88.352885,22.582672,88.382885,Metropolitian ,4.540574388730574,Short
7351,25.449659,81.839744,25.469659,81.859744,Urban ,2.9962500366667464,Short
7352,23.357804,85.325146,23.407804,85.375146,Other,7.546712474612291,Medium
7353,22.538999,88.322337,22.648999,88.432337,Metropolitian ,16.64730692012345,Long
7354,12.98041,77.640489,13.00041,77.660489,Metropolitian ,3.1050835221083886,Short
7355,13.086438,80.220672,13.216439,80.350672,Urban ,20.176709024393897,Long
7356,12.325461,76.632278,12.395461,76.702278,Urban ,10.880905305082443,Medium
7357,22.53796,88.349843,22.54796,88.359843,Urban ,1.5136496152439836,Short
7358,23.266261,77.379605,23.276261,77.389605,Metropolitian ,1.5099223008308806,Short
7359,27.165108,78.015053,27.215108,78.065053,Metropolitian ,7.440930174366037,Medium
7360,18.994237,72.825553,19.084237,72.915553,Urban ,13.771132894838225,Medium
7361,21.15276,72.778059,21.22276,72.848059,Urban ,10.64218546208282,Medium
7362,19.121999,72.908493,19.231999,73.018493,Other,16.824772113251285,Long
7363,19.888716,75.321461,19.898716,75.331461,Urban ,1.5263349544475053,Short
7364,25.451517,81.832616,25.481517,81.862616,Metropolitian ,4.494259992815335,Short
7365,22.551084,88.354127,22.641084,88.444127,Metropolitian ,13.620429458670325,Medium
7366,26.479108,80.315042,26.569108,80.405042,Metropolitian ,13.42865800051245,Medium
7367,26.482419,80.320939,26.562419,80.400939,Other,11.936663195863416,Medium
7368,25.449872,81.836167,25.489872,81.876167,Metropolitian ,5.99227156306379,Medium
7369,12.326356,76.619103,12.356356,76.649103,Urban ,4.663411524934686,Short
7370,26.47,80.35,26.49,80.37,Metropolitian ,2.984655934099534,Short
7371,12.337928,76.617889,12.447928,76.727889,Semi-Urban ,17.097526527826915,Long
7372,21.170096,72.789122,21.240096,72.859122,Other,10.641604779431981,Medium
7373,22.311358,73.164798,22.381358,73.234798,Other,10.602467987619454,Medium
7374,13.049645,80.242268,13.059645,80.252268,Urban ,1.5523457381458443,Short
7375,11.010375,76.95295,11.030375,76.97295,Other,3.1162037143241816,Short
7376,15.574828,73.766883,15.634828,73.826883,Urban ,9.262943250835862,Medium
7377,9.979186,76.317361,10.069186,76.407361,Metropolitian ,14.045192461618532,Medium
7378,12.325461,76.632278,12.385461,76.692278,Urban ,9.326577421221462,Medium
7379,10.003064,76.307589,10.023064,76.327589,Metropolitian ,3.121206743986108,Short
7380,30.893244,75.821817,30.933244,75.861817,Urban ,5.860420473448734,Medium
7381,30.372202,78.077151,30.412202,78.117151,Metropolitian ,5.87386891181781,Medium
7382,22.74806,75.8934,22.85806,76.0034,Urban ,16.63562921867767,Long
7383,21.173493,72.801953,21.213493,72.841953,Other,6.081139317039227,Medium
7384,17.433809,78.386744,17.483809,78.436744,Urban ,7.683697910285141,Medium
7385,13.086438,80.220672,13.106438,80.240672,Other,3.1044353971265153,Short
7386,17.455894,78.375467,17.465894,78.385467,Other,1.5367312329657887,Short
7387,21.17106,72.789292,21.19106,72.809292,Urban ,3.0406886340154307,Short
7388,22.526461,88.364453,22.636461,88.474453,Urban ,16.648004331661927,Long
7389,22.761593,75.886362,22.891593,76.016362,Semi-Urban ,19.658727827948344,Long
7390,15.5696,73.742294,15.6796,73.852294,Metropolitian ,16.98127335203536,Long
7391,26.90294,75.793007,26.92294,75.813007,Urban ,2.9796261448298735,Short
7392,25.451646,81.832796,25.471646,81.852796,Metropolitian ,2.996227818017904,Short
7393,-30.895817,75.813112,30.965817,75.883112,Metropolitian ,6878.703822206051,Very Long
7394,17.429585,78.392621,17.469585,78.432621,Urban ,6.147106622705237,Medium
7395,30.885814,75.786976,30.905814,75.806976,Metropolitian ,2.9304365481025267,Short
7396,17.483216,78.552111,17.553216,78.622111,Urban ,10.75550295962129,Medium
7397,18.593481,73.785901,18.643481,73.835901,Other,7.659687719504771,Medium
7398,19.875016,75.322405,19.885016,75.332405,Metropolitian ,1.5263969120396546,Short
7399,19.1813,72.836191,19.2313,72.886191,Other,7.646982582847339,Medium
7400,27.201725,78.007553,27.311725,78.117553,Metropolitian ,16.365721535926816,Long
7401,23.333017,85.3172,23.413017,85.3972,Urban ,12.075147204184079,Medium
7402,30.899584,75.809346,31.039584,75.949346,Urban ,20.5063430012194,Long
7403,12.935662,77.61413,12.985662,77.66413,Other,7.76316102849308,Medium
7404,27.160832,78.011608,27.270832,78.121608,Metropolitian ,16.368376258669986,Long
7405,-27.16185,78.040165,27.27185,78.150165,Metropolitian ,6052.762693299071,Very Long
7406,18.593481,73.785901,18.703481,73.895901,Urban ,16.849904095492146,Long
7407,26.474133,80.3481,26.514133,80.3881,Urban ,5.968985457275822,Medium
7408,19.221315,72.862381,19.301315,72.942381,Urban ,12.233239995052578,Medium
7409,26.482581,80.315628,26.592581,80.425628,Urban ,16.411946865277535,Long
7410,18.927584,72.832585,19.037584,72.942585,Urban ,16.834090663220277,Long
7411,9.959778,76.296106,9.969778,76.306106,Urban ,1.5607174317811785,Short
7412,18.636215,73.751081,18.656215,73.771081,Other,3.063638579713009,Short
7413,10.027364,76.308258,10.057364,76.338258,Urban ,4.6816016852001665,Short
7414,23.355164,85.324097,23.405164,85.374097,Urban ,7.5467812204846325,Medium
7415,18.569156,73.774723,18.599156,73.804723,Urban ,4.596251207088208,Short
7416,19.874103,75.368419,19.904103,75.398419,Urban ,4.579067429409246,Short
7417,17.422819,78.449578,17.492819,78.519578,Other,10.757204708670182,Medium
7418,19.876219,75.346017,19.916219,75.386017,Metropolitian ,6.105294440231612,Medium
7419,30.893384,75.821202,31.003384,75.931202,Metropolitian ,16.113643714456327,Long
7420,23.374878,85.335739,23.434878,85.395739,Other,9.055364789945758,Medium
7421,12.972532,77.608179,12.992532,77.628179,Urban ,3.10513147754577,Short
7422,9.957144,76.296783,9.987144,76.326783,Urban ,4.682100175478491,Short
7423,30.359722,78.067079,30.369722,78.077079,Other,1.4686434271070297,Short
7424,26.846156,75.8023,26.906156,75.8623,Other,8.94016771984085,Medium
7425,15.506205,73.766668,15.576205,73.836668,Metropolitian ,10.808376827928305,Medium
7426,22.32,73.17,22.43,73.28,Other,16.65944057912353,Long
7427,22.732225,75.874765,22.762225,75.904765,Urban ,4.537843333696582,Short
7428,19.880256,75.323503,19.940256,75.383503,Urban ,9.157560325759787,Medium
7429,23.359407,85.325055,23.399407,85.365055,Urban ,6.037440799485034,Medium
7430,25.450377,81.834236,25.490377,81.874236,Metropolitian ,5.992260265804537,Medium
7431,19.866969,75.318894,19.926969,75.378894,Metropolitian ,9.157921135825594,Medium
7432,25.457116,81.859682,25.477116,81.879682,Urban ,2.9961666451244575,Short
7433,22.5491,88.400467,22.6291,88.480467,Other,12.107331188827189,Medium
7434,18.516216,73.842527,18.626216,73.952527,Urban ,16.853524905844964,Long
7435,9.985497,76.276999,10.045497,76.336999,Metropolitian ,9.36358545427827,Medium
7436,13.026279,80.174568,13.116279,80.264568,Urban ,13.970652591255362,Medium
7437,11.000762,76.981876,11.110762,77.091876,Other,17.138105845699737,Long
7438,15.556561,73.763633,15.596561,73.803633,Metropolitian ,6.17570473190937,Medium
7439,30.88722,75.804893,30.89722,75.814893,Metropolitian ,1.4652416016163858,Short
7440,15.56155,73.749092,15.62155,73.809092,Metropolitian ,9.26323165657422,Medium
7441,26.472001,80.354002,26.542001,80.424002,Urban ,10.445203993933328,Medium
7442,22.307898,73.167788,22.397898,73.257788,Other,13.631449198481373,Medium
7443,22.533662,88.366217,22.563662,88.396217,Urban ,4.540862448362204,Short
7444,19.055831,72.833984,19.145831,72.923984,Urban ,13.768718508386257,Medium
7445,19.880256,75.323503,19.930256,75.373503,Metropolitian ,7.631413514278939,Medium
7446,27.159795,78.04299,27.289795,78.17299,Urban ,19.343756283259417,Long
7447,21.149669,72.772629,21.259669,72.882629,Semi-Urban ,16.72254315530654,Long
7448,18.520016,73.830547,18.550016,73.860547,Urban ,4.596877706640582,Short
7449,30.892978,75.821847,30.952978,75.881847,Metropolitian ,8.790251284585102,Medium
7450,26.47,80.35,26.54,80.42,Metropolitian ,10.445284895916503,Medium
7451,26.892312,75.806896,26.952313,75.866896,Urban ,8.938632299918709,Medium
7452,19.876994,75.372353,19.886994,75.382353,Metropolitian ,1.526387968983525,Short
7453,22.552996,88.35231,22.612996,88.41231,Urban ,9.080683824177562,Medium
7454,11.022169,76.999594,11.132169,77.109594,Urban ,17.13749142638868,Long
7455,15.544419,73.755736,15.564419,73.775736,Metropolitian ,3.0880123932057897,Short
7456,10.020683,76.310631,10.130683,76.420631,Metropolitian ,17.164999844371394,Long
7457,21.157735,72.768778,21.227735,72.838778,Urban ,10.642018863256776,Medium
7458,30.914057,75.83982,31.054057,75.97982,Metropolitian ,20.50502563623087,Long
7459,22.745536,75.893106,22.825536,75.973106,Urban ,12.099354574707203,Medium
7460,23.353783,85.326967,23.403783,85.376967,Other,7.546817179242882,Medium
7461,21.170798,72.790489,21.230798,72.850489,Urban ,9.12149906766255,Medium
7462,22.751234,75.88949,22.801234,75.93949,Urban ,7.562333809640503,Medium
7463,26.474986,80.342796,26.514986,80.382796,Metropolitian ,5.9689657569670524,Medium
7464,19.22384,72.841347,19.31384,72.931347,Semi-Urban ,13.762097103298219,Medium
7465,-30.328174,78.049117,30.348174,78.069117,Other,6746.902396526315,Very Long
7466,-15.5696,73.742294,15.6196,73.792294,Urban ,3468.0851519734724,Very Long
7467,12.321214,76.621094,12.351214,76.651094,Urban ,4.663456229762273,Short
7468,12.913041,77.683237,13.023041,77.793237,Urban ,17.07870639063114,Long
7469,26.910262,75.783013,26.960262,75.833013,Urban ,7.448412467877719,Medium
7470,9.979186,76.317361,10.019186,76.357361,Metropolitian ,6.242544780459072,Medium
7471,22.514688,88.393294,22.584688,88.463294,Metropolitian ,10.59530903675136,Medium
7472,17.438263,78.397865,17.548263,78.507865,Other,16.90260949288213,Long
7473,30.328174,78.049117,30.458174,78.179117,Metropolitian ,19.089989308949413,Long
7474,15.546594,73.760431,15.626594,73.840431,Metropolitian ,12.351118717305003,Medium
7475,19.1813,72.836191,19.2013,72.856191,Other,3.058924545938431,Short
7476,30.899992,75.831338,30.959992,75.891338,Metropolitian ,8.789977989605083,Medium
7477,22.552996,88.35231,22.662996,88.46231,Urban ,16.646527960596046,Long
7478,27.16185,78.040165,27.17185,78.050165,Metropolitian ,1.4883231072644927,Short
7479,-30.899584,75.809346,30.949584,75.859346,Urban ,6877.315723503391,Very Long
7480,30.372202,78.077151,30.482202,78.187151,Urban ,16.150667360476962,Long
7481,12.975377,77.696664,13.085377,77.806664,Semi-Urban ,17.07661742698182,Long
7482,13.081878,80.248519,13.141878,80.308519,Urban ,9.31302156464039,Medium
7483,26.910262,75.783013,26.940262,75.813013,Other,4.469223038792755,Short
7484,30.328174,78.049117,30.378174,78.099117,Urban ,7.343586910762344,Medium
7485,13.086438,80.220672,13.116438,80.250672,Urban ,4.6566070460130335,Short
7486,18.530963,73.828972,18.550963,73.848972,Other,3.0645346577470782,Short
7487,10.003064,76.307589,10.093064,76.397589,Other,14.044682503974627,Medium
7488,26.956431,75.776649,27.066431,75.886649,Urban ,16.3815985933698,Long
7489,30.366322,78.070453,30.426322,78.130453,Urban ,8.810644611773109,Medium
7490,18.55144,73.804855,18.62144,73.874855,Urban ,10.724517748045963,Medium
7491,10.006881,76.345397,10.026881,76.365397,Urban ,3.1211886658760206,Short
7492,23.184992,77.417227,23.204992,77.437227,Urban ,3.020634731038011,Short
7493,26.474133,80.3481,26.484133,80.3581,Metropolitian ,1.4923329756049928,Short
7494,12.978453,77.643685,13.108453,77.773685,Urban ,20.180936931739446,Long
7495,21.149569,72.772697,21.229569,72.852697,Urban ,12.162428272787263,Medium
7496,26.910262,75.783013,27.020262,75.893013,Urban ,16.384574278446888,Long
7497,18.563934,73.915367,18.653934,74.005367,Urban ,13.787803344502166,Medium
7498,26.47775,80.351569,26.53775,80.411569,Urban ,8.95300616496623,Medium
7499,26.481547,80.299775,26.571547,80.389775,Urban ,13.428531141453002,Medium
7500,22.74806,75.8934,22.80806,75.9534,Urban ,9.074744674240508,Medium
7501,12.299524,76.64262,12.429524,76.77262,Urban ,20.207240425375993,Long
7502,26.47775,80.351569,26.56775,80.441569,Metropolitian ,13.42872862976706,Medium
7503,12.321214,76.621094,12.431214,76.731094,Urban ,17.098061238904577,Long
7504,11.026117,76.944652,11.066117,76.984652,Other,6.232139486668676,Medium
7505,13.054347,80.257221,13.114347,80.317221,Urban ,9.313528459379997,Medium
7506,12.939496,77.625999,13.049496,77.735999,Other,17.077821017428217,Long
7507,30.362686,78.06889,30.392686,78.09889,Other,4.405680947751476,Short
7508,26.90519,75.810753,26.98519,75.890753,Other,11.916994721599456,Medium
7509,13.086438,80.220672,13.096438,80.230672,Other,1.5522330405310387,Short
7510,23.234249,77.434007,23.364249,77.564007,Other,19.627098345613145,Long
7511,25.443994,81.860187,25.453994,81.870187,Metropolitian ,1.4981846390604394,Short
7512,30.914057,75.83982,30.984057,75.90982,Metropolitian ,10.254107230645024,Medium
7513,26.902908,75.792934,26.912908,75.802934,Urban ,1.4898424937944692,Short
7514,27.159795,78.04299,27.169795,78.05299,Urban ,1.4883352105448648,Short
7515,12.935662,77.61413,13.015662,77.69413,Urban ,12.4206925399653,Medium
7516,9.979186,76.317361,9.999186,76.337361,Other,3.1213196828456646,Short
7517,12.935662,77.61413,13.045662,77.72413,Urban ,17.077949437324254,Long
7518,27.201725,78.007553,27.341725,78.147553,Urban ,20.827858021827478,Long
7519,15.556561,73.763633,15.576561,73.783633,Metropolitian ,3.0879246817054824,Short
7520,21.149569,72.772697,21.209569,72.832697,Urban ,9.12210840865768,Medium
7521,0.0,0.0,0.08,0.08,Other,12.58026782240096,Medium
7522,12.311072,76.654878,12.421072,76.764878,Other,17.098385362043125,Long
7523,19.003517,72.82765,19.063517,72.88765,Urban ,9.180904863919931,Medium
7524,-25.453436,81.833167,25.473436,81.853167,Urban ,5662.8102038258285,Very Long
7525,22.533662,88.366217,22.643662,88.476217,Urban ,16.64760382513973,Long
7526,30.332735,78.054222,30.442735,78.164222,Metropolitian ,16.153452506169227,Long
7527,10.003064,76.307589,10.053064,76.357589,Urban ,7.802839040445297,Medium
7528,26.910262,75.783013,26.950262,75.823013,Other,5.958847028253512,Medium
7529,22.745536,75.893106,22.835536,75.983106,Urban ,13.611544388190243,Medium
7530,18.520016,73.830547,18.650016,73.960547,Urban ,19.917038235830525,Long
7531,25.457116,81.859682,25.527116,81.929682,Metropolitian ,10.485603735230445,Medium
7532,9.985697,76.281128,10.015697,76.311128,Metropolitian ,4.681897889429992,Short
7533,-22.5491,88.400467,22.5691,88.420467,Metropolitian ,5016.915406501622,Very Long
7534,21.157735,72.768778,21.237735,72.848778,Urban ,12.162115707004753,Medium
7535,12.986047,80.218114,13.066047,80.298114,Other,12.419464414086296,Medium
7536,30.332735,78.054222,30.422735,78.144222,Urban ,13.217038837661814,Medium
7537,30.895204,75.822103,30.985204,75.912103,Metropolitian ,13.184369264233393,Medium
7538,9.985497,76.276999,9.995497,76.286999,Urban ,1.5606567477133677,Short
7539,19.1813,72.836191,19.3113,72.966191,Other,19.87987067737402,Long
7540,21.186884,72.793616,21.246884,72.853616,Urban ,9.121036990826411,Medium
7541,17.455894,78.375467,17.545894,78.465467,Semi-Urban ,13.829131656291406,Medium
7542,26.481547,80.299775,26.521547,80.339775,Urban ,5.968814211616335,Medium
7543,23.357804,85.325146,23.427804,85.395146,Urban ,10.565032566503788,Medium
7544,30.372202,78.077151,30.462202,78.167151,Metropolitian ,13.214760626728438,Medium
7545,10.027364,76.308258,10.097364,76.378258,Urban ,10.92340421813533,Medium
7546,18.927584,72.832585,19.017584,72.922585,Urban ,13.773737657079213,Medium
7547,21.15276,72.778059,21.21276,72.838059,Urban ,9.122016850833283,Medium
7548,15.49395,73.827423,15.54395,73.877423,Urban ,7.720670489738155,Medium
7549,-26.471529,80.313458,26.521529,80.363458,Metropolitian ,5892.561630147187,Very Long
7550,-10.994136,-76.963303,11.074136,77.043303,Other,17179.081338659267,Very Long
7551,18.546258,73.904337,18.586258,73.944337,Other,6.128639386842631,Medium
7552,22.31279,73.170283,22.39279,73.250283,Urban ,12.116848260956994,Medium
7553,17.458998,78.500366,17.588998,78.630366,Urban ,19.97420040269076,Long
7554,15.5696,73.742294,15.6396,73.812294,Urban ,10.806772793809671,Medium
7555,25.449872,81.836167,25.459872,81.846167,Metropolitian ,1.4981517843350691,Short
7556,21.157729,72.768726,21.187729,72.798726,Urban ,4.561152427256569,Short
7557,12.352058,76.60665,12.432058,76.68665,Other,12.434585525065135,Medium
7558,22.745536,75.893106,22.785536,75.933106,Urban ,6.0500849919957504,Medium
7559,23.351058,85.325731,23.461058,85.435731,Urban ,16.601433047700773,Long
7560,12.978453,77.643685,13.058453,77.723685,Urban ,12.41964980772783,Medium
7561,26.474986,80.342796,26.504986,80.372796,Other,4.476810954147793,Short
7562,30.885915,75.788259,30.955915,75.858259,Other,10.255386767982152,Medium
7563,19.880256,75.323503,19.890256,75.333503,Metropolitian ,1.5263732188915633,Short
7564,12.284747,76.625861,12.394747,76.735861,Urban ,17.099225478911954,Long
7565,15.303897,73.914336,15.333897,73.944336,Semi-Urban ,4.634551589452905,Short
7566,25.454648,81.834502,25.474648,81.854502,Urban ,2.9961942469469016,Short
7567,27.201725,78.007553,27.311725,78.117553,Urban ,16.365721535926816,Long
7568,12.325461,76.632278,12.335461,76.642278,Other,1.5545020843143542,Short
7569,26.90519,75.810753,26.99519,75.900753,Other,13.406355455305173,Medium
7570,22.725835,75.887648,22.765835,75.927648,Semi-Urban ,6.050486021641284,Medium
7571,21.185047,72.80859,21.225047,72.84859,Urban ,6.080918142449212,Medium
7572,19.880256,75.323503,19.940256,75.383503,Other,9.157560325759787,Medium
7573,23.374878,85.335739,23.444878,85.405739,Other,10.564409665969912,Medium
7574,23.234631,77.401663,23.284631,77.451663,Other,7.549912894067305,Medium
7575,18.546947,73.900626,18.556947,73.910626,Other,1.532220683460433,Short
7576,9.982834,76.283268,10.062834,76.363268,Urban ,12.484641305206136,Medium
7577,23.374878,85.335739,23.504878,85.465739,Urban ,19.61758127554797,Long
7578,19.876106,75.340775,19.956106,75.420775,Other,12.209868226123518,Medium
7579,19.878028,75.317475,19.948028,75.387475,Urban ,10.68373240390047,Medium
7580,15.49395,73.827423,15.51395,73.847423,Urban ,3.0883762849117153,Short
7581,11.010375,76.95295,11.090375,77.03295,Other,12.46418980459395,Medium
7582,-30.893244,75.821817,30.933244,75.861817,Other,6874.793094251323,Very Long
7583,30.340722,78.060221,30.410722,78.130221,Metropolitian ,10.280009835771818,Medium
7584,21.170798,72.790489,21.190798,72.810489,Other,3.040691139804583,Short
7585,19.875337,75.316722,19.965337,75.406722,Metropolitian ,13.735929091490148,Medium
7586,17.41233,78.449654,17.54233,78.579654,Other,19.976644021153277,Long
7587,23.374878,85.335739,23.424878,85.385739,Urban ,7.546267706957808,Medium
7588,30.895817,75.813112,31.025817,75.943112,Metropolitian ,19.04234565793041,Long
7589,17.451976,78.385883,17.491976,78.425883,Urban ,6.1467466299623235,Medium
7590,13.064181,80.236442,13.084181,80.256442,Urban ,3.104571866545023,Short
7591,22.31279,73.170283,22.38279,73.240283,Other,10.60241776436213,Medium
7592,19.874733,75.353942,20.004733,75.483942,Other,19.8396423572851,Long
7593,15.51315,73.78346,15.53315,73.80346,Urban ,3.0882379795296475,Short
7594,30.362686,78.06889,30.422686,78.12889,Metropolitian ,8.810784525898205,Medium
7595,13.081878,80.248519,13.101878,80.268519,Urban ,3.104463374954503,Short
7596,11.000762,76.981876,11.070762,77.051876,Urban ,10.906432552887429,Medium
7597,22.311358,73.164798,22.421358,73.274798,Other,16.659917302375856,Long
7598,12.981615,80.231598,13.071615,80.321598,Urban ,13.971881683315834,Medium
7599,11.026117,76.944652,11.036117,76.954652,Urban ,1.5580739318109507,Short
7600,11.001852,76.976268,11.061852,77.036268,Other,9.348431884826693,Medium
7601,-19.888716,75.321461,19.918716,75.351461,Metropolitian ,4426.385687167562,Very Long
7602,10.000706,76.349516,10.040706,76.389516,Metropolitian ,6.2423410336813,Medium
7603,11.026117,76.944652,11.136117,77.054652,Semi-Urban ,17.13737798601565,Long
7604,25.449872,81.836167,25.559872,81.946167,Urban ,16.476590576084117,Long
7605,26.469003,80.316344,26.479003,80.326344,Metropolitian ,1.492362579261744,Short
7606,22.311603,73.165012,22.371603,73.225012,Urban ,9.087972744660556,Medium
7607,22.32,73.17,22.43,73.28,Urban ,16.65944057912353,Long
7608,15.544419,73.755736,15.654419,73.865736,Metropolitian ,16.982276917763535,Long
7609,27.160934,78.044095,27.210934,78.094095,Urban ,7.441053171025973,Medium
7610,25.457116,81.859682,25.487116,81.889682,Urban ,4.494166054627538,Short
7611,25.449659,81.839744,25.489659,81.879744,Urban ,5.992276327992517,Medium
7612,-22.551084,88.354127,22.561084,88.364127,Metropolitian ,5016.244328346145,Very Long
7613,19.055831,72.833984,19.115831,72.893984,Other,9.179538450825504,Medium
7614,15.51315,73.78346,15.60315,73.87346,Other,13.895933663210696,Medium
7615,18.546258,73.904337,18.566258,73.924337,Urban ,3.0644047273695776,Short
7616,21.173343,72.792731,21.193343,72.812731,Other,3.0406667980769306,Short
7617,10.027364,76.308258,10.047364,76.328258,Urban ,3.121091539471419,Short
7618,18.56245,73.916619,18.67245,74.026619,Urban ,16.851359915660815,Long
7619,18.520016,73.830547,18.540016,73.850547,Urban ,3.064627592336894,Short
7620,11.016298,76.972076,11.056298,77.012076,Urban ,6.232241741133021,Medium
7621,12.975377,77.696664,13.015377,77.736664,Other,6.2101064890276785,Medium
7622,10.003064,76.307589,10.043064,76.347589,Urban ,6.242318682700942,Medium
7623,13.064181,80.236442,13.134181,80.306442,Other,10.865464603780305,Medium
7624,22.722634,75.886959,22.752634,75.916959,Urban ,4.537989684962777,Short
7625,17.431668,78.408321,17.511668,78.488321,Urban ,12.29350267444076,Medium
7626,-15.157944,73.950889,15.177944,73.970889,Urban ,3373.1975567429454,Very Long
7627,11.008638,76.984311,11.118638,77.094311,Other,17.13787992418603,Long
7628,15.546594,73.760431,15.586594,73.800431,Urban ,6.175848827389753,Medium
7629,21.186884,72.793616,21.226884,72.833616,Other,6.08088296759392,Medium
7630,19.874733,75.353942,19.884733,75.363942,Metropolitian ,1.526398191491816,Short
7631,26.911927,75.797282,26.971927,75.857282,Urban ,8.937860881830986,Medium
7632,18.53408,73.89852,18.60408,73.96852,Urban ,10.72503463788064,Medium
7633,18.520016,73.830547,18.630016,73.940547,Urban ,16.853347148215562,Long
7634,12.913041,77.683237,13.003041,77.773237,Other,13.973760919163853,Medium
7635,13.064181,80.236442,13.094181,80.266442,Other,4.656811824870968,Short
7636,17.430448,78.418213,17.510448,78.498213,Urban ,12.293541924925233,Medium
7637,17.451976,78.385883,17.521976,78.455883,Other,10.756383853403502,Medium
7638,23.355164,85.324097,23.465164,85.434097,Other,16.601197594952083,Long
7639,30.327968,78.046106,30.417968,78.136106,Metropolitian ,13.217313864741515,Medium
7640,12.979166,77.640709,13.039166,77.700709,Urban ,9.314907489513608,Medium
7641,25.454648,81.834502,25.524648,81.904502,Urban ,10.485700419067037,Medium
7642,13.022394,80.242439,13.032394,80.252439,Other,1.5524290130727518,Short
7643,19.065838,72.832658,19.145838,72.912658,Other,12.238686345325087,Medium
7644,25.450377,81.834236,25.580377,81.964236,Metropolitian ,19.471568574983134,Long
7645,11.022298,76.998349,11.082298,77.058349,Urban ,9.348112475389005,Medium
7646,23.351489,85.324253,23.371489,85.344253,Other,3.0189069957364936,Short
7647,30.885915,75.788259,30.975915,75.878259,Metropolitian ,13.184912286083552,Medium
7648,26.492106,80.327797,26.522106,80.357797,Urban ,4.476514374571422,Short
7649,26.49095,80.318656,26.56095,80.388656,Urban ,10.444437629135892,Medium
7650,26.47775,80.351569,26.56775,80.441569,Other,13.42872862976706,Medium
7651,17.451976,78.385883,17.501976,78.435883,Urban ,7.683332672259288,Medium
7652,23.234631,77.401663,23.324631,77.491663,Metropolitian ,13.58890881742008,Medium
7653,19.876994,75.372353,19.986994,75.482353,Urban ,16.78777625072735,Long
7654,15.51315,73.78346,15.54315,73.81346,Urban ,4.632302885852763,Short
7655,9.979363,76.285001,10.109363,76.415001,Urban ,20.286876645336417,Long
7656,22.533662,88.366217,22.623662,88.456217,Urban ,13.62122232990338,Medium
7657,30.346994,78.062543,30.456994,78.172543,Metropolitian ,16.152446565873326,Long
7658,22.728163,75.884212,22.758163,75.914212,Other,4.537905323142224,Short
7659,-12.935662,-77.61413,13.045662,77.72413,Metropolitian ,17344.043208918334,Very Long
7660,12.913041,77.683237,12.943041,77.713237,Urban ,4.658193607834146,Short
7661,15.157944,73.950889,15.217944,74.010889,Metropolitian ,9.271888389476212,Medium
7662,15.303897,73.914336,15.343897,73.954336,Urban ,6.179330887542925,Medium
7663,12.933284,77.615428,12.973284,77.655428,Urban ,6.210618493121105,Medium
7664,26.482581,80.315628,26.562581,80.395628,Metropolitian ,11.936655706668944,Medium
7665,22.310526,73.170937,22.440526,73.300937,Other,19.688394563497447,Long
7666,17.431477,78.40035,17.471477,78.44035,Other,6.147076220357757,Medium
7667,25.457116,81.859682,25.467116,81.869682,Metropolitian ,1.4981112859111918,Short
7668,17.428294,78.404423,17.498294,78.474423,Other,10.757050667280218,Medium
7669,25.451517,81.832616,25.531517,81.912616,Metropolitian ,11.983573753585292,Medium
7670,18.994237,72.825553,19.014237,72.845553,Other,3.060556140526367,Short
7671,15.576683,73.75575,15.606683,73.78575,Metropolitian ,4.631614484188036,Short
7672,17.424114,78.347554,17.474114,78.397554,Urban ,7.683892680377846,Medium
7673,11.003008,76.97544,11.063009,77.03544,Other,9.3484931901067,Medium
7674,-15.561295,73.749478,15.581295,73.769478,Urban ,3462.898707005295,Very Long
7675,30.335259,78.053162,30.385259,78.103162,Metropolitian ,7.343359922275272,Medium
7676,23.359033,85.325347,23.419033,85.385347,Other,9.055860194305815,Medium
7677,30.361281,78.068022,30.471281,78.178022,Metropolitian ,16.15143830673367,Long
7678,12.304569,76.643622,12.394569,76.733622,Urban ,13.990019508058005,Medium
7679,30.899992,75.831338,31.029992,75.961338,Metropolitian ,19.041992897398593,Long
7680,30.361281,78.068022,30.501281,78.208022,Metropolitian ,20.555026364273633,Long
7681,22.552672,88.352885,22.602672,88.402885,Urban ,7.5673711728596915,Medium
7682,26.47,80.35,26.55,80.43,Metropolitian ,11.937237212390697,Medium
7683,12.299524,76.64262,12.349524,76.69262,Semi-Urban ,7.772596236164969,Medium
7684,12.325461,76.632278,12.435461,76.742278,Other,17.097925435354377,Long
7685,9.960846,76.293936,10.050846,76.383936,Urban ,14.045583342827536,Medium
7686,30.319528,78.040267,30.339528,78.060267,Urban ,2.937737756302681,Short
7687,22.514585,88.39331,22.574585,88.45331,Urban ,9.081848162011076,Medium
7688,19.878028,75.317475,19.968028,75.407475,Metropolitian ,13.735819390991947,Medium
7689,22.526461,88.364453,22.546461,88.384453,Urban ,3.0273648286284986,Short
7690,26.891191,75.802083,26.971191,75.882083,Urban ,11.91764994758691,Medium
7691,30.332735,78.054222,30.342735,78.064222,Metropolitian ,1.4688163256851274,Short
7692,23.214459,77.434976,23.224459,77.444976,Urban ,1.5101907524493865,Short
7693,18.543626,73.905101,18.563626,73.925101,Urban ,3.06442709302474,Short
7694,22.311603,73.165012,22.321603,73.175012,Urban ,1.5147873459316699,Short
7695,19.875016,75.322405,19.935016,75.382405,Metropolitian ,9.157702644260812,Medium
7696,19.091458,72.827808,19.111458,72.847808,Urban ,3.059709961318304,Short
7697,26.47,80.35,26.6,80.48,Urban ,19.396130154604194,Long
7698,10.027364,76.308258,10.117364,76.398258,Metropolitian ,14.04416232060137,Medium
7699,19.121999,72.908493,19.171999,72.958493,Urban ,7.648280480148563,Medium
7700,25.451646,81.832796,25.581646,81.962796,Urban ,19.471476176409524,Long
7701,23.374989,85.335486,23.434989,85.395486,Other,9.055361318454347,Medium
7702,17.455894,78.375467,17.535894,78.455467,Urban ,12.292722741488804,Medium
7703,12.972161,77.596014,13.102161,77.726014,Urban ,20.18118687522162,Long
7704,9.960846,76.293936,10.020846,76.353936,Metropolitian ,9.36393530915315,Medium
7705,22.75004,75.902847,22.81004,75.962847,Urban ,9.074684164326703,Medium
7706,22.74806,75.8934,22.78806,75.9334,Urban ,6.05003359245833,Medium
7707,10.027364,76.308258,10.047364,76.328258,Metropolitian ,3.121091539471419,Short
7708,17.45971,78.368855,17.54971,78.458855,Urban ,13.828993309155068,Medium
7709,30.89286,75.822199,30.94286,75.872199,Other,7.325375664354321,Medium
7710,12.979166,77.640709,13.039166,77.700709,Other,9.314907489513608,Medium
7711,17.411028,78.329645,17.521028,78.439645,Urban ,16.903814838158304,Long
7712,30.890184,75.829615,30.950184,75.889615,Urban ,8.790360138255203,Medium
7713,-9.979186,76.317361,10.009186,76.347361,Metropolitian ,2222.6080361830736,Very Long
7714,30.885915,75.788259,30.935915,75.838259,Urban ,7.325601106655946,Medium
7715,23.359407,85.325055,23.419407,85.385055,Urban ,9.05584850422668,Medium
7716,19.876994,75.372353,19.916994,75.412353,Urban ,6.105280414497539,Medium
7717,26.471529,80.313458,26.521529,80.363458,Metropolitian ,7.461162575789956,Medium
7718,12.972532,77.608179,12.982532,77.618179,Urban ,1.5525809531930488,Short
7719,-13.02978,-80.208812,13.09978,80.278812,Metropolitian ,17902.084925808198,Very Long
7720,15.561295,73.749478,15.571295,73.759478,Metropolitian ,1.543963305655416,Short
7721,10.96185,76.971082,11.07185,77.081082,Urban ,17.139219742258962,Long
7722,27.165108,78.015053,27.195108,78.045053,Metropolitian ,4.464734973807758,Short
7723,21.185047,72.80859,21.235047,72.85859,Urban ,7.601027931405062,Medium
7724,15.556561,73.763633,15.646561,73.853633,Urban ,13.894520851006227,Medium
7725,30.893081,75.821495,30.923081,75.851495,Metropolitian ,4.39541594312748,Short
7726,12.321214,76.621094,12.431214,76.731094,Other,17.098061238904577,Long
7727,15.498603,73.826911,15.538603,73.866911,Urban ,6.176541436789505,Medium
7728,22.725748,75.898497,22.795748,75.968497,Urban ,10.587819003215166,Medium
7729,22.753839,75.897429,22.883838,76.027429,Urban ,19.65916037097808,Long
7730,30.873988,75.842739,30.943988,75.912739,Metropolitian ,10.255928804012216,Medium
7731,10.006881,76.345397,10.116881,76.455397,Urban ,17.165361256393414,Long
7732,19.866969,75.318894,19.876969,75.328894,Metropolitian ,1.5264332864438097,Short
7733,17.45971,78.368855,17.48971,78.398855,Other,4.610027010711543,Short
7734,30.346994,78.062543,30.486994,78.202543,Metropolitian ,20.556310063108953,Long
7735,18.536718,73.830327,18.586718,73.880327,Other,7.660895664241893,Medium
7736,22.311603,73.165012,22.421603,73.275012,Urban ,16.659903789496603,Long
7737,23.230791,77.43702,23.360791,77.56702,Urban ,19.62733175349949,Long
7738,17.410371,78.437225,17.540371,78.567225,Urban ,19.976746466955056,Long
7739,12.323994,76.626167,12.393994,76.696167,Other,10.880935113345211,Medium
7740,22.551084,88.354127,22.641084,88.444127,Urban ,13.620429458670325,Medium
7741,19.879631,75.323403,19.899631,75.343403,Urban ,3.052706857073804,Short
7742,30.893234,75.82172,30.943234,75.87172,Metropolitian ,7.325363522877596,Medium
7743,10.027364,76.308258,10.077364,76.358258,Urban ,7.802550609377895,Medium
7744,30.89286,75.822199,30.90286,75.832199,Other,1.465205001898216,Short
7745,27.163303,78.057044,27.203303,78.097044,Metropolitian ,5.952904613631212,Medium
7746,22.514585,88.39331,22.564585,88.44331,Metropolitian ,7.568333080724022,Medium
7747,13.029198,77.570997,13.099198,77.640997,Urban ,10.866215152974826,Medium
7748,22.533662,88.366217,22.623662,88.456217,Metropolitian ,13.62122232990338,Medium
7749,27.157772,78.04725,27.227772,78.11725,Urban ,10.417192051419427,Medium
7750,15.303897,73.914336,15.413897,74.024336,Metropolitian ,16.991786296895526,Long
7751,25.443994,81.860187,25.523994,81.940187,Other,11.983910535138248,Medium
7752,10.994136,76.963303,11.074136,77.043303,Urban ,12.464528059716645,Medium
7753,18.51421,73.838429,18.59421,73.918429,Other,12.257687886803152,Medium
7754,22.760072,75.892574,22.890072,76.022574,Urban ,19.65882871745452,Long
7755,30.899584,75.809346,31.009584,75.919346,Urban ,16.11320056524406,Long
7756,26.483042,80.317833,26.493042,80.327833,Metropolitian ,1.4922815535969156,Short
7757,23.184992,77.417227,23.224992,77.457227,Urban ,6.041062443678285,Medium
7758,22.533662,88.366217,22.583662,88.416217,Urban ,7.567851455216129,Medium
7759,-26.463504,80.372929,26.473504,80.382929,Metropolitian ,5886.326818788458,Very Long
7760,10.035573,76.336958,10.085573,76.386958,Urban ,7.802453018269191,Medium
7761,10.027014,76.308053,10.077014,76.358053,Urban ,7.802554768559775,Medium
7762,30.362686,78.06889,30.422686,78.12889,Urban ,8.810784525898205,Medium
7763,22.725748,75.898497,22.785747,75.958497,Urban ,9.075344501962313,Medium
7764,25.454697,81.834492,25.514697,81.894492,Metropolitian ,8.987909568291807,Medium
7765,26.913483,75.803139,26.953483,75.843139,Urban ,5.958771662511033,Medium
7766,12.3085,76.665808,12.3385,76.695808,Other,4.663566689152346,Short
7767,15.498603,73.826911,15.528603,73.856911,Metropolitian ,4.632460137276511,Short
7768,11.001753,76.986241,11.021753,77.006241,Urban ,3.1162485097897914,Short
7769,-12.975377,-77.696664,13.015377,77.736664,Metropolitian ,17354.406517098643,Very Long
7770,15.556561,73.763633,15.576561,73.783633,Urban ,3.0879246817054824,Short
7771,25.450329,81.834279,25.470329,81.854279,Metropolitian ,2.9962425448803214,Short
7772,12.975377,77.696664,13.025377,77.746664,Other,7.762556904358387,Medium
7773,30.372202,78.077151,30.432202,78.137151,Metropolitian ,8.810418322295401,Medium
7774,9.960846,76.293936,10.020846,76.353936,Urban ,9.36393530915315,Medium
7775,11.026117,76.944652,11.056117,76.974652,Urban ,4.674143698976654,Short
7776,17.428294,78.404423,17.558294,78.534423,Urban ,19.975808791438837,Long
7777,9.966783,76.242981,10.096783,76.372981,Metropolitian ,20.287264795752954,Long
7778,-30.346994,78.062543,30.426994,78.142543,Urban ,6757.764432902262,Very Long
7779,17.428294,78.404423,17.538294,78.514423,Semi-Urban ,16.903050893203687,Long
7780,19.879631,75.323403,19.989631,75.433403,Metropolitian ,16.78764479438721,Long
7781,22.514585,88.39331,22.524585,88.40331,Metropolitian ,1.513767561789151,Short
7782,12.975377,77.696664,13.015377,77.736664,Urban ,6.2101064890276785,Medium
7783,12.979166,77.640709,12.999166,77.660709,Other,3.1050910965093825,Short
7784,15.576683,73.75575,15.606683,73.78575,Urban ,4.631614484188036,Short
7785,21.186608,72.794136,21.256608,72.864136,Urban ,10.64105130998603,Medium
7786,22.761593,75.886362,22.771593,75.896362,Urban ,1.512515889082131,Short
7787,15.506205,73.766668,15.576205,73.836668,Urban ,10.808376827928305,Medium
7788,19.876428,75.364792,19.936428,75.424792,Urban ,9.157664297604613,Medium
7789,26.921411,75.793604,26.961411,75.833604,Other,5.958586130824136,Medium
7790,23.359033,85.325347,23.439033,85.405347,Urban ,12.074063090453254,Medium
7791,15.556561,73.763633,15.596561,73.803633,Urban ,6.17570473190937,Medium
7792,18.543626,73.905101,18.583626,73.945101,Other,6.128684140033017,Medium
7793,26.483042,80.317833,26.563042,80.397833,Metropolitian ,11.936634394625187,Medium
7794,19.878028,75.317475,19.938028,75.377475,Urban ,9.157620842368736,Medium
7795,17.433809,78.386744,17.453809,78.406744,Other,3.073599739868721,Short
7796,21.186884,72.793616,21.196884,72.803616,Other,1.5202925485979668,Short
7797,17.422819,78.449578,17.492819,78.519578,Urban ,10.757204708670182,Medium
7798,23.369746,85.33982,23.389746,85.35982,Urban ,3.0187169050721665,Short
7799,27.160934,78.044095,27.170934,78.054095,Metropolitian ,1.4883285022954302,Short
7800,17.45971,78.368855,17.54971,78.458855,Other,13.828993309155068,Medium
7801,23.211529,77.419399,23.321529,77.529399,Metropolitian ,16.609413307736382,Long
7802,22.728163,75.884212,22.858163,76.014212,Other,19.660943947619387,Long
7803,13.044694,80.26147,13.134694,80.35147,Other,13.970144665452906,Medium
7804,27.161661,78.011544,27.221661,78.071544,Urban ,8.929061179190171,Medium
7805,25.454648,81.834502,25.564648,81.944502,Metropolitian ,16.476296407981938,Long
7806,12.98041,77.640489,13.00041,77.660489,Other,3.1050835221083886,Short
7807,30.902872,75.826808,31.042872,75.966808,Metropolitian ,20.50604375862634,Long
7808,26.914142,75.805704,27.044142,75.935704,Urban ,19.3625300010744,Long
7809,15.574828,73.766883,15.634828,73.826883,Metropolitian ,9.262943250835862,Medium
7810,12.981615,80.231598,13.111615,80.361598,Urban ,20.180811280904425,Long
7811,30.89286,75.822199,30.96286,75.892199,Urban ,10.255071075728859,Medium
7812,22.725835,75.887648,22.735835,75.897648,Other,1.5126978119723455,Short
7813,12.906229,77.596791,12.976229,77.666791,Semi-Urban ,10.868838190114497,Medium
7814,27.161661,78.011544,27.181661,78.031544,Urban ,2.976589528427393,Short
7815,19.875522,75.367127,19.905522,75.397127,Metropolitian ,4.579048174782952,Short
7816,12.323194,76.630583,12.333194,76.640583,Other,1.554508649284574,Short
7817,22.722634,75.886959,22.742634,75.906959,Other,3.025377321544568,Short
7818,23.264015,77.408236,23.394015,77.538236,Metropolitian ,19.625087985437048,Long
7819,23.234249,77.434007,23.304249,77.504007,Metropolitian ,10.569528655031638,Medium
7820,10.000706,76.349516,10.090706,76.439516,Urban ,14.044732915893816,Medium
7821,25.450329,81.834279,25.490329,81.874279,Urban ,5.992261339612258,Medium
7822,12.975996,80.221898,13.035996,80.281898,Semi-Urban ,9.314965469326962,Medium
7823,12.934365,77.616155,13.044365,77.726155,Urban ,17.07799287216156,Long
7824,15.496162,73.825364,15.626162,73.955364,Metropolitian ,20.071761351648224,Long
7825,23.333017,85.3172,23.393017,85.3772,Urban ,9.056672984546305,Medium
7826,26.479108,80.315042,26.489108,80.325042,Metropolitian ,1.492304262023776,Short
7827,-25.454697,81.834492,25.494697,81.874492,Metropolitian ,5665.315757785273,Very Long
7828,11.022298,76.998349,11.092298,77.068349,Urban ,10.906039889040743,Medium
7829,10.000706,76.349516,10.080706,76.429516,Metropolitian ,12.484302169798317,Medium
7830,18.927584,72.832585,19.057584,72.962585,Urban ,19.894269594418027,Long
7831,11.010375,76.95295,11.120375,77.06295,Urban ,17.137830077714046,Long
7832,19.22384,72.841347,19.30384,72.921347,Urban ,12.233151216488869,Medium
7833,25.449872,81.836167,25.589872,81.976167,Other,20.96902845452305,Long
7834,9.970717,76.285447,10.040717,76.355447,Urban ,10.924344981907934,Medium
7835,23.359194,85.325447,23.439194,85.405447,Urban ,12.074056378231456,Medium
7836,21.149569,72.772697,21.199569,72.822697,Other,7.601876617115907,Medium
7837,9.979363,76.285001,9.999363,76.305001,Other,3.121318846633558,Short
7838,22.538999,88.322337,22.598999,88.382337,Metropolitian ,9.081108307109183,Medium
7839,13.058616,80.264151,13.118616,80.324151,Other,9.313449926160223,Medium
7840,10.000706,76.349516,10.060706,76.409516,Urban ,9.363369184364503,Medium
7841,10.028047,76.310019,10.068047,76.350019,Urban ,6.242081559530351,Medium
7842,26.481547,80.299775,26.501547,80.319775,Urban ,2.984522628644554,Short
7843,21.175975,72.795503,21.245975,72.865503,Urban ,10.64140776322093,Medium
7844,19.874449,75.360232,19.904449,75.390232,Metropolitian ,4.579062734596037,Short
7845,11.006686,76.951736,11.056686,77.001736,Other,7.790362124533636,Medium
7846,23.232537,77.429845,23.302537,77.499845,Urban ,10.56959081160126,Medium
7847,22.761593,75.886362,22.821593,75.946362,Other,9.074331008325887,Medium
7848,-30.372202,78.077151,30.432202,78.137151,Metropolitian ,6761.144219267959,Very Long
7849,30.893244,75.821817,30.953244,75.881817,Metropolitian ,8.790240920913794,Medium
7850,18.546258,73.904337,18.656258,74.014337,Urban ,16.852118690780152,Long
7851,11.026117,76.944652,11.136117,77.054652,Other,17.13737798601565,Long
7852,23.184992,77.417227,23.224992,77.457227,Metropolitian ,6.041062443678285,Medium
7853,22.725835,75.887648,22.815835,75.977648,Urban ,13.612447554496717,Medium
7854,9.985497,76.276999,10.025497,76.316999,Urban ,6.2424850734742945,Medium
7855,12.98041,77.640489,13.11041,77.770489,Urban ,20.18085916835192,Long
7856,10.994136,76.963303,11.124136,77.093303,Other,20.254010036497217,Long
7857,12.933284,77.615428,12.943284,77.625428,Urban ,1.5527001583669442,Short
7858,15.574828,73.766883,15.584828,73.776883,Metropolitian ,1.5439143887827458,Short
7859,21.160437,72.774209,21.170437,72.784209,Other,1.520419007277728,Short
7860,30.346994,78.062543,30.426994,78.142543,Metropolitian ,11.748004300513053,Medium
7861,17.438263,78.397865,17.518263,78.477865,Urban ,12.293290453034048,Medium
7862,22.695207,75.866059,22.765207,75.936059,Urban ,10.588906536688036,Medium
7863,12.906229,77.596791,12.976229,77.666791,Other,10.868838190114497,Medium
7864,19.065838,72.832658,19.105838,72.872658,Metropolitian ,6.119692285952751,Medium
7865,19.874103,75.368419,19.914103,75.408419,Metropolitian ,6.105332732525132,Medium
7866,26.47775,80.351569,26.61775,80.491569,Metropolitian ,20.887107461224698,Long
7867,12.979166,77.640709,13.019166,77.680709,Other,6.2100603230883085,Medium
7868,26.483042,80.317833,26.573042,80.407833,Urban ,13.428453377806186,Medium
7869,26.472001,80.354002,26.542001,80.424002,Metropolitian ,10.445203993933328,Medium
7870,23.235123,77.398886,23.275123,77.438886,Urban ,6.040023856917364,Medium
7871,17.41233,78.449654,17.49233,78.529654,Semi-Urban ,12.294124530423833,Medium
7872,18.563934,73.915367,18.573935,73.925367,Other,1.5322291887353143,Short
7873,18.520016,73.830547,18.630016,73.940547,Other,16.853347148215562,Long
7874,15.5696,73.742294,15.6996,73.872294,Urban ,20.0683053293221,Long
7875,9.991703,76.293136,10.031703,76.333136,Metropolitian ,6.242426324083361,Medium
7876,15.49395,73.827423,15.62395,73.957423,Metropolitian ,20.071865213014267,Long
7877,25.450377,81.834236,25.530377,81.914236,Urban ,11.983624793092554,Medium
7878,26.911378,75.789034,27.051378,75.929034,Other,20.851771383104897,Long
7879,23.359194,85.325447,23.429194,85.395447,Urban ,10.564981870374387,Medium
7880,26.483672,80.320708,26.563672,80.400708,Metropolitian ,11.93660526922611,Medium
7881,-19.880256,75.323503,19.950256,75.393503,Urban ,4428.957422024948,Very Long
7882,18.569156,73.774723,18.679156,73.884723,Other,16.851045489710398,Long
7883,30.885814,75.786976,31.025814,75.926976,Urban ,20.507595969740972,Long
7884,10.027014,76.308053,10.137014,76.418053,Urban ,17.16483390268399,Long
7885,9.957144,76.296783,10.037144,76.376783,Urban ,12.485127762331999,Medium
7886,19.874103,75.368419,19.944103,75.438419,Metropolitian ,10.683856793292616,Medium
7887,25.457116,81.859682,25.567116,81.969682,Urban ,16.47614437887927,Long
7888,30.873988,75.842739,30.983988,75.952739,Metropolitian ,16.1150296472628,Long
7889,10.028047,76.310019,10.048047,76.330019,Urban ,3.121088297487618,Short
7890,11.016298,76.972076,11.126298,77.082076,Urban ,17.137660049153638,Long
7891,12.323978,76.627961,12.403978,76.707961,Other,12.435238523728827,Medium
7892,12.975996,80.221898,13.105996,80.351898,Other,20.181034547351857,Long
7893,15.51315,73.78346,15.59315,73.86346,Metropolitian ,12.352085635517236,Medium
7894,-19.103249,-72.846749,19.213249,72.956749,Urban ,16429.11361392011,Very Long
7895,9.966783,76.242981,10.016783,76.292981,Metropolitian ,7.803268415504882,Medium
7896,26.482581,80.315628,26.512581,80.345628,Urban ,4.47667940051783,Short
7897,22.551084,88.354127,22.601084,88.404127,Urban ,7.567411306545303,Medium
7898,22.725748,75.898497,22.755747,75.928497,Urban ,4.537860442229112,Short
7899,19.207222,72.972281,19.277222,73.042281,Urban ,10.704672233867438,Medium
7900,25.449872,81.836167,25.469872,81.856167,Metropolitian ,2.996247654966073,Short
7901,21.185047,72.80859,21.275047,72.89859,Urban ,13.680987399156825,Medium
7902,-22.538731,88.364878,22.588731,88.414878,Metropolitian ,5017.947745872179,Very Long
7903,30.327968,78.046106,30.367968,78.086106,Urban ,5.8750030058179235,Medium
7904,21.17106,72.789292,21.26106,72.879292,Other,13.681590426854688,Medium
7905,12.310972,76.659264,12.320972,76.669264,Other,1.5545440228102219,Short
7906,10.035573,76.336958,10.105573,76.406958,Metropolitian ,10.923267458246297,Medium
7907,21.17106,72.789292,21.19106,72.809292,Other,3.0406886340154307,Short
7908,22.310237,73.158921,22.420237,73.268921,Other,16.65997912906346,Long
7909,22.553227,88.353273,22.603227,88.403273,Metropolitian ,7.567357145716593,Medium
7910,22.308096,73.167753,22.378096,73.237753,Urban ,10.602582382473138,Medium
7911,22.695207,75.866059,22.745207,75.916059,Other,7.563759001970448,Medium
7912,27.158822,78.045359,27.218822,78.105359,Metropolitian ,8.929161574977263,Medium
7913,12.981615,80.231598,13.041615,80.291598,Urban ,9.314862687658415,Medium
7914,12.972532,77.608179,13.022532,77.658179,Other,7.76260023979046,Medium
7915,22.527893,88.368628,22.567893,88.408628,Metropolitian ,6.0544987543556905,Medium
7916,22.74806,75.8934,22.77806,75.9234,Other,4.537601588064418,Short
7917,26.90294,75.793007,26.91294,75.803007,Urban ,1.489842306740158,Short
7918,26.479108,80.315042,26.509108,80.345042,Urban ,4.476739560384126,Short
7919,11.022169,76.999594,11.062169,77.039594,Urban ,6.232180611484738,Medium
7920,12.323194,76.630583,12.413194,76.720583,Urban ,13.989532967706147,Medium
7921,30.335259,78.053162,30.345259,78.063162,Metropolitian ,1.4688001598213698,Short
7922,30.327968,78.046106,30.337968,78.056106,Urban ,1.4688468549789202,Short
7923,22.310329,73.169083,22.350329,73.209083,Urban ,6.058874461145101,Medium
7924,9.985497,76.276999,10.015497,76.306999,Urban ,4.6818993083058436,Short
7925,22.32,73.17,22.36,73.21,Metropolitian ,6.05868073179297,Medium
7926,19.880256,75.323503,19.960256,75.403503,Metropolitian ,12.20971786959665,Medium
7927,26.902328,75.794257,26.982328,75.874257,Other,11.917128700012814,Medium
7928,9.985497,76.276999,10.055497,76.346999,Urban ,10.924100022194843,Medium
7929,25.457687,81.835585,25.477687,81.855585,Other,2.9961602588172336,Short
7930,17.440827,78.393391,17.520827,78.473391,Urban ,12.293207925868899,Medium
7931,15.576683,73.75575,15.706683,73.88575,Metropolitian ,20.06797119550788,Long
7932,22.744648,75.894377,22.794648,75.944377,Other,7.562501497648628,Medium
7933,12.284747,76.625861,12.314747,76.655861,Urban ,4.663772762376507,Short
7934,30.914057,75.83982,30.994057,75.91982,Urban ,11.718719558712303,Medium
7935,22.732225,75.874765,22.842225,75.984765,Urban ,16.636516954597145,Long
7936,30.359722,78.067079,30.389722,78.097079,Urban ,4.405737950508077,Short
7937,21.160437,72.774209,21.240437,72.854209,Urban ,12.162012260679191,Medium
7938,18.592718,73.773572,18.622718,73.803572,Other,4.595950274789243,Short
7939,23.369746,85.33982,23.409746,85.37982,Other,6.037225392444489,Medium
7940,26.90519,75.810753,26.94519,75.850753,Urban ,5.958965689666703,Medium
7941,12.934365,77.616155,13.024365,77.706155,Urban ,13.973177561576211,Medium
7942,13.044694,80.26147,13.074694,80.29147,Other,4.656990844808465,Short
7943,30.346994,78.062543,30.436994,78.152543,Metropolitian ,13.216215992464313,Medium
7944,12.352058,76.60665,12.382058,76.63665,Other,4.663187802147038,Short
7945,-10.027014,76.308053,10.057014,76.338053,Metropolitian ,2233.24448604107,Very Long
7946,23.355164,85.324097,23.465164,85.434097,Urban ,16.601197594952083,Long
7947,26.471617,80.313564,26.601617,80.443564,Urban ,19.396008631753066,Long
7948,15.496162,73.825364,15.516162,73.845364,Urban ,3.088360359149458,Short
7949,26.914142,75.805704,26.964142,75.855704,Other,7.448298968601405,Medium
7950,19.876219,75.346017,19.956219,75.426017,Other,12.20986413244792,Medium
7951,30.89286,75.822199,30.98286,75.912199,Metropolitian ,13.184506302159072,Medium
7952,30.893081,75.821495,30.983081,75.911495,Metropolitian ,13.184493382091121,Medium
7953,15.303897,73.914336,15.313897,73.924336,Other,1.5448861219864414,Short
7954,25.443994,81.860187,25.493994,81.910187,Other,7.4903639335705385,Medium
7955,22.514585,88.39331,22.534585,88.41331,Metropolitian ,3.0274846740312564,Short
7956,18.563934,73.915367,18.633934,73.985367,Semi-Urban ,10.724145471030434,Medium
7957,-30.361281,78.068022,30.471281,78.178022,Urban ,6764.282268975215,Very Long
7958,26.921411,75.793604,26.931411,75.803604,Urban ,1.4897343062373762,Short
7959,27.160832,78.011608,27.220832,78.071608,Urban ,8.929090496037942,Medium
7960,30.319528,78.040267,30.379528,78.100267,Metropolitian ,8.812444327170041,Medium
7961,15.546594,73.760431,15.676594,73.890431,Metropolitian ,20.069389638817952,Long
7962,13.058616,80.264151,13.138616,80.344151,Urban ,12.41768756419937,Medium
7963,12.914264,77.6784,12.964264,77.7284,Urban ,7.763485791200364,Medium
7964,12.299524,76.64262,12.369524,76.71262,Urban ,10.881431823102693,Medium
7965,30.905562,75.832841,30.975562,75.902841,Urban ,10.25449356195068,Medium
7966,-10.003064,76.307589,10.133064,76.437589,Metropolitian ,2239.081456314543,Very Long
7967,18.636215,73.751081,18.686215,73.801081,Urban ,7.658776111980681,Medium
7968,12.311072,76.654878,12.331072,76.674878,Urban ,3.109058525591302,Short
7969,26.90294,75.793007,26.97294,75.863007,Other,10.427667505405765,Medium
7970,-22.552996,88.35231,22.602996,88.40231,Metropolitian ,5021.120135079497,Very Long
7971,22.552672,88.352885,22.562672,88.362885,Urban ,1.5135753268841488,Short
7972,22.514688,88.393294,22.524688,88.403294,Metropolitian ,1.5137670422985856,Short
7973,30.361281,78.068022,30.381281,78.088022,Other,2.937202765995363,Short
7974,11.022477,76.995667,11.132477,77.105667,Urban ,17.137482577838096,Long
7975,9.966783,76.242981,10.026783,76.302981,Urban ,9.36385112613426,Medium
7976,9.985497,76.276999,10.095497,76.386999,Metropolitian ,17.165920253870844,Long
7977,11.001753,76.986241,11.071753,77.056241,Other,10.90641450035058,Medium
7978,26.49095,80.318656,26.56095,80.388656,Metropolitian ,10.444437629135892,Medium
7979,22.751234,75.88949,22.881234,76.01949,Urban ,19.659414837287816,Long
7980,15.157944,73.950889,15.227944,74.020889,Metropolitian ,10.817079414296995,Medium
7981,11.016298,76.972076,11.026298,76.982076,Urban ,1.5580994617893935,Short
7982,22.753839,75.897429,22.833838,75.977429,Urban ,12.09893438000031,Medium
7983,17.438263,78.397865,17.508263,78.467865,Urban ,10.756770071391678,Medium
7984,27.163303,78.057044,27.303303,78.197044,Urban ,20.831034086787206,Long
7985,-9.982834,76.283268,10.062834,76.363268,Metropolitian ,2228.9941519463623,Very Long
7986,12.304569,76.643622,12.394569,76.733622,Semi-Urban ,13.990019508058005,Medium
7987,27.161694,78.034714,27.251694,78.124714,Urban ,13.392793466305967,Medium
7988,22.651847,75.881991,22.701847,75.931991,Urban ,7.564859910416586,Medium
7989,11.006686,76.951736,11.056686,77.001736,Urban ,7.790362124533636,Medium
7990,26.479108,80.315042,26.589108,80.425042,Metropolitian ,16.41216771779456,Long
7991,21.15276,72.778059,21.18276,72.808059,Other,4.561223681552014,Short
7992,26.483042,80.317833,26.523042,80.357833,Urban ,5.968779676051492,Medium
7993,-22.553227,88.353273,22.563227,88.363273,Metropolitian ,5016.720909789413,Very Long
7994,-9.959778,76.296106,10.069778,76.406106,Urban ,2227.218253948842,Very Long
7995,30.902872,75.826808,30.992872,75.916808,Urban ,13.183920915999495,Medium
7996,17.431477,78.40035,17.461477,78.43035,Other,4.610367445745231,Short
7997,17.431668,78.408321,17.481668,78.458321,Urban ,7.683740930982834,Medium
7998,17.430448,78.418213,17.490448,78.478213,Other,9.220397882984454,Medium
7999,13.02978,80.208812,13.11978,80.298812,Semi-Urban ,13.970556078644558,Medium
8000,26.469003,80.316344,26.539003,80.386344,Metropolitian ,10.445325203576813,Medium
8001,-19.866969,75.318894,19.906969,75.358894,Metropolitian ,4422.662264268501,Very Long
8002,23.359407,85.325055,23.429407,85.395055,Urban ,10.564974101603955,Medium
8003,12.949934,77.699386,12.989934,77.739386,Urban ,6.2104161583770905,Medium
8004,12.323194,76.630583,12.383194,76.690583,Urban ,9.32661688775577,Medium
8005,-26.469003,-80.316344,26.559003,80.406344,Other,18098.786773817235,Very Long
8006,23.233219,77.433571,23.273219,77.473571,Metropolitian ,6.040063337761926,Medium
8007,22.760072,75.892574,22.770072,75.902574,Other,1.5125236323328126,Short
8008,30.890184,75.829615,30.960184,75.899615,Metropolitian ,10.255192722112904,Medium
8009,22.31279,73.170283,22.35279,73.210283,Other,6.05882516928704,Medium
8010,26.471617,80.313564,26.561617,80.403564,Urban ,13.429047569621149,Medium
8011,25.45235,81.841889,25.52235,81.911889,Metropolitian ,10.485790436289298,Medium
8012,27.195928,77.998092,27.235928,78.038092,Metropolitian ,5.952135257928134,Medium
8013,27.195928,77.998092,27.285928,78.088092,Metropolitian ,13.390975771119729,Medium
8014,9.985497,76.276999,10.075497,76.366999,Other,14.04505779375809,Medium
8015,26.483042,80.317833,26.543042,80.377833,Metropolitian ,8.95282274667059,Medium
8016,25.457116,81.859682,25.497116,81.899682,Metropolitian ,5.9921094914080335,Medium
8017,19.055831,72.833984,19.075831,72.853984,Urban ,3.0600204990366,Short
8018,27.158822,78.045359,27.198822,78.085359,Metropolitian ,5.953010226831373,Medium
8019,12.316967,76.603067,12.366967,76.653067,Urban ,7.772343594464188,Medium
8020,22.547186,88.35068,22.677186,88.48068,Metropolitian ,19.67289281474715,Long
8021,11.022477,76.995667,11.082477,77.055667,Semi-Urban ,9.348109676504196,Medium
8022,22.539129,88.365507,22.569129,88.395507,Urban ,4.540779627969778,Short
8023,25.453436,81.833167,25.523436,81.903167,Urban ,10.485747896338353,Medium
8024,22.514119,88.362504,22.624119,88.472504,Metropolitian ,16.648690516063223,Long
8025,10.027364,76.308258,10.097364,76.378258,Other,10.92340421813533,Medium
8026,22.527893,88.368628,22.567893,88.408628,Urban ,6.0544987543556905,Medium
8027,30.914057,75.83982,31.044057,75.96982,Urban ,19.040804245924914,Long
8028,23.233219,77.433571,23.253219,77.453571,Urban ,3.0201353609998924,Short
8029,25.457687,81.835585,25.477687,81.855585,Metropolitian ,2.9961602588172336,Short
8030,30.905562,75.832841,31.015562,75.942841,Urban ,16.112773223613402,Long
8031,30.88722,75.804893,30.92722,75.844893,Urban ,5.8605768949097286,Medium
8032,15.574828,73.766883,15.594828,73.786883,Metropolitian ,3.087792603686995,Short
8033,30.342509,78.061187,30.382509,78.101187,Urban ,5.874630328606975,Medium
8034,25.450329,81.834279,25.580329,81.964279,Other,19.471572069892005,Long
8035,23.359033,85.325347,23.469033,85.435347,Other,16.60097570059501,Long
8036,19.875522,75.367127,19.965522,75.457127,Urban ,13.735921550258755,Medium
8037,22.761226,75.887522,22.791226,75.917522,Other,4.5374004790919935,Short
8038,26.47,80.35,26.6,80.48,Metropolitian ,19.396130154604194,Long
8039,30.895817,75.813112,30.945817,75.863112,Urban ,7.325279665908684,Medium
8040,-22.577821,88.400581,22.587821,88.410581,Urban ,5022.190365699837,Very Long
8041,30.895817,75.813112,31.025817,75.943112,Urban ,19.04234565793041,Long
8042,12.297954,76.665169,12.407954,76.775169,Urban ,17.098804215243057,Long
8043,12.316967,76.603067,12.396967,76.683067,Other,12.435401342193384,Medium
8044,13.026279,80.174568,13.106279,80.254568,Urban ,12.418480499738493,Medium
8045,25.454697,81.834492,25.594697,81.974492,Urban ,20.968650035615497,Long
8046,22.552672,88.352885,22.682672,88.482885,Metropolitian ,19.672531807090436,Long
8047,30.362686,78.06889,30.432686,78.13889,Urban ,10.279023976292116,Medium
8048,25.450317,81.831681,25.560317,81.941681,Urban ,16.47656316910433,Long
8049,19.874103,75.368419,19.954103,75.448419,Urban ,12.209940785785976,Medium
8050,22.760072,75.892574,22.820072,75.952574,Urban ,9.074377511533008,Medium
8051,-19.876428,75.364792,20.006428,75.494792,Metropolitian ,4434.79384709128,Very Long
8052,22.53796,88.349843,22.61796,88.429843,Urban ,12.107781770762754,Medium
8053,9.988483,76.295211,10.058483,76.365211,Metropolitian ,10.924050490274581,Medium
8054,23.357804,85.325146,23.427804,85.395146,Other,10.565032566503788,Medium
8055,23.234249,77.434007,23.254249,77.454007,Metropolitian ,3.0201246861713376,Short
8056,26.902908,75.792934,26.922908,75.812934,Other,2.9796265189930105,Short
8057,22.5491,88.400467,22.6391,88.490467,Urban ,13.620519776564176,Medium
8058,26.910262,75.783013,26.970262,75.843013,Other,8.937919334802222,Medium
8059,22.553227,88.353273,22.593227,88.393273,Metropolitian ,6.0539868575689715,Medium
8060,22.310237,73.158921,22.360237,73.208921,Other,7.573470125639261,Medium
8061,26.472001,80.354002,26.532001,80.414002,Metropolitian ,8.953205389499066,Medium
8062,22.725748,75.898497,22.805747,75.978497,Other,12.10007905561433,Medium
8063,-22.569367,88.433187,22.629367,88.493187,Metropolitian ,5025.874107731573,Very Long
8064,15.574828,73.766883,15.604828,73.796883,Urban ,4.631634621028647,Short
8065,-23.232357,77.429989,23.292357,77.489989,Metropolitian ,5173.31622339814,Very Long
8066,22.725835,75.887648,22.815835,75.977648,Other,13.612447554496717,Medium
8067,15.585658,73.743606,15.645658,73.803606,Metropolitian ,9.262707846965396,Medium
8068,26.479108,80.315042,26.619108,80.455042,Urban ,20.886997510665058,Long
8069,19.866969,75.318894,19.936969,75.388894,Urban ,10.684082824870355,Medium
8070,22.5491,88.400467,22.5591,88.410467,Urban ,1.513593367555466,Short
8071,22.753839,75.897429,22.803839,75.947429,Other,7.562267471532915,Medium
8072,26.483042,80.317833,26.623042,80.457833,Urban ,20.88667896873856,Long
8073,-13.091809,80.219104,13.111809,80.239104,Metropolitian ,2913.710215186325,Very Long
8074,30.890184,75.829615,30.900184,75.839615,Metropolitian ,1.465222367891512,Short
8075,30.362686,78.06889,30.502686,78.20889,Urban ,20.55490010024348,Long
8076,19.866969,75.318894,19.896969,75.348894,Metropolitian ,4.579164213154925,Short
8077,22.514119,88.362504,22.564119,88.412504,Metropolitian ,7.568344841161899,Medium
8078,13.022394,80.242439,13.132394,80.352439,Other,17.075035490453462,Long
8079,12.935662,77.61413,12.975662,77.65413,Other,6.210589610313767,Medium
8080,26.49095,80.318656,26.58095,80.408656,Metropolitian ,13.428041978466963,Medium
8081,18.546947,73.900626,18.576947,73.930626,Other,4.59653454224411,Short
8082,27.161661,78.011544,27.201661,78.051544,Metropolitian ,5.952943315710031,Medium
8083,30.366322,78.070453,30.446322,78.150453,Metropolitian ,11.747012588056494,Medium
8084,26.483672,80.320708,26.563672,80.400708,Urban ,11.93660526922611,Medium
8085,19.207222,72.972281,19.337222,73.102281,Urban ,19.878389859458043,Long
8086,23.230791,77.43702,23.360791,77.56702,Metropolitian ,19.62733175349949,Long
8087,19.875908,75.358888,19.895908,75.378888,Metropolitian ,3.0527405326198296,Short
8088,23.184992,77.417227,23.214992,77.447227,Urban ,4.530874476268776,Short
8089,22.310237,73.158921,22.340237,73.188921,Urban ,4.544232356931138,Short
8090,25.459775,81.834841,25.489775,81.864841,Urban ,4.494121436892431,Short
8091,30.893081,75.821495,30.983081,75.911495,Semi-Urban ,13.184493382091121,Medium
8092,27.165108,78.015053,27.255108,78.105053,Urban ,13.392612276663753,Medium
8093,9.991703,76.293136,10.061703,76.363136,Urban ,10.92399706063902,Medium
8094,18.546947,73.900626,18.566947,73.920626,Other,3.0643988720550097,Short
8095,-22.533662,-88.366217,22.663662,88.496217,Metropolitian ,19692.67460647305,Very Long
8096,21.157729,72.768726,21.227729,72.838726,Urban ,10.642019064199648,Medium
8097,13.045479,80.23311,13.115479,80.30311,Other,10.865866087809966,Medium
8098,26.483042,80.317833,26.593042,80.427833,Urban ,16.411917547961952,Long
8099,25.457116,81.859682,25.477116,81.879682,Metropolitian ,2.9961666451244575,Short
8100,-26.471529,80.313458,26.611529,80.453458,Urban ,5902.5857788810035,Very Long
8101,30.892978,75.821847,31.022978,75.951847,Metropolitian ,19.042585515695496,Long
8102,22.538999,88.322337,22.568999,88.352337,Metropolitian ,4.5407815975593655,Short
8103,17.424114,78.347554,17.514114,78.437554,Urban ,13.830282747997778,Medium
8104,11.022298,76.998349,11.072298,77.048349,Other,7.790158927085036,Medium
8105,27.161694,78.034714,27.181694,78.054714,Urban ,2.976589139643783,Short
8106,26.469003,80.316344,26.479003,80.326344,Urban ,1.492362579261744,Short
8107,22.728163,75.884212,22.798163,75.954212,Urban ,10.587732954177016,Medium
8108,26.479108,80.315042,26.489108,80.325042,Urban ,1.492304262023776,Short
8109,19.878028,75.317475,19.948028,75.387475,Other,10.68373240390047,Medium
8110,22.538999,88.322337,22.618999,88.402337,Metropolitian ,12.107739754185026,Medium
8111,9.970717,76.285447,9.980717,76.295447,Urban ,1.5606916397988708,Short
8112,22.32,73.17,22.39,73.24,Urban ,10.602164852302069,Medium
8113,12.323194,76.630583,12.403194,76.710583,Other,12.435256735189474,Medium
8114,12.975377,77.696664,13.005377,77.726664,Urban ,4.6576255671474405,Short
8115,22.577821,88.400581,22.597821,88.420581,Metropolitian ,3.0268459094259565,Short
8116,21.175975,72.795503,21.235975,72.855503,Urban ,9.121350389794129,Medium
8117,18.543626,73.905101,18.603626,73.965101,Urban ,9.192770952683,Medium
8118,30.895817,75.813112,30.975817,75.893112,Other,11.719667572431574,Medium
8119,12.972793,80.249982,13.012793,80.289982,Other,6.210137965623703,Medium
8120,19.875522,75.367127,19.935522,75.427127,Metropolitian ,9.157688902749396,Medium
8121,25.457687,81.835585,25.467687,81.845585,Metropolitian ,1.4981080932701176,Short
8122,22.552672,88.352885,22.662672,88.462885,Metropolitian ,16.646545996493526,Long
8123,12.321214,76.621094,12.391214,76.691094,Urban ,10.880991591395142,Medium
8124,26.902908,75.792934,26.982908,75.872934,Other,11.917101549463018,Medium
8125,22.761593,75.886362,22.891593,76.016362,Other,19.658727827948344,Long
8126,23.371292,85.327872,23.381292,85.337872,Semi-Urban ,1.5093764432903987,Short
8127,9.959778,76.296106,10.019778,76.356106,Other,9.363950447567518,Medium
8128,-27.160832,78.011608,27.200832,78.051608,Urban ,6044.7427524907,Very Long
8129,23.232357,77.429989,23.292357,77.489989,Urban ,9.05981056427967,Medium
8130,19.874449,75.360232,20.004449,75.490232,Metropolitian ,19.839659093708264,Long
8131,22.745049,75.892471,22.875049,76.022471,Urban ,19.65982489949044,Long
8132,19.875908,75.358888,19.955908,75.438888,Urban ,12.209875399061639,Medium
8133,26.472001,80.354002,26.552001,80.434002,Metropolitian ,11.937144739027282,Medium
8134,-22.538731,88.364878,22.598731,88.424878,Urban ,5019.060978518557,Very Long
8135,9.966783,76.242981,10.026783,76.302981,Metropolitian ,9.36385112613426,Medium
8136,17.483216,78.552111,17.563216,78.632111,Urban ,12.291841945089626,Medium
8137,30.319528,78.040267,30.369528,78.090267,Urban ,7.343863858233228,Medium
8138,22.753659,75.903365,22.843659,75.993365,Urban ,13.611171805239522,Medium
8139,12.310972,76.659264,12.420972,76.769264,Urban ,17.098388556624265,Long
8140,30.342509,78.061187,30.402509,78.121187,Metropolitian ,8.811560720685513,Medium
8141,12.939496,77.625999,13.009496,77.695999,Urban ,10.86813091566954,Medium
8142,-10.027014,76.308053,10.067014,76.348053,Metropolitian ,2234.358350964741,Very Long
8143,19.221315,72.862381,19.311315,72.952381,Urban ,13.762197002525296,Medium
8144,21.186438,72.794115,21.236438,72.844115,Other,7.600994631258499,Medium
8145,17.422819,78.449578,17.482819,78.509578,Semi-Urban ,9.22058182648005,Medium
8146,11.022298,76.998349,11.042298,77.018349,Other,3.1161417126178717,Short
8147,27.158822,78.045359,27.298822,78.185359,Urban ,20.83140426880117,Long
8148,13.02978,80.208812,13.08978,80.268812,Urban ,9.313979922202103,Medium
8149,17.45971,78.368855,17.51971,78.428855,Urban ,9.219691659524232,Medium
8150,12.972532,77.608179,13.082532,77.718179,Other,17.076712975301973,Long
8151,26.471617,80.313564,26.581617,80.423564,Metropolitian ,16.41264400143935,Long
8152,17.450851,78.379347,17.490851,78.419347,Urban ,6.1467647273410435,Medium
8153,23.232357,77.429989,23.262357,77.459989,Metropolitian ,4.530138686544143,Short
8154,17.458998,78.500366,17.518998,78.560366,Other,9.219708856173831,Medium
8155,25.450329,81.834279,25.530329,81.914279,Urban ,11.98362694208327,Medium
8156,15.576683,73.75575,15.596683,73.77575,Urban ,3.087779183156247,Short
8157,22.308096,73.167753,22.388096,73.247753,Other,12.117036432265767,Medium
8158,30.893234,75.82172,31.023234,75.95172,Urban ,19.04256388774231,Long
8159,22.538999,88.322337,22.548999,88.332337,Metropolitian ,1.5136443701725657,Short
8160,23.351058,85.325731,23.441058,85.415731,Urban ,13.583460272389104,Medium
8161,30.899584,75.809346,30.959584,75.869346,Urban ,8.78999388821589,Medium
8162,27.201725,78.007553,27.281725,78.087553,Other,11.903052166893104,Medium
8163,27.157772,78.04725,27.237772,78.12725,Urban ,11.90512635589496,Medium
8164,26.47,80.35,26.56,80.44,Urban ,13.429131650089202,Medium
8165,9.957144,76.296783,10.007144,76.346783,Urban ,7.803382235349419,Medium
8166,30.895817,75.813112,30.965817,75.883112,Metropolitian ,10.254936646815445,Medium
8167,23.234631,77.401663,23.304631,77.471663,Metropolitian ,10.569514785453496,Medium
8168,22.751857,75.866699,22.801857,75.916699,Other,7.562317945109373,Medium
8169,12.979096,77.640625,13.059096,77.720625,Other,12.41963411406132,Medium
8170,30.346994,78.062543,30.406994,78.122543,Metropolitian ,8.811388218295587,Medium
8171,23.357804,85.325146,23.377804,85.345146,Other,3.01884125862851,Short
8172,12.284747,76.625861,12.354747,76.695861,Urban ,10.881731319465594,Medium
8173,21.173343,72.792731,21.183343,72.802731,Urban ,1.5203573134015245,Short
8174,18.530963,73.828972,18.610963,73.908972,Urban ,12.257118233178526,Medium
8175,30.899584,75.809346,30.959584,75.869346,Metropolitian ,8.78999388821589,Medium
8176,-27.158822,-78.045359,27.248822,78.135359,Urban ,17663.04592693709,Very Long
8177,9.970717,76.285447,10.000717,76.315447,Urban ,4.682004086722838,Short
8178,19.876428,75.364792,20.006428,75.494792,Metropolitian ,19.839542464709584,Long
8179,30.899992,75.831338,30.919992,75.851338,Metropolitian ,2.930252503675757,Short
8180,12.326356,76.619103,12.406356,76.699103,Urban ,12.435183278612342,Medium
8181,11.008638,76.984311,11.038638,77.014311,Other,4.674280112157594,Short
8182,12.337978,76.616792,12.387978,76.666792,Urban ,7.772038818805788,Medium
8183,22.514688,88.393294,22.604688,88.483294,Metropolitian ,13.622085234490497,Medium
8184,30.340722,78.060221,30.380722,78.100221,Metropolitian ,5.874676135350877,Medium
8185,21.173343,72.792731,21.303343,72.922731,Urban ,19.760907746585524,Long
8186,11.010375,76.95295,11.060375,77.00295,Urban ,7.790314135591803,Medium
8187,25.45235,81.841889,25.47235,81.861889,Urban ,2.9962199455461738,Short
8188,21.170798,72.790489,21.300798,72.920489,Other,19.761066328271667,Long
8189,18.51421,73.838429,18.56421,73.888429,Urban ,7.661373718933882,Medium
8190,18.927584,72.832585,18.997584,72.902585,Other,10.713210764297369,Medium
8191,26.846156,75.8023,26.856156,75.8123,Other,1.4901739564931824,Short
8192,12.935662,77.61413,12.945662,77.62413,Other,1.552692945660692,Short
8193,22.311603,73.165012,22.391603,73.245012,Urban ,12.116895848185973,Medium
8194,23.359033,85.325347,23.369033,85.335347,Semi-Urban ,1.5094402621801488,Short
8195,19.091458,72.827808,19.101458,72.837808,Other,1.5298767913552258,Short
8196,18.927584,72.832585,18.987584,72.892585,Urban ,9.182882169249904,Medium
8197,19.065838,72.832658,19.155838,72.922658,Other,13.768325585875342,Medium
8198,26.766536,75.837333,26.876536,75.947333,Other,16.39381188080044,Long
8199,12.978453,77.643685,13.028453,77.693685,Other,7.762510040102086,Medium
8200,19.875016,75.322405,19.915016,75.362405,Metropolitian ,6.1053162108238235,Medium
8201,12.970324,77.645748,13.040324,77.715748,Urban ,10.867473945951607,Medium
8202,30.335259,78.053162,30.465259,78.183162,Metropolitian ,19.08939857350664,Long
8203,10.003064,76.307589,10.063064,76.367589,Metropolitian ,9.363335625303595,Medium
8204,17.429585,78.392621,17.509585,78.472621,Urban ,12.29356968829498,Medium
8205,22.547186,88.35068,22.587186,88.39068,Urban ,6.054108966391283,Medium
8206,26.469003,80.316344,26.529003,80.376344,Urban ,8.95330926779881,Medium
8207,26.481547,80.299775,26.541547,80.359775,Metropolitian ,8.952874565652438,Medium
8208,23.333017,85.3172,23.393017,85.3772,Other,9.056672984546305,Medium
8209,25.450317,81.831681,25.560317,81.941681,Metropolitian ,16.47656316910433,Long
8210,22.722634,75.886959,22.792634,75.956959,Other,10.587929946826758,Medium
8211,22.577821,88.400581,22.647821,88.470581,Urban ,10.593074871169927,Medium
8212,19.1813,72.836191,19.3113,72.966191,Semi-Urban ,19.87987067737402,Long
8213,27.157772,78.04725,27.197772,78.08725,Urban ,5.953034972417382,Medium
8214,18.536718,73.830327,18.646718,73.940327,Other,16.85256546542981,Long
8215,30.902872,75.826808,31.012872,75.936808,Metropolitian ,16.112965527489948,Long
8216,17.422819,78.449578,17.482819,78.509578,Urban ,9.22058182648005,Medium
8217,9.957144,76.296783,10.087144,76.426783,Urban ,20.28756188228953,Long
8218,12.972793,80.249982,13.012793,80.289982,Urban ,6.210137965623703,Medium
8219,19.879631,75.323403,19.949631,75.393403,Urban ,10.683681596028231,Medium
8220,25.45235,81.841889,25.50235,81.891889,Metropolitian ,7.49013024761226,Medium
8221,19.874103,75.368419,19.984103,75.478419,Other,16.78792035131656,Long
8222,19.103249,72.846749,19.163249,72.906749,Urban ,9.178296996538945,Medium
8223,26.481547,80.299775,26.571547,80.389775,Metropolitian ,13.428531141453002,Medium
8224,18.520016,73.830547,18.580016,73.890547,Other,9.193373039577615,Medium
8225,26.473698,80.352677,26.553698,80.432677,Other,11.937066310217226,Medium
8226,19.1093,72.825451,19.1793,72.895451,Other,10.707675026485889,Medium
8227,30.914057,75.83982,30.964057,75.88982,Urban ,7.324687362706641,Medium
8228,10.000706,76.349516,10.050706,76.399516,Urban ,7.802866992750161,Medium
8229,22.552672,88.352885,22.612672,88.412885,Urban ,9.080693652587582,Medium
8230,25.457687,81.835585,25.517687,81.895585,Metropolitian ,8.987809183517864,Medium
8231,19.875522,75.367127,19.985522,75.477127,Urban ,16.787849624233306,Long
8232,15.49395,73.827423,15.53395,73.867423,Urban ,6.176608482718789,Medium
8233,-15.576683,73.75575,15.596683,73.77575,Metropolitian ,3466.3208413450748,Very Long
8234,25.45235,81.841889,25.59235,81.981889,Metropolitian ,20.968834115273037,Long
8235,25.454648,81.834502,25.524648,81.904502,Metropolitian ,10.485700419067037,Medium
8236,19.880256,75.323503,19.920256,75.363503,Urban ,6.105221374384867,Medium
8237,22.695207,75.866059,22.755207,75.926059,Other,9.076358225887306,Medium
8238,11.008638,76.984311,11.048638,77.024311,Semi-Urban ,6.232321450753127,Medium
8239,26.956431,75.776649,27.066431,75.886649,Other,16.3815985933698,Long
8240,27.157772,78.04725,27.267772,78.15725,Metropolitian ,16.368574783912262,Long
8241,30.361281,78.068022,30.381281,78.088022,Metropolitian ,2.937202765995363,Short
8242,13.064181,80.236442,13.144181,80.316442,Other,12.417550916012667,Medium
8243,30.893081,75.821495,31.023081,75.951495,Metropolitian ,19.042576813839357,Long
8244,23.211529,77.419399,23.261529,77.469399,Urban ,7.550511557032621,Medium
8245,12.970221,77.645396,13.050221,77.725396,Semi-Urban ,12.41985066025304,Medium
8246,21.173343,72.792731,21.213343,72.832731,Other,6.081142187745758,Medium
8247,11.02091,76.940432,11.06091,76.980432,Urban ,6.2321937230153095,Medium
8248,12.970221,77.645396,13.010221,77.685396,Other,6.210169290102345,Medium
8249,30.914057,75.83982,30.994057,75.91982,Metropolitian ,11.718719558712303,Medium
8250,21.160522,72.771477,21.250522,72.861477,Urban ,13.682044526080338,Medium
8251,19.875016,75.322405,19.965016,75.412405,Metropolitian ,13.73594217639658,Medium
8252,30.893384,75.821202,30.963384,75.891202,Metropolitian ,10.255047254704055,Medium
8253,23.218998,77.373573,23.258998,77.413573,Metropolitian ,6.040358133773882,Medium
8254,19.878028,75.317475,19.898028,75.337475,Urban ,3.0527213573337035,Short
8255,26.463504,80.372929,26.573504,80.482929,Urban ,16.41315971109844,Long
8256,19.874449,75.360232,19.894449,75.380232,Urban ,3.0527537281357566,Short
8257,-19.875908,75.358888,19.935908,75.418888,Metropolitian ,4426.876783204288,Very Long
8258,27.160934,78.044095,27.230934,78.114095,Urban ,10.417061581464,Medium
8259,25.450329,81.834279,25.510329,81.894279,Metropolitian ,8.98805620007031,Medium
8260,18.994237,72.825553,19.034237,72.865553,Other,6.120938502923711,Medium
8261,13.045479,80.23311,13.085479,80.27311,Other,6.209250269757536,Medium
8262,18.927584,72.832585,18.987584,72.892585,Other,9.182882169249904,Medium
8263,25.450317,81.831681,25.490317,81.871681,Metropolitian ,5.992261608063029,Medium
8264,26.88842,75.800689,26.99842,75.910689,Urban ,16.38598063528595,Long
8265,-26.479108,80.315042,26.519108,80.355042,Metropolitian ,5893.134297463652,Very Long
8266,12.321214,76.621094,12.371214,76.671094,Other,7.772282029629256,Medium
8267,12.321214,76.621094,12.381214,76.681094,Urban ,9.326651352175686,Medium
8268,22.310526,73.170937,22.420526,73.280937,Urban ,16.659963190056956,Long
8269,22.515082,88.36783,22.545082,88.39783,Metropolitian ,4.5411437905165455,Short
8270,11.008638,76.984311,11.028638,77.004311,Urban ,3.1162127416120886,Short
8271,13.086438,80.220672,13.196438,80.330672,Semi-Urban ,17.07287190639919,Long
8272,10.027014,76.308053,10.097014,76.378053,Metropolitian ,10.923410046632718,Medium
8273,30.895204,75.822103,30.965204,75.892103,Urban ,10.254964515316392,Medium
8274,15.496162,73.825364,15.536162,73.865364,Metropolitian ,6.1765766119532595,Medium
8275,17.450851,78.379347,17.470851,78.399347,Other,3.0734628038685763,Short
8276,26.921411,75.793604,27.031411,75.903604,Other,16.383856071848488,Long
8277,17.451976,78.385883,17.531976,78.465883,Urban ,12.292848945038156,Medium
8278,12.321214,76.621094,12.451214,76.751094,Semi-Urban ,20.206420943723945,Long
8279,18.994049,72.825203,19.104049,72.935203,Urban ,16.83091454995539,Long
8280,17.438263,78.397865,17.458263,78.417865,Urban ,3.073563962914452,Short
8281,15.544419,73.755736,15.554419,73.765736,Urban ,1.5440242505070303,Short
8282,12.323225,76.630028,12.383225,76.690028,Urban ,9.326616348119142,Medium
8283,30.366322,78.070453,30.426322,78.130453,Metropolitian ,8.810644611773109,Medium
8284,22.310237,73.158921,22.320237,73.168921,Other,1.5147941817696424,Short
8285,18.569156,73.774723,18.579156,73.784723,Other,1.532126284558822,Short
8286,18.520016,73.830547,18.590016,73.900547,Urban ,10.725453068738984,Medium
8287,-9.982834,76.283268,10.042834,76.343268,Metropolitian ,2226.7625770057844,Very Long
8288,15.56155,73.749092,15.60155,73.789092,Metropolitian ,6.175632572234411,Medium
8289,18.520016,73.830547,18.600016,73.910547,Urban ,12.257490517738725,Medium
8290,30.893081,75.821495,30.903081,75.831495,Urban ,1.4652035676629849,Short
8291,25.45235,81.841889,25.59235,81.981889,Urban ,20.968834115273037,Long
8292,30.895817,75.813112,30.905817,75.823112,Urban ,1.465185811092148,Short
8293,30.895204,75.822103,30.975204,75.902103,Urban ,11.71969942582845,Medium
8294,9.985497,76.276999,10.015497,76.306999,Other,4.6818993083058436,Short
8295,12.979096,77.640625,13.069096,77.730625,Other,13.971950882977819,Medium
8296,26.911927,75.797282,27.021927,75.907282,Urban ,16.38446703586354,Long
8297,12.284747,76.625861,12.394747,76.735861,Semi-Urban ,17.099225478911954,Long
8298,13.081878,80.248519,13.191878,80.358519,Urban ,17.073026289642574,Long
8299,13.058616,80.264151,13.078616,80.284151,Urban ,3.104605953841143,Short
8300,26.49095,80.318656,26.60095,80.428656,Metropolitian ,16.411414574979332,Long
8301,-30.895817,75.813112,30.905817,75.823112,Other,6872.0282402088105,Very Long
8302,22.577821,88.400581,22.627821,88.450581,Other,7.566735256301084,Medium
8303,21.186884,72.793616,21.236884,72.843616,Urban ,7.600983953739471,Medium
8304,11.022169,76.999594,11.072169,77.049594,Other,7.790160607220327,Medium
8305,-26.474133,80.3481,26.604133,80.4781,Urban ,5902.050311866995,Very Long
8306,26.474986,80.342796,26.614986,80.482796,Metropolitian ,20.88733123478813,Long
8307,12.310972,76.659264,12.420972,76.769264,Other,17.098388556624265,Long
8308,12.978453,77.643685,13.058453,77.723685,Other,12.41964980772783,Medium
8309,-23.235123,77.398886,23.345123,77.508886,Metropolitian ,5179.500675038418,Very Long
8310,15.506205,73.766668,15.596205,73.856668,Urban ,13.896159346529231,Medium
8311,25.45235,81.841889,25.52235,81.911889,Urban ,10.485790436289298,Medium
8312,30.914057,75.83982,30.944057,75.86982,Urban ,4.395007361328904,Short
8313,22.553227,88.353273,22.633227,88.433273,Urban ,12.107164214711837,Medium
8314,30.89286,75.822199,31.03286,75.962199,Urban ,20.506954885362845,Long
8315,-19.876994,75.372353,20.006994,75.502353,Metropolitian ,4434.919719051925,Very Long
8316,23.354422,85.3329,23.374422,85.3529,Other,3.0188764660304765,Short
8317,22.308096,73.167753,22.398096,73.257753,Urban ,13.631440268080997,Medium
8318,26.471617,80.313564,26.481617,80.323564,Urban ,1.492347495243405,Short
8319,13.081878,80.248519,13.161878,80.328519,Other,12.417115998944281,Medium
8320,17.422819,78.449578,17.552819,78.579578,Other,19.97609532002446,Long
8321,19.875522,75.367127,19.885522,75.377127,Urban ,1.5263946243577553,Short
8322,11.003681,76.975525,11.033681,77.005525,Other,4.674318760489688,Short
8323,10.028047,76.310019,10.078047,76.360019,Urban ,7.802542492622434,Medium
8324,-30.892978,75.821847,30.902978,75.831847,Metropolitian ,6871.396875424439,Very Long
8325,15.49395,73.827423,15.57395,73.907423,Urban ,12.352639858960428,Medium
8326,12.352058,76.60665,12.392058,76.64665,Other,6.217525604923989,Medium
8327,30.346994,78.062543,30.406994,78.122543,Urban ,8.811388218295587,Medium
8328,22.552672,88.352885,22.592672,88.392885,Urban ,6.053998077148439,Medium
8329,22.722634,75.886959,22.792634,75.956959,Urban ,10.587929946826758,Medium
8330,26.892312,75.806896,26.942312,75.856896,Other,7.44893737972967,Medium
8331,19.874449,75.360232,19.914449,75.400232,Metropolitian ,6.105326471369786,Medium
8332,-15.546594,73.760431,15.616594,73.830431,Metropolitian ,3465.196929044362,Very Long
8333,12.284747,76.625861,12.294747,76.635861,Urban ,1.5546198107730695,Short
8334,9.959778,76.296106,9.979778,76.316106,Urban ,3.12141128582804,Short
8335,13.022394,80.242439,13.152394,80.372439,Urban ,20.17918820668895,Long
8336,-23.232537,77.429845,23.292537,77.489845,Metropolitian ,5173.3562535365545,Very Long
8337,30.885915,75.788259,31.025915,75.928259,Metropolitian ,20.507586780933565,Long
8338,26.471529,80.313458,26.561529,80.403458,Urban ,13.42905214553439,Medium
8339,15.585658,73.743606,15.605658,73.763606,Metropolitian ,3.0877142298264055,Short
8340,22.577821,88.400581,22.687821,88.510581,Urban ,16.645145383444188,Long
8341,21.149834,72.778666,21.209834,72.838666,Urban ,9.122100805601539,Medium
8342,13.027018,80.254791,13.097018,80.324791,Other,10.86626186071393,Medium
8343,19.176269,72.836721,19.206269,72.866721,Urban ,4.588387206077976,Short
8344,12.914264,77.6784,13.004264,77.7684,Urban ,13.973727486522742,Medium
8345,-22.514585,88.39331,22.554585,88.43331,Metropolitian ,5011.464923008177,Very Long
8346,22.74806,75.8934,22.83806,75.9834,Other,13.611428630407518,Medium
8347,-15.157944,73.950889,15.247944,74.040889,Metropolitian ,3380.9949473756446,Very Long
8348,12.299524,76.64262,12.339524,76.68262,Urban ,6.218134914911243,Medium
8349,30.372202,78.077151,30.482202,78.187151,Metropolitian ,16.150667360476962,Long
8350,21.149834,72.778666,21.179834,72.808666,Urban ,4.561265632840908,Short
8351,30.372202,78.077151,30.382202,78.087151,Urban ,1.4685634332717812,Short
8352,23.232357,77.429989,23.322357,77.519989,Metropolitian ,13.589015006159725,Medium
8353,30.88722,75.804893,30.90722,75.824893,Urban ,2.9304182995321613,Short
8354,22.538731,88.364878,22.668731,88.494878,Metropolitian ,19.673449050938544,Long
8355,19.876994,75.372353,20.006994,75.502353,Metropolitian ,19.83950910656214,Long
8356,-17.426228,-78.407495,17.486228,78.467495,Urban ,17563.636017289333,Very Long
8357,19.879631,75.323403,19.989631,75.433403,Urban ,16.78764479438721,Long
8358,30.88722,75.804893,31.01722,75.934893,Metropolitian ,19.04307194193591,Long
8359,26.483672,80.320708,26.513672,80.350708,Metropolitian ,4.4766605007382445,Short
8360,11.022298,76.998349,11.032298,77.008349,Other,1.558083864052165,Short
8361,26.956431,75.776649,27.036431,75.856649,Urban ,11.914594077317831,Medium
8362,25.459775,81.834841,25.499775,81.874841,Urban ,5.992049991557103,Medium
8363,22.32,73.17,22.33,73.18,Other,1.5147453171158403,Short
8364,25.450317,81.831681,25.590317,81.971681,Urban ,20.968993556154878,Long
8365,25.450317,81.831681,25.530317,81.911681,Urban ,11.9836274793308,Medium
8366,-22.547186,88.35068,22.607185,88.41068,Metropolitian ,5020.941171784048,Very Long
8367,19.874449,75.360232,19.914449,75.400232,Urban ,6.105326471369786,Medium
8368,18.543626,73.905101,18.633626,73.995101,Other,13.78858157014102,Medium
8369,23.184992,77.417227,23.234992,77.467227,Urban ,7.551198610039752,Medium
8370,15.516833,73.768172,15.556833,73.808172,Urban ,6.176278576009355,Medium
8371,19.1093,72.825451,19.1593,72.875451,Urban ,7.648557947934951,Medium
8372,10.006881,76.345397,10.076881,76.415397,Urban ,10.92374498616851,Medium
8373,26.481547,80.299775,26.611547,80.429775,Metropolitian ,19.395262229985597,Long
8374,30.893244,75.821817,31.023244,75.951817,Metropolitian ,19.04256304289868,Long
8375,30.902872,75.826808,30.932872,75.856808,Urban ,4.39522525342737,Short
8376,12.979166,77.640709,12.989166,77.650709,Other,1.552560770108671,Short
8377,26.49095,80.318656,26.60095,80.428656,Urban ,16.411414574979332,Long
8378,30.340722,78.060221,30.370722,78.090221,Urban ,4.406103256823271,Short
8379,26.463504,80.372929,26.473504,80.382929,Metropolitian ,1.4923943072075174,Short
8380,19.876219,75.346017,20.006219,75.476017,Metropolitian ,19.839554782256076,Long
8381,17.411028,78.329645,17.541028,78.459645,Urban ,19.976712110349872,Long
8382,26.891191,75.802083,26.981191,75.892083,Semi-Urban ,13.407092693002163,Medium
8383,30.885915,75.788259,30.945915,75.848259,Metropolitian ,8.79052644404577,Medium
8384,13.044694,80.26147,13.114694,80.33147,Urban ,10.86588292776456,Medium
8385,19.207222,72.972281,19.267222,73.032281,Other,9.17556515700711,Medium
8386,27.161694,78.034714,27.221694,78.094714,Urban ,8.929060012159653,Medium
8387,21.175975,72.795503,21.235975,72.855503,Other,9.121350389794129,Medium
8388,23.218998,77.373573,23.298998,77.453573,Urban ,12.07988641881922,Medium
8389,13.091809,80.219104,13.121809,80.249104,Other,4.6565575795105785,Short
8390,-30.346994,78.062543,30.396994,78.112543,Metropolitian ,6754.425359495007,Very Long
8391,19.103249,72.846749,19.173249,72.916749,Urban ,10.707860128480785,Medium
8392,17.483216,78.552111,17.523216,78.592111,Urban ,6.146243658393976,Medium
8393,13.049645,80.242268,13.119645,80.312268,Semi-Urban ,10.865776701899593,Medium
8394,25.453436,81.833167,25.583436,81.963167,Metropolitian ,19.471345836350434,Long
8395,12.299524,76.64262,12.329524,76.67262,Other,4.663644606869416,Short
8396,22.539129,88.365507,22.579129,88.405507,Urban ,6.054271781604466,Medium
8397,22.527893,88.368628,22.657893,88.498628,Urban ,19.67416179823941,Long
8398,23.351058,85.325731,23.421058,85.395731,Other,10.56527857058105,Medium
8399,10.994136,76.963303,11.064136,77.033303,Urban ,10.906553214978015,Medium
8400,30.88722,75.804893,30.89722,75.814893,Urban ,1.4652416016163858,Short
8401,30.895817,75.813112,31.035817,75.953112,Urban ,20.506685809982432,Long
8402,22.539129,88.365507,22.549129,88.375507,Metropolitian ,1.5136437138942667,Short
8403,22.552996,88.35231,22.562996,88.36231,Urban ,1.5135736903737425,Short
8404,17.424114,78.347554,17.494114,78.417554,Other,10.75716827731576,Medium
8405,30.335259,78.053162,30.405259,78.123162,Urban ,10.28025496348197,Medium
8406,11.022169,76.999594,11.062169,77.039594,Other,6.232180611484738,Medium
8407,-18.592718,-73.773572,18.672718,73.853572,Urban ,16608.8184840029,Very Long
8408,30.335259,78.053162,30.365259,78.083162,Urban ,4.406208261254435,Short
8409,22.760072,75.892574,22.870072,76.002574,Urban ,16.63495545420935,Long
8410,-26.481547,80.299775,26.551547,80.369775,Metropolitian ,5897.015761897919,Very Long
8411,15.576683,73.75575,15.666683,73.84575,Metropolitian ,13.893864730523024,Medium
8412,21.175104,72.804342,21.195104,72.824342,Other,3.040649953439087,Short
8413,11.021278,76.995017,11.031278,77.005017,Other,1.558086516247252,Short
8414,10.028047,76.310019,10.118047,76.400019,Urban ,14.044147682129882,Medium
8415,27.201725,78.007553,27.271725,78.077553,Urban ,10.41537739869493,Medium
8416,-26.471529,80.313458,26.551529,80.393458,Metropolitian ,5895.901269599693,Very Long
8417,10.006881,76.345397,10.136881,76.475397,Other,20.286025937858113,Long
8418,30.88722,75.804893,30.90722,75.824893,Metropolitian ,2.9304182995321613,Short
8419,19.221315,72.862381,19.331315,72.972381,Semi-Urban ,16.819978764211022,Long
8420,30.905562,75.832841,30.995562,75.922841,Urban ,13.183763612802506,Medium
8421,10.035573,76.336958,10.075573,76.376958,Metropolitian ,6.242010014711725,Medium
8422,26.913483,75.803139,26.973483,75.863139,Urban ,8.937806252924398,Medium
8423,15.556561,73.763633,15.586561,73.793633,Urban ,4.631832797587399,Short
8424,10.028047,76.310019,10.098047,76.380019,Metropolitian ,10.92339284366815,Medium
8425,19.875908,75.358888,19.965908,75.448888,Urban ,13.73590581538071,Medium
8426,11.010375,76.95295,11.030375,76.97295,Urban ,3.1162037143241816,Short
8427,-22.514119,88.362504,22.624119,88.472504,Metropolitian ,5019.157188072987,Very Long
8428,12.933298,77.614293,13.013298,77.694293,Other,12.42075005031394,Medium
8429,19.207222,72.972281,19.257222,73.022281,Other,7.6464141030690085,Medium
8430,9.982834,76.283268,10.112834,76.413268,Urban ,20.286769465746985,Long
8431,9.991703,76.293136,10.071703,76.373136,Other,12.484473082437827,Medium
8432,12.979096,77.640625,13.089096,77.750625,Urban ,17.07649249561196,Long
8433,27.160832,78.011608,27.290832,78.141608,Urban ,19.34367674754589,Long
8434,12.913041,77.683237,13.003041,77.773237,Semi-Urban ,13.973760919163853,Medium
8435,26.483042,80.317833,26.493042,80.327833,Urban ,1.4922815535969156,Short
8436,17.410371,78.437225,17.490371,78.517225,Urban ,12.294187491091142,Medium
8437,12.352058,76.60665,12.372058,76.62665,Urban ,3.1088209178697257,Short
8438,30.335259,78.053162,30.395259,78.113162,Urban ,8.811839531570051,Medium
8439,26.849596,75.800512,26.979596,75.930512,Other,19.36744052557795,Long
8440,12.3085,76.665808,12.3885,76.745808,Urban ,12.435597855540365,Medium
8441,19.876106,75.340775,19.886106,75.350775,Other,1.5263919839634295,Short
8442,22.311844,73.165081,22.401844,73.255081,Urban ,13.631271209070386,Medium
8443,12.949934,77.699386,12.969934,77.719386,Other,3.1052688831334736,Short
8444,26.463504,80.372929,26.553504,80.462929,Urban ,13.429469386591657,Medium
8445,11.025083,77.015393,11.065083,77.055393,Other,6.2321502588297575,Medium
8446,23.264015,77.408236,23.274015,77.418236,Metropolitian ,1.5099339507379008,Short
8447,22.539129,88.365507,22.669129,88.495507,Urban ,19.67342287138614,Long
8448,22.310526,73.170937,22.440526,73.300937,Urban ,19.688394563497447,Long
8449,11.001852,76.976268,11.131852,77.106268,Semi-Urban ,20.253748386838318,Long
8450,22.722634,75.886959,22.772634,75.936959,Urban ,7.563061700786225,Medium
8451,12.337928,76.617889,12.357928,76.637889,Other,3.108902919167669,Short
8452,9.985497,76.276999,10.025497,76.316999,Metropolitian ,6.2424850734742945,Medium
8453,26.473698,80.352677,26.583698,80.462677,Metropolitian ,16.412511700610096,Long
8454,12.323994,76.626167,12.393994,76.696167,Urban ,10.880935113345211,Medium
8455,30.885814,75.786976,30.975814,75.876976,Metropolitian ,13.184918189760978,Medium
8456,23.214294,77.435361,23.254294,77.475361,Metropolitian ,6.040455612192288,Medium
8457,27.158822,78.045359,27.298822,78.185359,Metropolitian ,20.83140426880117,Long
8458,18.543626,73.905101,18.573626,73.935101,Urban ,4.596576884052145,Short
8459,13.029198,77.570997,13.059198,77.600997,Other,4.657133018843544,Short
8460,19.874103,75.368419,19.964103,75.458419,Metropolitian ,13.735979391940466,Medium
8461,26.483042,80.317833,26.513042,80.347833,Urban ,4.476671414527099,Short
8462,15.585658,73.743606,15.665658,73.823606,Metropolitian ,12.349986855290023,Medium
8463,22.552996,88.35231,22.632996,88.43231,Urban ,12.107173561422911,Medium
8464,22.745536,75.893106,22.795536,75.943106,Other,7.562478890452358,Medium
8465,21.186884,72.793616,21.216884,72.823616,Urban ,4.5607340557692995,Short
8466,12.311072,76.654878,12.351072,76.694878,Urban ,6.218001190187312,Medium
8467,26.913483,75.803139,26.953483,75.843139,Other,5.958771662511033,Medium
8468,27.165108,78.015053,27.205108,78.055053,Metropolitian ,5.952862067505835,Medium
8469,27.161661,78.011544,27.301661,78.151544,Metropolitian ,20.831169740391715,Long
8470,9.982834,76.283268,10.052834,76.353268,Other,10.92414418404851,Medium
8471,26.849596,75.800512,26.979596,75.930512,Urban ,19.36744052557795,Long
8472,22.310237,73.158921,22.350237,73.198921,Semi-Urban ,6.058876303739538,Medium
8473,30.893234,75.82172,30.943234,75.87172,Urban ,7.325363522877596,Medium
8474,30.335259,78.053162,30.425259,78.143162,Metropolitian ,13.21689320542775,Medium
8475,15.516833,73.768172,15.556833,73.808172,Metropolitian ,6.176278576009355,Medium
8476,25.443994,81.860187,25.463994,81.880187,Metropolitian ,2.996313374961318,Short
8477,-15.56155,73.749092,15.65155,73.839092,Metropolitian ,3470.7524341118647,Very Long
8478,21.149669,72.772629,21.159669,72.782629,Urban ,1.5204704557277704,Short
8479,26.956431,75.776649,27.036431,75.856649,Semi-Urban ,11.914594077317831,Medium
8480,19.878028,75.317475,19.888028,75.327475,Urban ,1.5263832936831832,Short
8481,26.902908,75.792934,26.992908,75.882934,Other,13.40647565432987,Medium
8482,-19.091458,72.827808,19.121458,72.857808,Urban ,4249.083652037927,Very Long
8483,22.527893,88.368628,22.657893,88.498628,Metropolitian ,19.67416179823941,Long
8484,19.876428,75.364792,19.896428,75.384792,Metropolitian ,3.052735829416948,Short
8485,25.451517,81.832616,25.461517,81.842616,Urban ,1.498142588598348,Short
8486,12.337928,76.617889,12.367928,76.647889,Other,4.663310851898982,Short
8487,10.96185,76.971082,11.05185,77.061082,Other,14.02323208308413,Medium
8488,30.893384,75.821202,30.973384,75.901202,Metropolitian ,11.719793996061382,Medium
8489,21.17106,72.789292,21.22106,72.839292,Urban ,7.601362669751016,Medium
8490,19.875908,75.358888,19.985908,75.468888,Urban ,16.787830384095233,Long
8491,26.90519,75.810753,27.04519,75.950753,Urban ,20.85227883430338,Long
8492,27.16185,78.040165,27.23185,78.110165,Other,10.417023783380408,Medium
8493,11.022169,76.999594,11.102169,77.079594,Urban ,12.463943835956876,Medium
8494,30.893234,75.82172,31.033234,75.96172,Other,20.506920853845756,Long
8495,11.022298,76.998349,11.102298,77.078349,Other,12.463941144205046,Medium
8496,26.90519,75.810753,26.92519,75.830753,Other,2.979599835600388,Short
8497,26.891191,75.802083,26.931191,75.842083,Other,5.959293109821584,Medium
8498,22.538731,88.364878,22.618731,88.444878,Urban ,12.107750592114119,Medium
8499,18.516216,73.842527,18.576216,73.902527,Urban ,9.193469879776085,Medium
8500,26.49095,80.318656,26.51095,80.338656,Metropolitian ,2.984414040468754,Short
8501,27.161661,78.011544,27.171661,78.021544,Metropolitian ,1.48832422044339,Short
8502,12.906229,77.596791,12.926229,77.616791,Urban ,3.1055339788857887,Short
8503,27.160832,78.011608,27.210832,78.061608,Urban ,7.441056176509003,Medium
8504,11.025083,77.015393,11.035083,77.025393,Urban ,1.5580766213089028,Short
8505,23.230791,77.43702,23.290791,77.49702,Metropolitian ,9.05985928571233,Medium
8506,25.451517,81.832616,25.511517,81.892616,Metropolitian ,8.988016321480938,Medium
8507,11.008638,76.984311,11.018638,76.994311,Other,1.5581193629490961,Short
8508,9.985497,76.276999,10.005497,76.296999,Urban ,3.121289858433525,Short
8509,22.514119,88.362504,22.644119,88.492504,Urban ,19.675067204081714,Long
8510,12.299524,76.64262,12.349524,76.69262,Other,7.772596236164969,Medium
8511,30.327968,78.046106,30.407968,78.126106,Metropolitian ,11.748980070213381,Medium
8512,19.12663,72.829976,19.23663,72.939976,Urban ,16.82454910007528,Long
8513,18.533811,73.899315,18.593811,73.959315,Other,9.193021332844006,Medium
8514,23.371292,85.327872,23.501292,85.457872,Other,19.61782456145108,Long
8515,15.157944,73.950889,15.267944,74.060889,Other,16.997489196413778,Long
8516,26.47775,80.351569,26.54775,80.421569,Urban ,10.444971530234914,Medium
8517,19.875908,75.358888,19.945908,75.428888,Urban ,10.68379959273745,Medium
8518,26.914142,75.805704,26.934142,75.825704,Other,2.9794951426842973,Short
8519,13.081878,80.248519,13.131878,80.298519,Other,7.760928146684985,Medium
8520,21.186608,72.794136,21.316608,72.924136,Semi-Urban ,19.76008092047381,Long
8521,30.893384,75.821202,30.973384,75.901202,Urban ,11.719793996061382,Medium
8522,21.149834,72.778666,21.159834,72.788666,Other,1.5204696675472833,Short
8523,-10.96185,-76.971082,11.09185,77.101082,Metropolitian ,17186.13548145906,Very Long
8524,26.47775,80.351569,26.49775,80.371569,Metropolitian ,2.984566468605804,Short
8525,26.90294,75.793007,26.92294,75.813007,Other,2.9796261448298735,Short
8526,-25.457687,81.835585,25.527687,81.905585,Metropolitian ,5669.319907787353,Very Long
8527,25.453436,81.833167,25.493436,81.873167,Metropolitian ,5.992191829585988,Medium
8528,10.006881,76.345397,10.056881,76.395397,Metropolitian ,7.80279377922808,Medium
8529,22.31279,73.170283,22.39279,73.250283,Other,12.116848260956994,Medium
8530,12.970221,77.645396,13.040221,77.715396,Urban ,10.86747614344571,Medium
8531,-15.506205,73.766668,15.536205,73.796668,Urban ,3451.760075110313,Very Long
8532,23.232357,77.429989,23.322357,77.519989,Urban ,13.589015006159725,Medium
8533,19.875522,75.367127,20.005522,75.497127,Urban ,19.839595859560124,Long
8534,23.374878,85.335739,23.484878,85.445739,Urban ,16.600066636057907,Long
8535,26.481547,80.299775,26.551547,80.369775,Urban ,10.444817974537871,Medium
8536,30.893081,75.821495,30.913081,75.841495,Urban ,2.9303422228166385,Short
8537,19.880256,75.323503,19.900256,75.343503,Urban ,3.0527012032274787,Short
8538,30.327968,78.046106,30.377968,78.096106,Urban ,7.343593509992689,Medium
8539,22.725835,75.887648,22.775835,75.937648,Urban ,7.562980271914304,Medium
8540,26.469003,80.316344,26.599003,80.446344,Urban ,19.396205079472143,Long
8541,30.893384,75.821202,31.033384,75.961202,Urban ,20.506907204759138,Long
8542,17.422819,78.449578,17.552819,78.579578,Urban ,19.97609532002446,Long
8543,11.024839,77.007003,11.094839,77.077003,Other,10.905993510336524,Medium
8544,22.31279,73.170283,22.33279,73.190283,Urban ,3.0295127511631836,Short
8545,22.751857,75.866699,22.801857,75.916699,Urban ,7.562317945109373,Medium
8546,26.482581,80.315628,26.512581,80.345628,Metropolitian ,4.47667940051783,Short
8547,22.569358,88.433452,22.679358,88.543452,Metropolitian ,16.64561685913484,Long
8548,23.230791,77.43702,23.340791,77.54702,Other,16.608314041982428,Long
8549,9.979363,76.285001,10.029363,76.335001,Other,7.803119706575014,Medium
8550,22.53796,88.349843,22.62796,88.439843,Urban ,13.621026777728382,Medium
8551,-15.516833,73.768172,15.606833,73.858172,Metropolitian ,3460.807869538388,Very Long
8552,27.163303,78.057044,27.213303,78.107044,Urban ,7.440983364732096,Medium
8553,19.876428,75.364792,19.926428,75.414792,Urban ,7.631500138051535,Medium
8554,15.56155,73.749092,15.57155,73.759092,Urban ,1.543962384289924,Short
8555,12.325461,76.632278,12.355461,76.662278,Other,4.663419307399412,Short
8556,17.438263,78.397865,17.548263,78.507865,Urban ,16.90260949288213,Long
8557,23.333017,85.3172,23.363017,85.3472,Urban ,4.528570754218039,Short
8558,26.891191,75.802083,27.021191,75.932083,Urban ,19.364277132208937,Long
8559,22.569358,88.433452,22.609358,88.473452,Metropolitian ,6.053660658479559,Medium
8560,19.207222,72.972281,19.217222,72.982281,Urban ,1.5293705867137957,Short
8561,12.972532,77.608179,13.062532,77.698179,Semi-Urban ,13.972131143082873,Medium
8562,17.431668,78.408321,17.511668,78.488321,Other,12.29350267444076,Medium
8563,12.906229,77.596791,12.936229,77.626791,Other,4.658255524232583,Short
8564,22.526461,88.364453,22.596461,88.434453,Metropolitian ,10.59489281818301,Medium
8565,23.184992,77.417227,23.294992,77.527227,Urban ,16.61092648528088,Long
8566,19.120083,72.907385,19.150083,72.937385,Urban ,4.5891245712574165,Short
8567,26.88842,75.800689,26.96842,75.880689,Semi-Urban ,11.917779612814194,Medium
8568,26.469003,80.316344,26.499003,80.346344,Metropolitian ,4.4769145649540185,Short
8569,19.876219,75.346017,19.906219,75.376017,Metropolitian ,4.579038716634887,Short
8570,11.003669,76.976494,11.033669,77.006494,Urban ,4.674318854029878,Short
8571,30.895817,75.813112,31.005817,75.923112,Metropolitian ,16.113469821685396,Long
8572,10.035573,76.336958,10.075573,76.376958,Urban ,6.242010014711725,Medium
8573,11.010375,76.95295,11.140375,77.08295,Semi-Urban ,20.253459166411766,Long
8574,13.058616,80.264151,13.128616,80.334151,Urban ,10.865584127340671,Medium
8575,26.47775,80.351569,26.61775,80.491569,Other,20.887107461224698,Long
8576,12.970324,77.645748,13.080324,77.755748,Urban ,17.076787116458906,Long
8577,30.893384,75.821202,30.933384,75.861202,Urban ,5.860416837896643,Medium
8578,11.022169,76.999594,11.102169,77.079594,Semi-Urban ,12.463943835956876,Medium
8579,22.514119,88.362504,22.524119,88.372504,Metropolitian ,1.5137699120814663,Short
8580,25.459775,81.834841,25.539775,81.914841,Metropolitian ,11.983203974931003,Medium
8581,13.027018,80.254791,13.057018,80.284791,Other,4.657153007153035,Short
8582,30.905562,75.832841,30.975562,75.902841,Metropolitian ,10.25449356195068,Medium
8583,30.362686,78.06889,30.412686,78.11889,Metropolitian ,7.342480856060281,Medium
8584,-26.471529,80.313458,26.511529,80.353458,Metropolitian ,5891.448805281514,Very Long
8585,21.157735,72.768778,21.217735,72.828778,Other,9.121874081415614,Medium
8586,25.449659,81.839744,25.559659,81.949744,Metropolitian ,16.476603694343236,Long
8587,12.311072,76.654878,12.401072,76.744878,Urban ,13.989849710372209,Medium
8588,23.234631,77.401663,23.274631,77.441663,Metropolitian ,6.040034059164204,Medium
8589,30.342509,78.061187,30.392509,78.111187,Metropolitian ,7.343127607684704,Medium
8590,19.880256,75.323503,19.990256,75.433503,Metropolitian ,16.787613635414363,Long
8591,19.065838,72.832658,19.095838,72.862658,Urban ,4.589834614418575,Short
8592,15.561295,73.749478,15.621295,73.809478,Urban ,9.263237193071491,Medium
8593,19.875522,75.367127,19.955522,75.447127,Urban ,12.20988938248342,Medium
8594,26.482581,80.315628,26.502581,80.335628,Urban ,2.984510689263376,Short
8595,23.264015,77.408236,23.294015,77.438236,Urban ,4.529646185416041,Short
8596,19.888716,75.321461,19.938716,75.371461,Urban ,7.631222020276632,Medium
8597,22.751234,75.88949,22.771234,75.90949,Semi-Urban ,3.0250863295462196,Short
8598,12.325461,76.632278,12.395461,76.702278,Other,10.880905305082443,Medium
8599,22.553227,88.353273,22.683227,88.483273,Metropolitian ,19.67249528098237,Long
8600,26.482419,80.320939,26.502419,80.340939,Urban ,2.9845125598688216,Short
8601,9.991703,76.293136,10.021703,76.323136,Urban ,4.681855267708863,Short
8602,19.876106,75.340775,19.896106,75.360775,Urban ,3.0527387417978322,Short
8603,-12.3085,-76.665808,12.3985,76.755808,Metropolitian ,17129.325998400956,Very Long
8604,-13.049645,-80.242268,13.129645,80.322268,Metropolitian ,17910.619203107595,Very Long
8605,30.342509,78.061187,30.382509,78.101187,Metropolitian ,5.874630328606975,Medium
8606,22.751857,75.866699,22.781857,75.896699,Other,4.537543599594834,Short
8607,22.760072,75.892574,22.850072,75.982574,Other,13.61087757567187,Medium
8608,27.158822,78.045359,27.218822,78.105359,Urban ,8.929161574977263,Medium
8609,26.483672,80.320708,26.493672,80.330708,Urban ,1.492277916765689,Short
8610,26.911927,75.797282,26.931927,75.817282,Urban ,2.979521049499676,Short
8611,9.966783,76.242981,9.976783,76.252981,Urban ,1.560700918562589,Short
8612,26.49095,80.318656,26.53095,80.358656,Metropolitian ,5.968596969709576,Medium
8613,11.025083,77.015393,11.095083,77.085393,Other,10.905989056268561,Medium
8614,21.160437,72.774209,21.240437,72.854209,Other,12.162012260679191,Medium
8615,11.016298,76.972076,11.066298,77.022076,Other,7.7902370528029685,Medium
8616,12.979166,77.640709,13.069166,77.730709,Other,13.971948960174704,Medium
8617,12.321214,76.621094,12.451214,76.751094,Other,20.206420943723945,Long
8618,30.328174,78.049117,30.348174,78.069117,Urban ,2.9376270171445893,Short
8619,22.727021,75.884167,22.837021,75.994167,Semi-Urban ,16.636808584025314,Long
8620,23.232537,77.429845,23.292537,77.489845,Other,9.059804963937486,Medium
8621,23.355164,85.324097,23.395164,85.364097,Other,6.037529176542944,Medium
8622,17.426228,78.407495,17.456228,78.437495,Other,4.610430682716122,Short
8623,17.424114,78.347554,17.434114,78.357554,Other,1.5368588631563926,Short
8624,-26.47,80.35,26.52,80.4,Metropolitian ,5892.221596224139,Very Long
8625,13.027018,80.254791,13.097018,80.324791,Semi-Urban ,10.86626186071393,Medium
8626,30.873988,75.842739,30.923988,75.892739,Metropolitian ,7.325988185630847,Medium
8627,15.574828,73.766883,15.594828,73.786883,Urban ,3.087792603686995,Short
8628,-25.443994,81.860187,25.473994,81.890187,Metropolitian ,5661.822857716854,Very Long
8629,25.449872,81.836167,25.579872,81.966167,Urban ,19.471605344058524,Long
8630,26.891191,75.802083,26.961191,75.872083,Urban ,10.42814859368776,Medium
8631,18.536562,73.896485,18.606562,73.966485,Urban ,10.724960763776876,Medium
8632,19.888716,75.321461,19.958716,75.391461,Urban ,10.68339357351711,Medium
8633,17.422819,78.449578,17.512819,78.539578,Urban ,13.830329612968612,Medium
8634,9.988483,76.295211,10.018483,76.325211,Urban ,4.681878121614791,Short
8635,30.346994,78.062543,30.476994,78.192543,Urban ,19.08841990900854,Long
8636,22.74806,75.8934,22.81806,75.9634,Urban ,10.587023705098678,Medium
8637,27.201725,78.007553,27.231725,78.037553,Urban ,4.464087375691772,Short
8638,19.22384,72.841347,19.35384,72.971347,Urban ,19.87743959766268,Long
8639,30.893244,75.821817,30.903244,75.831817,Metropolitian ,1.4652025098286778,Short
8640,12.326356,76.619103,12.386356,76.679103,Urban ,9.326561838120917,Medium
8641,11.001753,76.986241,11.111753,77.096241,Other,17.138077427627362,Long
8642,13.045479,80.23311,13.115479,80.30311,Urban ,10.865866087809966,Medium
8643,19.875337,75.316722,19.915337,75.356722,Metropolitian ,6.105310401829159,Medium
8644,11.025083,77.015393,11.035083,77.025393,Other,1.5580766213089028,Short
8645,30.366322,78.070453,30.496322,78.200453,Metropolitian ,19.086807413291602,Long
8646,26.766536,75.837333,26.816536,75.887333,Urban ,7.452607659561899,Medium
8647,12.914264,77.6784,12.984264,77.7484,Urban ,10.868667520702907,Medium
8648,12.316967,76.603067,12.326967,76.613067,Other,1.5545266759914365,Short
8649,27.16185,78.040165,27.29185,78.170165,Urban ,19.34359866677094,Long
8650,22.311603,73.165012,22.381603,73.235012,Other,10.602459395149559,Medium
8651,27.157772,78.04725,27.267772,78.15725,Urban ,16.368574783912262,Long
8652,23.232537,77.429845,23.342537,77.539845,Other,16.608214361065947,Long
8653,11.016298,76.972076,11.096298,77.052076,Urban ,12.46406630979387,Medium
8654,19.121999,72.908493,19.151999,72.938493,Other,4.589099458436046,Short
8655,25.457116,81.859682,25.467116,81.869682,Other,1.4981112859111918,Short
8656,22.308096,73.167753,22.348096,73.207753,Other,6.058919182290554,Medium
8657,22.552996,88.35231,22.632996,88.43231,Metropolitian ,12.107173561422911,Medium
8658,18.536562,73.896485,18.586562,73.946485,Other,7.660898979387943,Medium
8659,12.970221,77.645396,12.980221,77.655396,Other,1.552587981794941,Short
8660,26.905287,75.794592,26.955287,75.844592,Other,7.448557979574216,Medium
8661,19.879631,75.323403,19.919631,75.363403,Other,6.105232687155107,Medium
8662,23.359033,85.325347,23.439033,85.405347,Other,12.074063090453254,Medium
8663,22.311603,73.165012,22.441603,73.295012,Urban ,19.688324335751815,Long
8664,19.065838,72.832658,19.145838,72.912658,Urban ,12.238686345325087,Medium
8665,19.878028,75.317475,19.898028,75.337475,Metropolitian ,3.0527213573337035,Short
8666,30.340722,78.060221,30.380722,78.100221,Other,5.874676135350877,Medium
8667,26.88842,75.800689,26.94842,75.860689,Other,8.938685874464054,Medium
8668,-19.875337,75.316722,19.905337,75.346722,Metropolitian ,4423.410334200733,Very Long
8669,25.451646,81.832796,25.581646,81.962796,Other,19.471476176409524,Long
8670,12.321214,76.621094,12.401214,76.701094,Urban ,12.435302723482993,Medium
8671,22.722634,75.886959,22.782634,75.946959,Other,9.075521306663873,Medium
8672,17.433809,78.386744,17.543809,78.496744,Urban ,16.902806732498597,Long
8673,23.218998,77.373573,23.348998,77.503573,Metropolitian ,19.62812753544764,Long
8674,9.985697,76.281128,10.065697,76.361128,Urban ,12.484587017091465,Medium
8675,25.454697,81.834492,25.564697,81.944492,Urban ,16.476293389692692,Long
8676,30.893244,75.821817,31.023244,75.951817,Urban ,19.04256304289868,Long
8677,17.433809,78.386744,17.473809,78.426744,Other,6.147038743531219,Medium
8678,26.902328,75.794257,27.042328,75.934257,Semi-Urban ,20.85251350342755,Long
8679,21.175975,72.795503,21.255975,72.875503,Other,12.161417162420864,Medium
8680,23.266261,77.379605,23.286261,77.399605,Urban ,3.019792716210709,Short
8681,26.849596,75.800512,26.919596,75.870512,Other,10.429850454296858,Medium
8682,22.5491,88.400467,22.5891,88.440467,Urban ,6.054070281086299,Medium
8683,21.185047,72.80859,21.265047,72.88859,Other,12.161069532201594,Medium
8684,19.12663,72.829976,19.25663,72.959976,Other,19.88298786811295,Long
8685,22.538999,88.322337,22.628999,88.412337,Urban ,13.620979500078391,Medium
8686,12.949934,77.699386,12.959934,77.709386,Other,1.5526496306640611,Short
8687,22.75004,75.902847,22.78004,75.932847,Other,4.537571350180904,Short
8688,13.005801,80.250744,13.095801,80.340744,Urban ,13.971216616782916,Medium
8689,19.880256,75.323503,19.890256,75.333503,Urban ,1.5263732188915633,Short
8690,25.45235,81.841889,25.54235,81.931889,Urban ,13.481226399922276,Medium
8691,23.416792,85.316842,23.546792,85.446842,Urban ,19.614735355629445,Long
8692,19.055831,72.833984,19.075831,72.853984,Other,3.0600204990366,Short
8693,15.576683,73.75575,15.596683,73.77575,Metropolitian ,3.087779183156247,Short
8694,26.482581,80.315628,26.542581,80.375628,Urban ,8.952838725883222,Medium
8695,18.563934,73.915367,18.623935,73.975367,Other,9.19233320768987,Medium
8696,9.959778,76.296106,10.029778,76.366106,Urban ,10.924526055103462,Medium
8697,15.496162,73.825364,15.506162,73.835364,Metropolitian ,1.544198181024939,Short
8698,12.337928,76.617889,12.367928,76.647889,Urban ,4.663310851898982,Short
8699,30.362686,78.06889,30.372686,78.07889,Other,1.4686244307344405,Short
8700,22.760072,75.892574,22.810072,75.942574,Urban ,7.562108717550336,Medium
8701,18.543626,73.905101,18.623626,73.985101,Other,12.256687342592544,Medium
8702,10.96185,76.971082,11.04185,77.051082,Semi-Urban ,12.465199139447055,Medium
8703,30.342509,78.061187,30.412509,78.131187,Metropolitian ,10.279929645180621,Medium
8704,30.885814,75.786976,30.965814,75.866976,Urban ,11.720187303218784,Medium
8705,30.319528,78.040267,30.369528,78.090267,Other,7.343863858233228,Medium
8706,15.574828,73.766883,15.624828,73.816883,Metropolitian ,7.719209968291338,Medium
8707,9.966783,76.242981,9.976783,76.252981,Other,1.560700918562589,Short
8708,23.374989,85.335486,23.384989,85.345486,Other,1.509357191576567,Short
8709,30.372202,78.077151,30.502202,78.207151,Urban ,19.086316709451943,Long
8710,22.744648,75.894377,22.804648,75.954377,Other,9.074848936307943,Medium
8711,21.183434,72.814492,21.213434,72.844492,Semi-Urban ,4.560783589287882,Short
8712,26.90294,75.793007,27.04294,75.933007,Urban ,20.85246332426502,Long
8713,15.56155,73.749092,15.61155,73.799092,Metropolitian ,7.7194502342918225,Medium
8714,-26.49095,-80.318656,26.52095,80.348656,Metropolitian ,18093.179838049775,Very Long
8715,18.994237,72.825553,19.004237,72.835553,Other,1.5302997807726866,Short
8716,18.56245,73.916619,18.57245,73.926619,Other,1.5321547990761482,Short
8717,23.39925,85.390464,23.46925,85.460464,Other,10.563519849475368,Medium
8718,30.873988,75.842739,30.933988,75.902739,Semi-Urban ,8.79099099258771,Medium
8719,30.893081,75.821495,31.003081,75.931495,Urban ,16.113665369962735,Long
8720,9.982834,76.283268,10.072834,76.373268,Metropolitian ,14.045114628499029,Medium
8721,23.354422,85.3329,23.444422,85.4229,Urban ,13.583302501334563,Medium
8722,22.32,73.17,22.4,73.25,Urban ,12.116559162817445,Medium
8723,23.230791,77.43702,23.290791,77.49702,Other,9.05985928571233,Medium
8724,26.471617,80.313564,26.601617,80.443564,Metropolitian ,19.396008631753066,Long
8725,11.022477,76.995667,11.082477,77.055667,Other,9.348109676504196,Medium
8726,22.74806,75.8934,22.81806,75.9634,Other,10.587023705098678,Medium
8727,25.457116,81.859682,25.527116,81.929682,Other,10.485603735230445,Medium
8728,27.16185,78.040165,27.30185,78.180165,Urban ,20.831154126510466,Long
8729,26.921411,75.793604,27.011411,75.883604,Urban ,13.405500819757053,Medium
8730,23.232537,77.429845,23.292537,77.489845,Metropolitian ,9.059804963937486,Medium
8731,19.879631,75.323403,19.909631,75.353403,Urban ,4.578992412219994,Short
8732,26.49095,80.318656,26.58095,80.408656,Urban ,13.428041978466963,Medium
8733,23.234631,77.401663,23.244631,77.411663,Urban ,1.510086276286807,Short
8734,17.450851,78.379347,17.530851,78.459347,Other,12.292885177860569,Medium
8735,26.846156,75.8023,26.986156,75.9423,Other,20.857115324129346,Long
8736,26.921411,75.793604,26.991411,75.863604,Urban ,10.426910834184442,Medium
8737,12.337928,76.617889,12.377928,76.657889,Other,6.217689734999503,Medium
8738,19.879631,75.323403,19.939631,75.383403,Metropolitian ,9.157577302527878,Medium
8739,19.875337,75.316722,19.895337,75.336722,Urban ,3.052745696971154,Short
8740,11.001753,76.986241,11.041753,77.026241,Other,6.232393050016353,Medium
8741,11.008638,76.984311,11.088638,77.064311,Other,12.464226008964989,Medium
8742,23.333017,85.3172,23.463017,85.4472,Other,19.620419296539414,Long
8743,19.874733,75.353942,19.934733,75.413942,Urban ,9.157710329594508,Medium
8744,26.902908,75.792934,27.012908,75.902934,Other,16.385047886584985,Long
8745,9.957144,76.296783,10.007144,76.346783,Metropolitian ,7.803382235349419,Medium
8746,26.474133,80.3481,26.564133,80.4381,Semi-Urban ,13.428916734967288,Medium
8747,19.875908,75.358888,19.955908,75.438888,Metropolitian ,12.209875399061639,Medium
8748,27.159795,78.04299,27.209795,78.09299,Urban ,7.441086731738456,Medium
8749,25.453436,81.833167,25.533436,81.913167,Metropolitian ,11.983487832873326,Medium
8750,12.970221,77.645396,13.050221,77.725396,Other,12.41985066025304,Medium
8751,23.359033,85.325347,23.379033,85.345347,Other,3.018828463384802,Short
8752,19.131141,72.813074,19.17114,72.853074,Urban ,6.1184711806912695,Medium
8753,22.515082,88.36783,22.605082,88.45783,Urban ,13.6220673223932,Medium
8754,12.933298,77.614293,12.953298,77.634293,Other,3.1053698909093623,Short
8755,11.010375,76.95295,11.100375,77.04295,Urban ,14.022096082519495,Medium
8756,13.005801,80.250744,13.115801,80.360744,Other,17.075594401072465,Long
8757,18.593481,73.785901,18.673481,73.865901,Other,12.25498831107492,Medium
8758,23.353783,85.326967,23.393783,85.366967,Urban ,6.037557938329838,Medium
8759,30.340722,78.060221,30.410722,78.130221,Urban ,10.280009835771818,Medium
8760,12.906229,77.596791,12.956229,77.646791,Other,7.763607607839583,Medium
8761,22.53796,88.349843,22.66796,88.479843,Metropolitian ,19.673499764474364,Long
8762,19.875337,75.316722,19.885337,75.326722,Other,1.5263954607695946,Short
8763,22.577821,88.400581,22.637821,88.460581,Urban ,9.079930407559697,Medium
8764,-12.939496,77.625999,12.949496,77.635999,Metropolitian ,2878.7247774285693,Very Long
8765,17.45971,78.368855,17.52971,78.438855,Semi-Urban ,10.756165907453376,Medium
8766,18.536718,73.830327,18.546719,73.840328,Urban ,1.5324173514300854,Short
8767,19.874733,75.353942,20.004733,75.483942,Metropolitian ,19.8396423572851,Long
8768,22.722634,75.886959,22.762634,75.926959,Semi-Urban ,6.050551152463514,Medium
8769,21.173343,72.792731,21.223343,72.842731,Other,7.601308045983427,Medium
8770,23.232357,77.429989,23.282357,77.479989,Urban ,7.549971844716151,Medium
8771,21.186884,72.793616,21.256884,72.863616,Urban ,10.641042055468635,Medium
8772,15.498603,73.826911,15.588603,73.916911,Other,13.896406271445391,Medium
8773,23.369746,85.33982,23.449746,85.41982,Urban ,12.073616371381581,Medium
8774,11.02091,76.940432,11.10091,77.020432,Urban ,12.463970105024178,Medium
8775,27.161661,78.011544,27.191661,78.041544,Urban ,4.464795901126843,Short
8776,30.893384,75.821202,30.953384,75.881202,Other,8.790235466323594,Medium
8777,26.921411,75.793604,27.031411,75.903604,Urban ,16.383856071848488,Long
8778,19.875016,75.322405,19.985016,75.432405,Urban ,16.78787484525942,Long
8779,30.893384,75.821202,30.903384,75.831202,Urban ,1.4652016012558484,Short
8780,10.003064,76.307589,10.073064,76.377589,Urban ,10.92380841341895,Medium
8781,11.006686,76.951736,11.136686,77.081736,Other,20.253584375809584,Long
8782,12.970324,77.645748,13.030324,77.705748,Other,9.315069177421467,Medium
8783,15.574828,73.766883,15.624828,73.816883,Urban ,7.719209968291338,Medium
8784,23.233219,77.433571,23.263219,77.463571,Metropolitian ,4.530125284019496,Short
8785,12.972793,80.249982,12.992793,80.269982,Other,3.1051298892162484,Short
8786,30.890184,75.829615,30.920184,75.859615,Urban ,4.395472356874531,Short
8787,25.450317,81.831681,25.460317,81.841681,Urban ,1.4981492967821919,Short
8788,30.319528,78.040267,30.329528,78.050267,Urban ,1.4689008987056054,Short
8789,17.426228,78.407495,17.446228,78.427495,Other,3.0736606152902097,Short
8790,23.333017,85.3172,23.373017,85.3572,Semi-Urban ,6.037990253487364,Medium
8791,25.451517,81.832616,25.501517,81.882616,Urban ,7.490153546303769,Medium
8792,26.902908,75.792934,26.972908,75.862934,Other,10.427668815940937,Medium
8793,15.51315,73.78346,15.52315,73.79346,Urban ,1.54413700968358,Short
8794,25.457687,81.835585,25.527687,81.905585,Metropolitian ,10.4855813652327,Medium
8795,22.725835,75.887648,22.745835,75.907648,Other,3.0253447684077948,Short
8796,30.885814,75.786976,31.015814,75.916976,Urban ,19.04319070865833,Long
8797,23.234249,77.434007,23.344249,77.544007,Urban ,16.608116615080007,Long
8798,18.994237,72.825553,19.104237,72.935553,Other,16.830905551931515,Long
8799,27.158822,78.045359,27.168822,78.055359,Urban ,1.488340940946108,Short
8800,22.307898,73.167788,22.377898,73.237788,Other,10.602589325657606,Medium
8801,26.913726,75.75282,26.973726,75.812821,Other,8.937863682516067,Medium
8802,21.186608,72.794136,21.236608,72.844136,Other,7.60099056137637,Medium
8803,19.876994,75.372353,19.896994,75.392353,Urban ,3.0527307100356755,Short
8804,17.41233,78.449654,17.46233,78.499654,Urban ,7.684129284114851,Medium
8805,30.89286,75.822199,31.02286,75.952199,Urban ,19.042595484787466,Long
8806,18.516216,73.842527,18.586216,73.912527,Urban ,10.725566076622759,Medium
8807,-26.482581,80.315628,26.502581,80.335628,Metropolitian ,5891.6815912140155,Very Long
8808,18.56245,73.916619,18.64245,73.996619,Semi-Urban ,12.256046315965719,Medium
8809,15.51315,73.78346,15.60315,73.87346,Urban ,13.895933663210696,Medium
8810,12.939496,77.625999,12.969496,77.655999,Other,4.657952854119634,Short
8811,21.157735,72.768778,21.207735,72.818778,Other,7.601681384870109,Medium
8812,26.482581,80.315628,26.622581,80.455628,Urban ,20.886716298555353,Long
8813,18.539299,73.897902,18.649299,74.007902,Urban ,16.852444613264723,Long
8814,12.352058,76.60665,12.362058,76.61665,Other,1.5544249758899429,Short
8815,21.186438,72.794115,21.206438,72.814115,Other,3.0405415100024062,Short
8816,11.022477,76.995667,11.152477,77.125667,Other,20.253048125430862,Long
8817,19.22384,72.841347,19.31384,72.931347,Other,13.762097103298219,Medium
8818,11.024839,77.007003,11.074839,77.057003,Other,7.790125828454186,Medium
8819,22.53796,88.349843,22.58796,88.399843,Urban ,7.567742897860633,Medium
8820,-15.498603,73.826911,15.568603,73.896911,Metropolitian ,3454.524245276992,Very Long
8821,26.47775,80.351569,26.50775,80.381569,Urban ,4.476763082164227,Short
8822,15.574828,73.766883,15.644828,73.836883,Semi-Urban ,10.806640241071362,Medium
8823,9.982834,76.283268,10.002834,76.303268,Metropolitian ,3.121302445429854,Short
8824,19.055831,72.833984,19.165831,72.943984,Urban ,16.82795323853624,Long
8825,22.53796,88.349843,22.64796,88.459843,Urban ,16.64736472591708,Long
8826,19.879631,75.323403,19.969631,75.413403,Urban ,13.735754037290008,Medium
8827,10.020683,76.310631,10.070683,76.360631,Urban ,7.80262997788558,Medium
8828,26.911927,75.797282,27.051927,75.937282,Urban ,20.851726357533593,Long
8829,30.335259,78.053162,30.375259,78.093162,Other,5.874816158028355,Medium
8830,25.450329,81.834279,25.460329,81.844279,Metropolitian ,1.498149229702579,Short
8831,25.450377,81.834236,25.540377,81.924236,Metropolitian ,13.481325793104494,Medium
8832,30.372202,78.077151,30.412202,78.117151,Urban ,5.87386891181781,Medium
8833,22.311358,73.164798,22.391358,73.244798,Urban ,12.116905670047371,Medium
8834,12.326356,76.619103,12.346356,76.639103,Urban ,3.1089700084220624,Short
8835,12.325461,76.632278,12.405461,76.712278,Other,12.435204072231482,Medium
8836,26.849596,75.800512,26.989596,75.940512,Urban ,20.856833724898244,Long
8837,23.218998,77.373573,23.308998,77.463573,Urban ,13.58963865201264,Medium
8838,-15.157944,73.950889,15.217944,74.010889,Metropolitian ,3377.6510719904095,Very Long
8839,13.049645,80.242268,13.069645,80.262268,Other,3.1046608747204867,Short
8840,23.355164,85.324097,23.415164,85.384097,Urban ,9.05598111792485,Medium
8841,27.159795,78.04299,27.299795,78.18299,Urban ,20.831323891911687,Long
8842,30.890184,75.829615,30.940184,75.879615,Metropolitian ,7.325462534530789,Medium
8843,25.457116,81.859682,25.497116,81.899682,Urban ,5.9921094914080335,Medium
8844,12.3085,76.665808,12.4385,76.795808,Urban ,20.206901465513806,Long
8845,15.546594,73.760431,15.656594,73.870431,Urban ,16.982190294886905,Long
8846,30.892978,75.821847,30.972978,75.901847,Urban ,11.719815091956,Medium
8847,17.411028,78.329645,17.521028,78.439645,Other,16.903814838158304,Long
8848,26.913483,75.803139,26.993483,75.883139,Other,11.91660643888762,Medium
8849,30.885915,75.788259,30.905915,75.808259,Urban ,2.93043523723647,Short
8850,12.337928,76.617889,12.397928,76.677889,Other,9.32636025711815,Medium
8851,13.027018,80.254791,13.157018,80.384791,Urban ,20.179003858084783,Long
8852,30.88722,75.804893,30.99722,75.914893,Urban ,16.114084227697067,Long
8853,13.049645,80.242268,13.129645,80.322268,Urban ,12.41790772974657,Medium
8854,22.308096,73.167753,22.418096,73.277753,Urban ,16.660097204546695,Long
8855,22.553227,88.353273,22.563227,88.363273,Metropolitian ,1.5135725235920836,Short
8856,13.045479,80.23311,13.085479,80.27311,Urban ,6.209250269757536,Medium
8857,12.297954,76.665169,12.307954,76.675169,Urban ,1.5545816630915406,Short
8858,30.342509,78.061187,30.422509,78.141187,Other,11.748234358740095,Medium
8859,12.975377,77.696664,13.045377,77.766664,Other,10.86736612025195,Medium
8860,9.957144,76.296783,9.997144,76.336783,Urban ,6.242753027028999,Medium
8861,26.474133,80.3481,26.484133,80.3581,Urban ,1.4923329756049928,Short
8862,13.026279,80.174568,13.036279,80.184568,Other,1.5524171512663978,Short
8863,15.49395,73.827423,15.55395,73.887423,Metropolitian ,9.264696403914938,Medium
8864,30.902872,75.826808,30.982872,75.906808,Metropolitian ,11.71930094011628,Medium
8865,22.311844,73.165081,22.351844,73.205081,Urban ,6.058844117463415,Medium
8866,30.899992,75.831338,30.989992,75.921338,Urban ,13.184089319007638,Medium
8867,30.893384,75.821202,30.963384,75.891202,Urban ,10.255047254704055,Medium
8868,15.496162,73.825364,15.586162,73.915364,Urban ,13.896485534989692,Medium
8869,23.235123,77.398886,23.245123,77.408886,Metropolitian ,1.5100837271231295,Short
8870,17.438263,78.397865,17.498263,78.457865,Other,9.220209378255118,Medium
8871,30.873988,75.842739,30.893988,75.862739,Urban ,2.9305900150458157,Short
8872,26.471617,80.313564,26.531617,80.373564,Urban ,8.953218695316368,Medium
8873,19.003517,72.82765,19.023517,72.84765,Other,3.060475538708932,Short
8874,9.966783,76.242981,10.016783,76.292981,Urban ,7.803268415504882,Medium
8875,30.362686,78.06889,30.452686,78.15889,Urban ,13.215310129028902,Medium
8876,9.985497,76.276999,10.015497,76.306999,Metropolitian ,4.6818993083058436,Short
8877,11.001852,76.976268,11.021852,76.996268,Urban ,3.1162479956297124,Short
8878,-9.982834,76.283268,10.072834,76.373268,Metropolitian ,2230.1107566742453,Very Long
8879,25.457687,81.835585,25.487687,81.865585,Other,4.494156473630103,Short
8880,23.359407,85.325055,23.469407,85.435055,Urban ,16.600954249350806,Long
8881,26.911378,75.789034,26.961378,75.839034,Other,7.448379823536266,Medium
8882,22.514688,88.393294,22.594688,88.473294,Urban ,12.108722441981062,Medium
8883,30.893384,75.821202,30.953384,75.881202,Metropolitian ,8.790235466323594,Medium
8884,22.753659,75.903365,22.763659,75.913365,Urban ,1.5125562753620365,Short
8885,9.988483,76.295211,10.078483,76.385211,Urban ,14.044994047947483,Medium
8886,23.230791,77.43702,23.300791,77.50702,Metropolitian ,10.569654198587227,Medium
8887,19.221315,72.862381,19.291315,72.932381,Semi-Urban ,10.704238934519108,Medium
8888,19.876428,75.364792,19.906428,75.394792,Metropolitian ,4.579035880489491,Short
8889,22.5491,88.400467,22.6791,88.530467,Urban ,19.672766872020695,Long
8890,25.454648,81.834502,25.494648,81.874502,Urban ,5.992164712759857,Medium
8891,22.539129,88.365507,22.559129,88.385507,Metropolitian ,3.0272369309751475,Short
8892,-19.874733,75.353942,19.904733,75.383942,Metropolitian ,4423.276010769116,Very Long
8893,15.506205,73.766668,15.636205,73.896668,Metropolitian ,20.071289622813374,Long
8894,30.905562,75.832841,30.935562,75.862841,Metropolitian ,4.3951728553761775,Short
8895,19.875522,75.367127,19.965522,75.457127,Metropolitian ,13.735921550258755,Medium
8896,18.994049,72.825203,19.034049,72.865203,Urban ,6.120941769502634,Medium
8897,21.175104,72.804342,21.245104,72.874342,Urban ,10.64143695507064,Medium
8898,10.028047,76.310019,10.108047,76.390019,Urban ,12.48378221390165,Medium
8899,26.474133,80.3481,26.604133,80.4781,Urban ,19.395819534341044,Long
8900,19.878028,75.317475,19.958028,75.397475,Urban ,12.209798594600153,Medium
8901,18.516216,73.842527,18.576216,73.902527,Semi-Urban ,9.193469879776085,Medium
8902,30.362686,78.06889,30.412686,78.11889,Urban ,7.342480856060281,Medium
8903,27.160832,78.011608,27.300832,78.151608,Metropolitian ,20.831238225667683,Long
8904,-26.482581,80.315628,26.532581,80.365628,Metropolitian ,5895.019481630726,Very Long
8905,17.438263,78.397865,17.478263,78.437865,Semi-Urban ,6.146967151934406,Medium
8906,21.149569,72.772697,21.279569,72.902697,Other,19.762388480863397,Long
8907,17.438263,78.397865,17.568263,78.527865,Semi-Urban ,19.97528686238872,Long
8908,19.103249,72.846749,19.183249,72.926749,Other,12.237379473671204,Medium
8909,12.304569,76.643622,12.354569,76.693622,Urban ,7.772523200443598,Medium
8910,21.170798,72.790489,21.300798,72.920489,Semi-Urban ,19.761066328271667,Long
8911,23.218998,77.373573,23.348998,77.503573,Urban ,19.62812753544764,Long
8912,9.988483,76.295211,10.048483,76.355211,Urban ,9.363543018983114,Medium
8913,23.351489,85.324253,23.361489,85.334253,Other,1.509479521226578,Short
8914,30.361281,78.068022,30.401281,78.108022,Urban ,5.874149021568547,Medium
8915,22.577821,88.400581,22.627821,88.450581,Urban ,7.566735256301084,Medium
8916,11.001753,76.986241,11.091753,77.076241,Urban ,14.022298282478662,Medium
8917,22.308096,73.167753,22.398096,73.257753,Other,13.631440268080997,Medium
8918,17.431668,78.408321,17.561668,78.538321,Other,19.975632175541328,Long
8919,12.326356,76.619103,12.416356,76.709103,Semi-Urban ,13.989450296958541,Medium
8920,15.544419,73.755736,15.674419,73.885736,Urban ,20.069492072746456,Long
8921,21.170798,72.790489,21.240798,72.860489,Semi-Urban ,10.64158125662718,Medium
8922,13.044694,80.26147,13.094694,80.31147,Other,7.761498257466512,Medium
8923,30.335259,78.053162,30.475259,78.193162,Urban ,20.55736413547127,Long
8924,22.753659,75.903365,22.763659,75.913365,Other,1.5125562753620365,Short
8925,30.340722,78.060221,30.470722,78.190221,Urban ,19.08894300946947,Long
8926,19.875908,75.358888,19.895908,75.378888,Urban ,3.0527405326198296,Short
8927,12.297954,76.665169,12.317954,76.685169,Other,3.1091344143311437,Short
